2025-09-21 08:13:22.642 +06:00 [INF] Application Starting......
2025-09-21 08:13:24.853 +06:00 [INF] Start installing Hangfire SQL objects...
2025-09-21 08:13:25.780 +06:00 [INF] Hangfire SQL objects installed.
2025-09-21 08:13:26.307 +06:00 [INF] Starting Hangfire Server using job storage: 'SQL Server: DESKTOP-C1PAIKG\SQLEXPRESS01@UserManagementSystem'
2025-09-21 08:13:26.307 +06:00 [INF] Using the following options for SQL Server job storage: Queue poll interval: 00:00:00.
2025-09-21 08:13:26.307 +06:00 [INF] Using the following options for Hangfire Server:
    Worker count: 20
    Listening queues: 'default'
    Shutdown timeout: 00:00:15
    Schedule polling interval: 00:00:15
2025-09-21 08:13:26.332 +06:00 [DBG] Execution loop BackgroundServerProcess:601b8ca8 has started in 10.1532 ms
2025-09-21 08:13:26.533 +06:00 [INF] Server desktop-c1paikg:5816:03e0835e successfully announced in 197.4635 ms
2025-09-21 08:13:26.541 +06:00 [DBG] Execution loop ServerHeartbeatProcess:27f93322 has started in 7.1262 ms
2025-09-21 08:13:26.542 +06:00 [INF] Server desktop-c1paikg:5816:03e0835e is starting the registered dispatchers: ServerWatchdog, ServerJobCancellationWatcher, SqlServerHeartbeatProcess, ExpirationManager, CountersAggregator, Worker, DelayedJobScheduler, RecurringJobScheduler...
2025-09-21 08:13:26.548 +06:00 [DBG] Execution loop ServerWatchdog:3e1a1630 has started in 5.8611 ms
2025-09-21 08:13:26.554 +06:00 [DBG] Execution loop ServerJobCancellationWatcher:556a9443 has started in 5.2727 ms
2025-09-21 08:13:26.559 +06:00 [DBG] Execution loop SqlServerHeartbeatProcess:64bd731f has started in 9.7153 ms
2025-09-21 08:13:26.563 +06:00 [DBG] Execution loop ExpirationManager:e5b090df has started in 4.8393 ms
2025-09-21 08:13:26.570 +06:00 [DBG] Execution loop CountersAggregator:62e51b15 has started in 6.1369 ms
2025-09-21 08:13:26.570 +06:00 [DBG] Removing outdated records from the 'AggregatedCounter' table...
2025-09-21 08:13:26.570 +06:00 [DBG] Aggregating records in 'Counter' table...
2025-09-21 08:13:26.579 +06:00 [INF] 1 servers were removed due to timeout
2025-09-21 08:13:26.579 +06:00 [DBG] Execution loop Worker:5da5bff9 has started in 14.7592 ms
2025-09-21 08:13:26.594 +06:00 [DBG] Execution loop Worker:58567049 has started in 29.4213 ms
2025-09-21 08:13:26.600 +06:00 [DBG] Execution loop Worker:0c094143 has started in 35.026 ms
2025-09-21 08:13:26.628 +06:00 [DBG] Execution loop Worker:4c310957 has started in 63.6792 ms
2025-09-21 08:13:26.629 +06:00 [DBG] Execution loop Worker:ab053335 has started in 64.0604 ms
2025-09-21 08:13:26.636 +06:00 [DBG] Execution loop Worker:3cf96a7f has started in 71.8825 ms
2025-09-21 08:13:26.678 +06:00 [DBG] Execution loop Worker:a16849b5 has started in 113.1532 ms
2025-09-21 08:13:26.685 +06:00 [DBG] Execution loop Worker:88da31be has started in 120.8721 ms
2025-09-21 08:13:26.724 +06:00 [DBG] Execution loop Worker:c5ac0bcd has started in 159.6788 ms
2025-09-21 08:13:26.730 +06:00 [DBG] Removing outdated records from the 'Job' table...
2025-09-21 08:13:26.730 +06:00 [DBG] Execution loop Worker:d053e561 has started in 165.2288 ms
2025-09-21 08:13:26.736 +06:00 [DBG] Execution loop Worker:208fb616 has started in 171.0053 ms
2025-09-21 08:13:26.743 +06:00 [DBG] Removing outdated records from the 'List' table...
2025-09-21 08:13:26.758 +06:00 [DBG] Execution loop Worker:a21c8277 has started in 193.7415 ms
2025-09-21 08:13:26.759 +06:00 [DBG] Removing outdated records from the 'Set' table...
2025-09-21 08:13:26.772 +06:00 [DBG] Removing outdated records from the 'Hash' table...
2025-09-21 08:13:26.772 +06:00 [DBG] Execution loop Worker:3c183d72 has started in 207.5545 ms
2025-09-21 08:13:26.780 +06:00 [DBG] Execution loop Worker:31756437 has started in 215.0363 ms
2025-09-21 08:13:26.784 +06:00 [DBG] Execution loop Worker:e87d78ef has started in 219.8463 ms
2025-09-21 08:13:26.791 +06:00 [DBG] Execution loop Worker:0f3c4e04 has started in 226.2763 ms
2025-09-21 08:13:26.826 +06:00 [DBG] Execution loop Worker:e9267f1c has started in 261.9418 ms
2025-09-21 08:13:26.835 +06:00 [DBG] Execution loop Worker:5f93fd3e has started in 269.8574 ms
2025-09-21 08:13:26.840 +06:00 [DBG] Execution loop Worker:2fe351d2 has started in 275.6261 ms
2025-09-21 08:13:26.846 +06:00 [DBG] Execution loop Worker:9011c5fd has started in 281.8196 ms
2025-09-21 08:13:26.879 +06:00 [INF] Server desktop-c1paikg:5816:03e0835e all the dispatchers started
2025-09-21 08:13:26.879 +06:00 [DBG] Execution loop RecurringJobScheduler:b9b421c3 has started in 31.6575 ms
2025-09-21 08:13:26.879 +06:00 [DBG] Execution loop DelayedJobScheduler:600ca68a has started in 32.1437 ms
2025-09-21 08:13:56.709 +06:00 [DBG] Server desktop-c1paikg:5816:03e0835e heartbeat successfully sent
2025-09-21 08:14:26.721 +06:00 [DBG] Server desktop-c1paikg:5816:03e0835e heartbeat successfully sent
2025-09-21 08:14:56.735 +06:00 [DBG] Server desktop-c1paikg:5816:03e0835e heartbeat successfully sent
2025-09-21 08:15:26.754 +06:00 [DBG] Server desktop-c1paikg:5816:03e0835e heartbeat successfully sent
2025-09-21 08:15:56.768 +06:00 [DBG] Server desktop-c1paikg:5816:03e0835e heartbeat successfully sent
2025-09-21 08:16:26.776 +06:00 [DBG] Server desktop-c1paikg:5816:03e0835e heartbeat successfully sent
2025-09-21 08:16:56.813 +06:00 [DBG] Server desktop-c1paikg:5816:03e0835e heartbeat successfully sent
2025-09-21 08:17:26.832 +06:00 [DBG] Server desktop-c1paikg:5816:03e0835e heartbeat successfully sent
2025-09-21 08:17:56.850 +06:00 [DBG] Server desktop-c1paikg:5816:03e0835e heartbeat successfully sent
2025-09-21 08:18:26.804 +06:00 [DBG] Aggregating records in 'Counter' table...
2025-09-21 08:18:26.868 +06:00 [DBG] Server desktop-c1paikg:5816:03e0835e heartbeat successfully sent
2025-09-21 08:18:56.883 +06:00 [DBG] Server desktop-c1paikg:5816:03e0835e heartbeat successfully sent
2025-09-21 08:19:26.897 +06:00 [DBG] Server desktop-c1paikg:5816:03e0835e heartbeat successfully sent
2025-09-21 08:19:56.929 +06:00 [DBG] Server desktop-c1paikg:5816:03e0835e heartbeat successfully sent
2025-09-21 08:20:16.170 +06:00 [WRN] You do not have a valid license key for the Lucky Penny software MediatR. This is allowed for development and testing scenarios. If you are running in production you are required to have a licensed version. Please visit https://luckypennysoftware.com to obtain a valid license.
2025-09-21 08:20:17.334 +06:00 [INF] User logged in successfully
2025-09-21 08:20:26.946 +06:00 [DBG] Server desktop-c1paikg:5816:03e0835e heartbeat successfully sent
2025-09-21 08:20:56.969 +06:00 [DBG] Server desktop-c1paikg:5816:03e0835e heartbeat successfully sent
2025-09-21 08:21:26.980 +06:00 [DBG] Server desktop-c1paikg:5816:03e0835e heartbeat successfully sent
2025-09-21 08:21:56.996 +06:00 [DBG] Server desktop-c1paikg:5816:03e0835e heartbeat successfully sent
2025-09-21 08:22:27.016 +06:00 [DBG] Server desktop-c1paikg:5816:03e0835e heartbeat successfully sent
2025-09-21 08:22:57.059 +06:00 [DBG] Server desktop-c1paikg:5816:03e0835e heartbeat successfully sent
2025-09-21 08:23:26.916 +06:00 [DBG] Aggregating records in 'Counter' table...
2025-09-21 08:23:27.073 +06:00 [DBG] Server desktop-c1paikg:5816:03e0835e heartbeat successfully sent
2025-09-21 08:23:57.084 +06:00 [DBG] Server desktop-c1paikg:5816:03e0835e heartbeat successfully sent
2025-09-21 08:24:27.107 +06:00 [DBG] Server desktop-c1paikg:5816:03e0835e heartbeat successfully sent
2025-09-21 08:24:57.131 +06:00 [DBG] Server desktop-c1paikg:5816:03e0835e heartbeat successfully sent
2025-09-21 08:25:27.157 +06:00 [DBG] Server desktop-c1paikg:5816:03e0835e heartbeat successfully sent
2025-09-21 08:25:57.181 +06:00 [DBG] Server desktop-c1paikg:5816:03e0835e heartbeat successfully sent
2025-09-21 08:26:27.198 +06:00 [DBG] Server desktop-c1paikg:5816:03e0835e heartbeat successfully sent
2025-09-21 08:26:57.210 +06:00 [DBG] Server desktop-c1paikg:5816:03e0835e heartbeat successfully sent
2025-09-21 08:27:27.228 +06:00 [DBG] Server desktop-c1paikg:5816:03e0835e heartbeat successfully sent
2025-09-21 08:27:57.243 +06:00 [DBG] Server desktop-c1paikg:5816:03e0835e heartbeat successfully sent
2025-09-21 08:28:27.016 +06:00 [DBG] Aggregating records in 'Counter' table...
2025-09-21 08:28:27.253 +06:00 [DBG] Server desktop-c1paikg:5816:03e0835e heartbeat successfully sent
2025-09-21 08:28:57.266 +06:00 [DBG] Server desktop-c1paikg:5816:03e0835e heartbeat successfully sent
2025-09-21 08:29:27.294 +06:00 [DBG] Server desktop-c1paikg:5816:03e0835e heartbeat successfully sent
2025-09-21 08:29:57.314 +06:00 [DBG] Server desktop-c1paikg:5816:03e0835e heartbeat successfully sent
2025-09-21 08:30:27.330 +06:00 [DBG] Server desktop-c1paikg:5816:03e0835e heartbeat successfully sent
2025-09-21 08:30:57.369 +06:00 [DBG] Server desktop-c1paikg:5816:03e0835e heartbeat successfully sent
2025-09-21 08:31:27.389 +06:00 [DBG] Server desktop-c1paikg:5816:03e0835e heartbeat successfully sent
2025-09-21 08:31:57.411 +06:00 [DBG] Server desktop-c1paikg:5816:03e0835e heartbeat successfully sent
2025-09-21 08:32:27.435 +06:00 [DBG] Server desktop-c1paikg:5816:03e0835e heartbeat successfully sent
2025-09-21 08:32:57.466 +06:00 [DBG] Server desktop-c1paikg:5816:03e0835e heartbeat successfully sent
2025-09-21 08:33:27.109 +06:00 [DBG] Aggregating records in 'Counter' table...
2025-09-21 08:33:27.487 +06:00 [DBG] Server desktop-c1paikg:5816:03e0835e heartbeat successfully sent
2025-09-21 08:33:57.512 +06:00 [DBG] Server desktop-c1paikg:5816:03e0835e heartbeat successfully sent
2025-09-21 08:34:27.529 +06:00 [DBG] Server desktop-c1paikg:5816:03e0835e heartbeat successfully sent
2025-09-21 08:34:57.545 +06:00 [DBG] Server desktop-c1paikg:5816:03e0835e heartbeat successfully sent
2025-09-21 08:35:27.567 +06:00 [DBG] Server desktop-c1paikg:5816:03e0835e heartbeat successfully sent
2025-09-21 08:35:57.597 +06:00 [DBG] Server desktop-c1paikg:5816:03e0835e heartbeat successfully sent
2025-09-21 08:36:27.613 +06:00 [DBG] Server desktop-c1paikg:5816:03e0835e heartbeat successfully sent
2025-09-21 08:36:57.629 +06:00 [DBG] Server desktop-c1paikg:5816:03e0835e heartbeat successfully sent
2025-09-21 08:37:27.648 +06:00 [DBG] Server desktop-c1paikg:5816:03e0835e heartbeat successfully sent
2025-09-21 08:37:57.672 +06:00 [DBG] Server desktop-c1paikg:5816:03e0835e heartbeat successfully sent
2025-09-21 08:38:27.157 +06:00 [DBG] Aggregating records in 'Counter' table...
2025-09-21 08:38:27.695 +06:00 [DBG] Server desktop-c1paikg:5816:03e0835e heartbeat successfully sent
2025-09-21 08:38:57.724 +06:00 [DBG] Server desktop-c1paikg:5816:03e0835e heartbeat successfully sent
2025-09-21 08:39:27.747 +06:00 [DBG] Server desktop-c1paikg:5816:03e0835e heartbeat successfully sent
2025-09-21 08:39:57.766 +06:00 [DBG] Server desktop-c1paikg:5816:03e0835e heartbeat successfully sent
2025-09-21 08:40:27.787 +06:00 [DBG] Server desktop-c1paikg:5816:03e0835e heartbeat successfully sent
2025-09-21 08:40:58.035 +06:00 [DBG] Server desktop-c1paikg:5816:03e0835e heartbeat successfully sent
2025-09-21 08:41:28.050 +06:00 [DBG] Server desktop-c1paikg:5816:03e0835e heartbeat successfully sent
2025-09-21 08:41:58.073 +06:00 [DBG] Server desktop-c1paikg:5816:03e0835e heartbeat successfully sent
2025-09-21 08:42:28.083 +06:00 [DBG] Server desktop-c1paikg:5816:03e0835e heartbeat successfully sent
2025-09-21 08:42:58.104 +06:00 [DBG] Server desktop-c1paikg:5816:03e0835e heartbeat successfully sent
2025-09-21 08:43:26.824 +06:00 [DBG] Removing outdated records from the 'AggregatedCounter' table...
2025-09-21 08:43:26.830 +06:00 [DBG] Removing outdated records from the 'Job' table...
2025-09-21 08:43:26.838 +06:00 [DBG] Removing outdated records from the 'List' table...
2025-09-21 08:43:26.843 +06:00 [DBG] Removing outdated records from the 'Set' table...
2025-09-21 08:43:26.846 +06:00 [DBG] Removing outdated records from the 'Hash' table...
2025-09-21 08:43:27.215 +06:00 [DBG] Aggregating records in 'Counter' table...
2025-09-21 08:43:28.119 +06:00 [DBG] Server desktop-c1paikg:5816:03e0835e heartbeat successfully sent
2025-09-21 08:43:58.140 +06:00 [DBG] Server desktop-c1paikg:5816:03e0835e heartbeat successfully sent
2025-09-21 08:44:28.154 +06:00 [DBG] Server desktop-c1paikg:5816:03e0835e heartbeat successfully sent
2025-09-21 08:44:58.165 +06:00 [DBG] Server desktop-c1paikg:5816:03e0835e heartbeat successfully sent
2025-09-21 08:45:28.171 +06:00 [DBG] Server desktop-c1paikg:5816:03e0835e heartbeat successfully sent
2025-09-21 08:45:58.182 +06:00 [DBG] Server desktop-c1paikg:5816:03e0835e heartbeat successfully sent
2025-09-21 08:46:29.983 +06:00 [DBG] Server desktop-c1paikg:5816:03e0835e heartbeat successfully sent
2025-09-21 08:46:59.997 +06:00 [DBG] Server desktop-c1paikg:5816:03e0835e heartbeat successfully sent
2025-09-21 08:47:30.021 +06:00 [DBG] Server desktop-c1paikg:5816:03e0835e heartbeat successfully sent
2025-09-21 08:48:00.037 +06:00 [DBG] Server desktop-c1paikg:5816:03e0835e heartbeat successfully sent
2025-09-21 08:48:27.268 +06:00 [DBG] Aggregating records in 'Counter' table...
2025-09-21 08:48:30.065 +06:00 [DBG] Server desktop-c1paikg:5816:03e0835e heartbeat successfully sent
2025-09-21 08:49:00.075 +06:00 [DBG] Server desktop-c1paikg:5816:03e0835e heartbeat successfully sent
2025-09-21 08:49:30.095 +06:00 [DBG] Server desktop-c1paikg:5816:03e0835e heartbeat successfully sent
2025-09-21 08:50:00.109 +06:00 [DBG] Server desktop-c1paikg:5816:03e0835e heartbeat successfully sent
2025-09-21 08:50:30.124 +06:00 [DBG] Server desktop-c1paikg:5816:03e0835e heartbeat successfully sent
2025-09-21 08:51:00.140 +06:00 [DBG] Server desktop-c1paikg:5816:03e0835e heartbeat successfully sent
2025-09-21 08:51:30.164 +06:00 [DBG] Server desktop-c1paikg:5816:03e0835e heartbeat successfully sent
2025-09-21 08:52:00.187 +06:00 [DBG] Server desktop-c1paikg:5816:03e0835e heartbeat successfully sent
2025-09-21 08:52:30.206 +06:00 [DBG] Server desktop-c1paikg:5816:03e0835e heartbeat successfully sent
2025-09-21 08:53:00.219 +06:00 [DBG] Server desktop-c1paikg:5816:03e0835e heartbeat successfully sent
2025-09-21 08:53:27.353 +06:00 [DBG] Aggregating records in 'Counter' table...
2025-09-21 08:53:30.244 +06:00 [DBG] Server desktop-c1paikg:5816:03e0835e heartbeat successfully sent
2025-09-21 08:54:00.263 +06:00 [DBG] Server desktop-c1paikg:5816:03e0835e heartbeat successfully sent
2025-09-21 08:54:30.278 +06:00 [DBG] Server desktop-c1paikg:5816:03e0835e heartbeat successfully sent
2025-09-21 08:55:00.293 +06:00 [DBG] Server desktop-c1paikg:5816:03e0835e heartbeat successfully sent
2025-09-21 08:55:30.312 +06:00 [DBG] Server desktop-c1paikg:5816:03e0835e heartbeat successfully sent
2025-09-21 08:56:00.326 +06:00 [DBG] Server desktop-c1paikg:5816:03e0835e heartbeat successfully sent
2025-09-21 08:56:30.350 +06:00 [DBG] Server desktop-c1paikg:5816:03e0835e heartbeat successfully sent
2025-09-21 08:56:49.562 +06:00 [INF] User logged in successfully
2025-09-21 08:57:00.376 +06:00 [DBG] Server desktop-c1paikg:5816:03e0835e heartbeat successfully sent
2025-09-21 08:57:30.390 +06:00 [DBG] Server desktop-c1paikg:5816:03e0835e heartbeat successfully sent
2025-09-21 08:58:00.421 +06:00 [DBG] Server desktop-c1paikg:5816:03e0835e heartbeat successfully sent
2025-09-21 08:58:27.473 +06:00 [DBG] Aggregating records in 'Counter' table...
2025-09-21 08:58:30.442 +06:00 [DBG] Server desktop-c1paikg:5816:03e0835e heartbeat successfully sent
2025-09-21 08:59:00.463 +06:00 [DBG] Server desktop-c1paikg:5816:03e0835e heartbeat successfully sent
2025-09-21 08:59:30.478 +06:00 [DBG] Server desktop-c1paikg:5816:03e0835e heartbeat successfully sent
2025-09-21 09:00:00.497 +06:00 [DBG] Server desktop-c1paikg:5816:03e0835e heartbeat successfully sent
2025-09-21 09:00:30.509 +06:00 [DBG] Server desktop-c1paikg:5816:03e0835e heartbeat successfully sent
2025-09-21 09:01:00.531 +06:00 [DBG] Server desktop-c1paikg:5816:03e0835e heartbeat successfully sent
2025-09-21 09:01:30.544 +06:00 [DBG] Server desktop-c1paikg:5816:03e0835e heartbeat successfully sent
2025-09-21 09:02:00.555 +06:00 [DBG] Server desktop-c1paikg:5816:03e0835e heartbeat successfully sent
2025-09-21 09:02:30.562 +06:00 [DBG] Server desktop-c1paikg:5816:03e0835e heartbeat successfully sent
2025-09-21 09:03:00.573 +06:00 [DBG] Server desktop-c1paikg:5816:03e0835e heartbeat successfully sent
2025-09-21 09:03:27.556 +06:00 [DBG] Aggregating records in 'Counter' table...
2025-09-21 09:03:30.584 +06:00 [DBG] Server desktop-c1paikg:5816:03e0835e heartbeat successfully sent
2025-09-21 09:04:00.604 +06:00 [DBG] Server desktop-c1paikg:5816:03e0835e heartbeat successfully sent
2025-09-21 09:04:30.632 +06:00 [DBG] Server desktop-c1paikg:5816:03e0835e heartbeat successfully sent
2025-09-21 09:05:00.648 +06:00 [DBG] Server desktop-c1paikg:5816:03e0835e heartbeat successfully sent
2025-09-21 09:05:30.671 +06:00 [DBG] Server desktop-c1paikg:5816:03e0835e heartbeat successfully sent
2025-09-21 09:06:00.712 +06:00 [DBG] Server desktop-c1paikg:5816:03e0835e heartbeat successfully sent
2025-09-21 09:06:30.724 +06:00 [DBG] Server desktop-c1paikg:5816:03e0835e heartbeat successfully sent
2025-09-21 09:07:00.745 +06:00 [DBG] Server desktop-c1paikg:5816:03e0835e heartbeat successfully sent
2025-09-21 09:07:30.780 +06:00 [DBG] Server desktop-c1paikg:5816:03e0835e heartbeat successfully sent
2025-09-21 09:08:00.799 +06:00 [DBG] Server desktop-c1paikg:5816:03e0835e heartbeat successfully sent
2025-09-21 09:08:27.697 +06:00 [DBG] Aggregating records in 'Counter' table...
2025-09-21 09:08:30.829 +06:00 [DBG] Server desktop-c1paikg:5816:03e0835e heartbeat successfully sent
2025-09-21 09:09:00.844 +06:00 [DBG] Server desktop-c1paikg:5816:03e0835e heartbeat successfully sent
2025-09-21 09:09:30.873 +06:00 [DBG] Server desktop-c1paikg:5816:03e0835e heartbeat successfully sent
2025-09-21 09:10:00.886 +06:00 [DBG] Server desktop-c1paikg:5816:03e0835e heartbeat successfully sent
2025-09-21 09:10:30.903 +06:00 [DBG] Server desktop-c1paikg:5816:03e0835e heartbeat successfully sent
2025-09-21 09:11:00.937 +06:00 [DBG] Server desktop-c1paikg:5816:03e0835e heartbeat successfully sent
2025-09-21 09:11:30.949 +06:00 [DBG] Server desktop-c1paikg:5816:03e0835e heartbeat successfully sent
2025-09-21 09:12:00.958 +06:00 [DBG] Server desktop-c1paikg:5816:03e0835e heartbeat successfully sent
2025-09-21 09:12:30.972 +06:00 [DBG] Server desktop-c1paikg:5816:03e0835e heartbeat successfully sent
2025-09-21 09:13:00.979 +06:00 [DBG] Server desktop-c1paikg:5816:03e0835e heartbeat successfully sent
2025-09-21 09:13:27.252 +06:00 [DBG] Removing outdated records from the 'AggregatedCounter' table...
2025-09-21 09:13:27.259 +06:00 [DBG] Removing outdated records from the 'Job' table...
2025-09-21 09:13:27.265 +06:00 [DBG] Removing outdated records from the 'List' table...
2025-09-21 09:13:27.269 +06:00 [DBG] Removing outdated records from the 'Set' table...
2025-09-21 09:13:27.271 +06:00 [DBG] Removing outdated records from the 'Hash' table...
2025-09-21 09:13:27.813 +06:00 [DBG] Aggregating records in 'Counter' table...
2025-09-21 09:13:30.999 +06:00 [DBG] Server desktop-c1paikg:5816:03e0835e heartbeat successfully sent
2025-09-21 09:14:01.045 +06:00 [DBG] Server desktop-c1paikg:5816:03e0835e heartbeat successfully sent
2025-09-21 09:14:31.065 +06:00 [DBG] Server desktop-c1paikg:5816:03e0835e heartbeat successfully sent
2025-09-21 09:15:01.080 +06:00 [DBG] Server desktop-c1paikg:5816:03e0835e heartbeat successfully sent
2025-09-21 09:15:31.101 +06:00 [DBG] Server desktop-c1paikg:5816:03e0835e heartbeat successfully sent
2025-09-21 09:16:01.115 +06:00 [DBG] Server desktop-c1paikg:5816:03e0835e heartbeat successfully sent
2025-09-21 09:16:31.135 +06:00 [DBG] Server desktop-c1paikg:5816:03e0835e heartbeat successfully sent
2025-09-21 09:17:01.158 +06:00 [DBG] Server desktop-c1paikg:5816:03e0835e heartbeat successfully sent
2025-09-21 09:17:31.174 +06:00 [DBG] Server desktop-c1paikg:5816:03e0835e heartbeat successfully sent
2025-09-21 09:18:01.202 +06:00 [DBG] Server desktop-c1paikg:5816:03e0835e heartbeat successfully sent
2025-09-21 09:18:27.938 +06:00 [DBG] Aggregating records in 'Counter' table...
2025-09-21 09:18:31.216 +06:00 [DBG] Server desktop-c1paikg:5816:03e0835e heartbeat successfully sent
2025-09-21 09:19:01.232 +06:00 [DBG] Server desktop-c1paikg:5816:03e0835e heartbeat successfully sent
2025-09-21 09:19:31.250 +06:00 [DBG] Server desktop-c1paikg:5816:03e0835e heartbeat successfully sent
2025-09-21 09:20:01.277 +06:00 [DBG] Server desktop-c1paikg:5816:03e0835e heartbeat successfully sent
2025-09-21 09:20:31.299 +06:00 [DBG] Server desktop-c1paikg:5816:03e0835e heartbeat successfully sent
2025-09-21 09:21:01.324 +06:00 [DBG] Server desktop-c1paikg:5816:03e0835e heartbeat successfully sent
2025-09-21 09:21:31.353 +06:00 [DBG] Server desktop-c1paikg:5816:03e0835e heartbeat successfully sent
2025-09-21 09:22:01.370 +06:00 [DBG] Server desktop-c1paikg:5816:03e0835e heartbeat successfully sent
2025-09-21 09:22:31.388 +06:00 [DBG] Server desktop-c1paikg:5816:03e0835e heartbeat successfully sent
2025-09-21 09:23:01.407 +06:00 [DBG] Server desktop-c1paikg:5816:03e0835e heartbeat successfully sent
2025-09-21 09:23:28.072 +06:00 [DBG] Aggregating records in 'Counter' table...
2025-09-21 09:23:31.436 +06:00 [DBG] Server desktop-c1paikg:5816:03e0835e heartbeat successfully sent
2025-09-21 09:24:01.440 +06:00 [DBG] Server desktop-c1paikg:5816:03e0835e heartbeat successfully sent
2025-09-21 09:24:31.464 +06:00 [DBG] Server desktop-c1paikg:5816:03e0835e heartbeat successfully sent
2025-09-21 09:25:01.471 +06:00 [DBG] Server desktop-c1paikg:5816:03e0835e heartbeat successfully sent
2025-09-21 09:25:31.492 +06:00 [DBG] Server desktop-c1paikg:5816:03e0835e heartbeat successfully sent
2025-09-21 09:26:01.503 +06:00 [DBG] Server desktop-c1paikg:5816:03e0835e heartbeat successfully sent
2025-09-21 09:26:31.529 +06:00 [DBG] Server desktop-c1paikg:5816:03e0835e heartbeat successfully sent
2025-09-21 09:27:01.562 +06:00 [DBG] Server desktop-c1paikg:5816:03e0835e heartbeat successfully sent
2025-09-21 09:27:31.576 +06:00 [DBG] Server desktop-c1paikg:5816:03e0835e heartbeat successfully sent
2025-09-21 09:28:01.597 +06:00 [DBG] Server desktop-c1paikg:5816:03e0835e heartbeat successfully sent
2025-09-21 09:28:28.213 +06:00 [DBG] Aggregating records in 'Counter' table...
2025-09-21 09:28:31.608 +06:00 [DBG] Server desktop-c1paikg:5816:03e0835e heartbeat successfully sent
2025-09-21 09:29:01.622 +06:00 [DBG] Server desktop-c1paikg:5816:03e0835e heartbeat successfully sent
2025-09-21 09:29:31.647 +06:00 [DBG] Server desktop-c1paikg:5816:03e0835e heartbeat successfully sent
2025-09-21 09:30:01.670 +06:00 [DBG] Server desktop-c1paikg:5816:03e0835e heartbeat successfully sent
2025-09-21 09:30:31.689 +06:00 [DBG] Server desktop-c1paikg:5816:03e0835e heartbeat successfully sent
2025-09-21 09:30:53.784 +06:00 [INF] User logged in successfully
2025-09-21 09:31:01.721 +06:00 [DBG] Server desktop-c1paikg:5816:03e0835e heartbeat successfully sent
2025-09-21 09:31:31.735 +06:00 [DBG] Server desktop-c1paikg:5816:03e0835e heartbeat successfully sent
2025-09-21 09:32:01.749 +06:00 [DBG] Server desktop-c1paikg:5816:03e0835e heartbeat successfully sent
2025-09-21 09:32:31.762 +06:00 [DBG] Server desktop-c1paikg:5816:03e0835e heartbeat successfully sent
2025-09-21 09:33:01.772 +06:00 [DBG] Server desktop-c1paikg:5816:03e0835e heartbeat successfully sent
2025-09-21 09:33:28.313 +06:00 [DBG] Aggregating records in 'Counter' table...
2025-09-21 09:33:31.792 +06:00 [DBG] Server desktop-c1paikg:5816:03e0835e heartbeat successfully sent
2025-09-21 09:34:01.834 +06:00 [DBG] Server desktop-c1paikg:5816:03e0835e heartbeat successfully sent
2025-09-21 09:34:31.843 +06:00 [DBG] Server desktop-c1paikg:5816:03e0835e heartbeat successfully sent
2025-09-21 09:35:01.869 +06:00 [DBG] Server desktop-c1paikg:5816:03e0835e heartbeat successfully sent
2025-09-21 09:35:31.894 +06:00 [DBG] Server desktop-c1paikg:5816:03e0835e heartbeat successfully sent
2025-09-21 09:36:01.905 +06:00 [DBG] Server desktop-c1paikg:5816:03e0835e heartbeat successfully sent
2025-09-21 09:36:31.922 +06:00 [DBG] Server desktop-c1paikg:5816:03e0835e heartbeat successfully sent
2025-09-21 09:37:01.940 +06:00 [DBG] Server desktop-c1paikg:5816:03e0835e heartbeat successfully sent
2025-09-21 09:37:31.965 +06:00 [DBG] Server desktop-c1paikg:5816:03e0835e heartbeat successfully sent
2025-09-21 09:38:01.983 +06:00 [DBG] Server desktop-c1paikg:5816:03e0835e heartbeat successfully sent
2025-09-21 09:38:28.414 +06:00 [DBG] Aggregating records in 'Counter' table...
2025-09-21 09:38:31.997 +06:00 [DBG] Server desktop-c1paikg:5816:03e0835e heartbeat successfully sent
2025-09-21 09:39:02.018 +06:00 [DBG] Server desktop-c1paikg:5816:03e0835e heartbeat successfully sent
2025-09-21 09:39:32.046 +06:00 [DBG] Server desktop-c1paikg:5816:03e0835e heartbeat successfully sent
2025-09-21 09:40:02.065 +06:00 [DBG] Server desktop-c1paikg:5816:03e0835e heartbeat successfully sent
2025-09-21 09:40:32.093 +06:00 [DBG] Server desktop-c1paikg:5816:03e0835e heartbeat successfully sent
2025-09-21 09:41:02.112 +06:00 [DBG] Server desktop-c1paikg:5816:03e0835e heartbeat successfully sent
2025-09-21 09:41:32.132 +06:00 [DBG] Server desktop-c1paikg:5816:03e0835e heartbeat successfully sent
2025-09-21 09:42:02.151 +06:00 [DBG] Server desktop-c1paikg:5816:03e0835e heartbeat successfully sent
2025-09-21 09:42:32.169 +06:00 [DBG] Server desktop-c1paikg:5816:03e0835e heartbeat successfully sent
2025-09-21 09:43:02.185 +06:00 [DBG] Server desktop-c1paikg:5816:03e0835e heartbeat successfully sent
2025-09-21 09:43:27.811 +06:00 [DBG] Removing outdated records from the 'AggregatedCounter' table...
2025-09-21 09:43:27.814 +06:00 [DBG] Removing outdated records from the 'Job' table...
2025-09-21 09:43:27.819 +06:00 [DBG] Removing outdated records from the 'List' table...
2025-09-21 09:43:27.821 +06:00 [DBG] Removing outdated records from the 'Set' table...
2025-09-21 09:43:27.823 +06:00 [DBG] Removing outdated records from the 'Hash' table...
2025-09-21 09:43:28.522 +06:00 [DBG] Aggregating records in 'Counter' table...
2025-09-21 09:43:32.192 +06:00 [DBG] Server desktop-c1paikg:5816:03e0835e heartbeat successfully sent
2025-09-21 09:44:02.209 +06:00 [DBG] Server desktop-c1paikg:5816:03e0835e heartbeat successfully sent
2025-09-21 09:44:32.219 +06:00 [DBG] Server desktop-c1paikg:5816:03e0835e heartbeat successfully sent
2025-09-21 09:45:02.241 +06:00 [DBG] Server desktop-c1paikg:5816:03e0835e heartbeat successfully sent
2025-09-21 09:45:32.262 +06:00 [DBG] Server desktop-c1paikg:5816:03e0835e heartbeat successfully sent
2025-09-21 09:46:02.281 +06:00 [DBG] Server desktop-c1paikg:5816:03e0835e heartbeat successfully sent
2025-09-21 09:46:32.316 +06:00 [DBG] Server desktop-c1paikg:5816:03e0835e heartbeat successfully sent
2025-09-21 09:47:02.326 +06:00 [DBG] Server desktop-c1paikg:5816:03e0835e heartbeat successfully sent
2025-09-21 09:47:32.344 +06:00 [DBG] Server desktop-c1paikg:5816:03e0835e heartbeat successfully sent
2025-09-21 09:48:02.356 +06:00 [DBG] Server desktop-c1paikg:5816:03e0835e heartbeat successfully sent
2025-09-21 09:48:28.641 +06:00 [DBG] Aggregating records in 'Counter' table...
2025-09-21 09:48:32.384 +06:00 [DBG] Server desktop-c1paikg:5816:03e0835e heartbeat successfully sent
2025-09-21 09:49:02.402 +06:00 [DBG] Server desktop-c1paikg:5816:03e0835e heartbeat successfully sent
2025-09-21 09:49:32.420 +06:00 [DBG] Server desktop-c1paikg:5816:03e0835e heartbeat successfully sent
2025-09-21 09:50:02.432 +06:00 [DBG] Server desktop-c1paikg:5816:03e0835e heartbeat successfully sent
2025-09-21 09:50:29.613 +06:00 [ERR] There was a problem in getting customers
Microsoft.Data.SqlClient.SqlException (0x80131904): Invalid length parameter passed to the RIGHT function.
   at Microsoft.Data.SqlClient.SqlCommand.<>c.<ExecuteDbDataReaderAsync>b__195_0(Task`1 result)
   at System.Threading.Tasks.ContinuationResultTaskFromResultTask`2.InnerInvoke()
   at System.Threading.ExecutionContext.RunInternal(ExecutionContext executionContext, ContextCallback callback, Object state)
--- End of stack trace from previous location ---
   at System.Threading.ExecutionContext.RunInternal(ExecutionContext executionContext, ContextCallback callback, Object state)
   at System.Threading.Tasks.Task.ExecuteWithThreadLocal(Task& currentTaskSlot, Thread threadPoolThread)
--- End of stack trace from previous location ---
   at UserManagementSystem.Infrastructure.Utilities.SqlUtility.ExecuteQueryAsync[TReturn](DbCommand command) in D:\.NetProjectJob\CRUD User\User-Management-System\src\UserManagementSystem\UserManagementSystem.Infrastructure\Utilities\SqlUtility.cs:line 236
   at UserManagementSystem.Infrastructure.Utilities.SqlUtility.QueryWithStoredProcedureAsync[TReturn](String storedProcedureName, IDictionary`2 parameters, IDictionary`2 outParameters) in D:\.NetProjectJob\CRUD User\User-Management-System\src\UserManagementSystem\UserManagementSystem.Infrastructure\Utilities\SqlUtility.cs:line 99
   at UserManagementSystem.Infrastructure.Utilities.SqlUtility.QueryWithStoredProcedureAsync[TReturn](String storedProcedureName, IDictionary`2 parameters, IDictionary`2 outParameters) in D:\.NetProjectJob\CRUD User\User-Management-System\src\UserManagementSystem\UserManagementSystem.Infrastructure\Utilities\SqlUtility.cs:line 105
   at UserManagementSystem.Infrastructure.UnitOfWork.GetUsersSP(Int32 pageIndex, Int32 pageSize, String order, UserSearchDto request) in D:\.NetProjectJob\CRUD User\User-Management-System\src\UserManagementSystem\UserManagementSystem.Infrastructure\UnitOfWork.cs:line 45
   at UserManagementSystem.Application.Features.Users.Queries.GetUserAndSearchQueryHandler.Handle(GetUserAndSearchQuery request, CancellationToken cancellationToken) in D:\.NetProjectJob\CRUD User\User-Management-System\src\UserManagementSystem\UserManagementSystem.Application\Features\Users\Queries\GetUserAndSearchQueryHandler.cs:line 26
   at UserManagementSystem.Api.Controllers.UsersController.GetUsersData(GetUserAndSearchQuery model) in D:\.NetProjectJob\CRUD User\User-Management-System\src\UserManagementSystem\UserManagementSystem.Api\Controllers\UsersController.cs:line 94
ClientConnectionId:ea978898-982e-453c-a14b-27382d83f77c
Error Number:536,State:4,Class:16
2025-09-21 09:50:29.684 +06:00 [ERR] An unhandled exception has occurred while executing the request.
System.NotSupportedException: Serialization and deserialization of 'System.Reflection.MethodBase' instances is not supported. Path: $.TargetSite.
 ---> System.NotSupportedException: Serialization and deserialization of 'System.Reflection.MethodBase' instances is not supported.
   at System.Text.Json.Serialization.Converters.UnsupportedTypeConverter`1.Write(Utf8JsonWriter writer, T value, JsonSerializerOptions options)
   at System.Text.Json.Serialization.JsonConverter`1.TryWrite(Utf8JsonWriter writer, T& value, JsonSerializerOptions options, WriteStack& state)
   at System.Text.Json.Serialization.Metadata.JsonPropertyInfo`1.GetMemberAndWriteJson(Object obj, WriteStack& state, Utf8JsonWriter writer)
   at System.Text.Json.Serialization.Converters.ObjectDefaultConverter`1.OnTryWrite(Utf8JsonWriter writer, T value, JsonSerializerOptions options, WriteStack& state)
   at System.Text.Json.Serialization.JsonConverter`1.TryWrite(Utf8JsonWriter writer, T& value, JsonSerializerOptions options, WriteStack& state)
   at System.Text.Json.Serialization.JsonConverter`1.WriteCore(Utf8JsonWriter writer, T& value, JsonSerializerOptions options, WriteStack& state)
   --- End of inner exception stack trace ---
   at System.Text.Json.ThrowHelper.ThrowNotSupportedException(WriteStack& state, Exception innerException)
   at System.Text.Json.Serialization.JsonConverter`1.WriteCore(Utf8JsonWriter writer, T& value, JsonSerializerOptions options, WriteStack& state)
   at System.Text.Json.Serialization.Metadata.JsonTypeInfo`1.SerializeAsync(PipeWriter pipeWriter, T rootValue, Int32 flushThreshold, CancellationToken cancellationToken, Object rootValueBoxed)
   at System.Text.Json.Serialization.Metadata.JsonTypeInfo`1.SerializeAsync(PipeWriter pipeWriter, T rootValue, Int32 flushThreshold, CancellationToken cancellationToken, Object rootValueBoxed)
   at System.Text.Json.Serialization.Metadata.JsonTypeInfo`1.SerializeAsync(PipeWriter pipeWriter, T rootValue, Int32 flushThreshold, CancellationToken cancellationToken, Object rootValueBoxed)
   at Microsoft.AspNetCore.Mvc.Formatters.SystemTextJsonOutputFormatter.WriteResponseBodyAsync(OutputFormatterWriteContext context, Encoding selectedEncoding)
   at Microsoft.AspNetCore.Mvc.Infrastructure.ResourceInvoker.<InvokeNextResultFilterAsync>g__Awaited|30_0[TFilter,TFilterAsync](ResourceInvoker invoker, Task lastTask, State next, Scope scope, Object state, Boolean isCompleted)
   at Microsoft.AspNetCore.Mvc.Infrastructure.ResourceInvoker.Rethrow(ResultExecutedContextSealed context)
   at Microsoft.AspNetCore.Mvc.Infrastructure.ResourceInvoker.ResultNext[TFilter,TFilterAsync](State& next, Scope& scope, Object& state, Boolean& isCompleted)
   at Microsoft.AspNetCore.Mvc.Infrastructure.ResourceInvoker.InvokeResultFilters()
--- End of stack trace from previous location ---
   at Microsoft.AspNetCore.Mvc.Infrastructure.ResourceInvoker.<InvokeFilterPipelineAsync>g__Awaited|20_0(ResourceInvoker invoker, Task lastTask, State next, Scope scope, Object state, Boolean isCompleted)
   at Microsoft.AspNetCore.Mvc.Infrastructure.ResourceInvoker.<InvokeAsync>g__Awaited|17_0(ResourceInvoker invoker, Task task, IDisposable scope)
   at Microsoft.AspNetCore.Mvc.Infrastructure.ResourceInvoker.<InvokeAsync>g__Awaited|17_0(ResourceInvoker invoker, Task task, IDisposable scope)
   at Microsoft.AspNetCore.Authorization.AuthorizationMiddleware.Invoke(HttpContext context)
   at Microsoft.AspNetCore.Authentication.AuthenticationMiddleware.Invoke(HttpContext context)
   at Swashbuckle.AspNetCore.SwaggerUI.SwaggerUIMiddleware.Invoke(HttpContext httpContext)
   at Microsoft.AspNetCore.Diagnostics.DeveloperExceptionPageMiddlewareImpl.Invoke(HttpContext context)
2025-09-21 09:50:32.478 +06:00 [DBG] Server desktop-c1paikg:5816:03e0835e heartbeat successfully sent
2025-09-21 09:50:45.439 +06:00 [ERR] There was a problem in getting customers
Microsoft.Data.SqlClient.SqlException (0x80131904): Invalid length parameter passed to the RIGHT function.
   at Microsoft.Data.SqlClient.SqlCommand.<>c.<ExecuteDbDataReaderAsync>b__195_0(Task`1 result)
   at System.Threading.Tasks.ContinuationResultTaskFromResultTask`2.InnerInvoke()
   at System.Threading.ExecutionContext.RunInternal(ExecutionContext executionContext, ContextCallback callback, Object state)
--- End of stack trace from previous location ---
   at System.Threading.ExecutionContext.RunInternal(ExecutionContext executionContext, ContextCallback callback, Object state)
   at System.Threading.Tasks.Task.ExecuteWithThreadLocal(Task& currentTaskSlot, Thread threadPoolThread)
--- End of stack trace from previous location ---
   at UserManagementSystem.Infrastructure.Utilities.SqlUtility.ExecuteQueryAsync[TReturn](DbCommand command) in D:\.NetProjectJob\CRUD User\User-Management-System\src\UserManagementSystem\UserManagementSystem.Infrastructure\Utilities\SqlUtility.cs:line 236
   at UserManagementSystem.Infrastructure.Utilities.SqlUtility.QueryWithStoredProcedureAsync[TReturn](String storedProcedureName, IDictionary`2 parameters, IDictionary`2 outParameters) in D:\.NetProjectJob\CRUD User\User-Management-System\src\UserManagementSystem\UserManagementSystem.Infrastructure\Utilities\SqlUtility.cs:line 99
   at UserManagementSystem.Infrastructure.Utilities.SqlUtility.QueryWithStoredProcedureAsync[TReturn](String storedProcedureName, IDictionary`2 parameters, IDictionary`2 outParameters) in D:\.NetProjectJob\CRUD User\User-Management-System\src\UserManagementSystem\UserManagementSystem.Infrastructure\Utilities\SqlUtility.cs:line 105
   at UserManagementSystem.Infrastructure.UnitOfWork.GetUsersSP(Int32 pageIndex, Int32 pageSize, String order, UserSearchDto request) in D:\.NetProjectJob\CRUD User\User-Management-System\src\UserManagementSystem\UserManagementSystem.Infrastructure\UnitOfWork.cs:line 45
   at UserManagementSystem.Application.Features.Users.Queries.GetUserAndSearchQueryHandler.Handle(GetUserAndSearchQuery request, CancellationToken cancellationToken) in D:\.NetProjectJob\CRUD User\User-Management-System\src\UserManagementSystem\UserManagementSystem.Application\Features\Users\Queries\GetUserAndSearchQueryHandler.cs:line 26
   at UserManagementSystem.Api.Controllers.UsersController.GetUsersData(GetUserAndSearchQuery model) in D:\.NetProjectJob\CRUD User\User-Management-System\src\UserManagementSystem\UserManagementSystem.Api\Controllers\UsersController.cs:line 94
ClientConnectionId:ea978898-982e-453c-a14b-27382d83f77c
Error Number:536,State:4,Class:16
2025-09-21 09:50:45.442 +06:00 [ERR] An unhandled exception has occurred while executing the request.
System.NotSupportedException: Serialization and deserialization of 'System.Reflection.MethodBase' instances is not supported. Path: $.TargetSite.
 ---> System.NotSupportedException: Serialization and deserialization of 'System.Reflection.MethodBase' instances is not supported.
   at System.Text.Json.Serialization.Converters.UnsupportedTypeConverter`1.Write(Utf8JsonWriter writer, T value, JsonSerializerOptions options)
   at System.Text.Json.Serialization.JsonConverter`1.TryWrite(Utf8JsonWriter writer, T& value, JsonSerializerOptions options, WriteStack& state)
   at System.Text.Json.Serialization.Metadata.JsonPropertyInfo`1.GetMemberAndWriteJson(Object obj, WriteStack& state, Utf8JsonWriter writer)
   at System.Text.Json.Serialization.Converters.ObjectDefaultConverter`1.OnTryWrite(Utf8JsonWriter writer, T value, JsonSerializerOptions options, WriteStack& state)
   at System.Text.Json.Serialization.JsonConverter`1.TryWrite(Utf8JsonWriter writer, T& value, JsonSerializerOptions options, WriteStack& state)
   at System.Text.Json.Serialization.JsonConverter`1.WriteCore(Utf8JsonWriter writer, T& value, JsonSerializerOptions options, WriteStack& state)
   --- End of inner exception stack trace ---
   at System.Text.Json.ThrowHelper.ThrowNotSupportedException(WriteStack& state, Exception innerException)
   at System.Text.Json.Serialization.JsonConverter`1.WriteCore(Utf8JsonWriter writer, T& value, JsonSerializerOptions options, WriteStack& state)
   at System.Text.Json.Serialization.Metadata.JsonTypeInfo`1.SerializeAsync(PipeWriter pipeWriter, T rootValue, Int32 flushThreshold, CancellationToken cancellationToken, Object rootValueBoxed)
   at System.Text.Json.Serialization.Metadata.JsonTypeInfo`1.SerializeAsync(PipeWriter pipeWriter, T rootValue, Int32 flushThreshold, CancellationToken cancellationToken, Object rootValueBoxed)
   at System.Text.Json.Serialization.Metadata.JsonTypeInfo`1.SerializeAsync(PipeWriter pipeWriter, T rootValue, Int32 flushThreshold, CancellationToken cancellationToken, Object rootValueBoxed)
   at Microsoft.AspNetCore.Mvc.Formatters.SystemTextJsonOutputFormatter.WriteResponseBodyAsync(OutputFormatterWriteContext context, Encoding selectedEncoding)
   at Microsoft.AspNetCore.Mvc.Infrastructure.ResourceInvoker.<InvokeNextResultFilterAsync>g__Awaited|30_0[TFilter,TFilterAsync](ResourceInvoker invoker, Task lastTask, State next, Scope scope, Object state, Boolean isCompleted)
   at Microsoft.AspNetCore.Mvc.Infrastructure.ResourceInvoker.Rethrow(ResultExecutedContextSealed context)
   at Microsoft.AspNetCore.Mvc.Infrastructure.ResourceInvoker.ResultNext[TFilter,TFilterAsync](State& next, Scope& scope, Object& state, Boolean& isCompleted)
   at Microsoft.AspNetCore.Mvc.Infrastructure.ResourceInvoker.InvokeResultFilters()
--- End of stack trace from previous location ---
   at Microsoft.AspNetCore.Mvc.Infrastructure.ResourceInvoker.<InvokeFilterPipelineAsync>g__Awaited|20_0(ResourceInvoker invoker, Task lastTask, State next, Scope scope, Object state, Boolean isCompleted)
   at Microsoft.AspNetCore.Mvc.Infrastructure.ResourceInvoker.<InvokeAsync>g__Awaited|17_0(ResourceInvoker invoker, Task task, IDisposable scope)
   at Microsoft.AspNetCore.Mvc.Infrastructure.ResourceInvoker.<InvokeAsync>g__Awaited|17_0(ResourceInvoker invoker, Task task, IDisposable scope)
   at Microsoft.AspNetCore.Authorization.AuthorizationMiddleware.Invoke(HttpContext context)
   at Microsoft.AspNetCore.Authentication.AuthenticationMiddleware.Invoke(HttpContext context)
   at Swashbuckle.AspNetCore.SwaggerUI.SwaggerUIMiddleware.Invoke(HttpContext httpContext)
   at Microsoft.AspNetCore.Diagnostics.DeveloperExceptionPageMiddlewareImpl.Invoke(HttpContext context)
2025-09-21 09:51:02.524 +06:00 [DBG] Server desktop-c1paikg:5816:03e0835e heartbeat successfully sent
2025-09-21 09:51:32.599 +06:00 [DBG] Server desktop-c1paikg:5816:03e0835e heartbeat successfully sent
2025-09-21 09:52:02.624 +06:00 [DBG] Server desktop-c1paikg:5816:03e0835e heartbeat successfully sent
2025-09-21 09:52:32.638 +06:00 [DBG] Server desktop-c1paikg:5816:03e0835e heartbeat successfully sent
2025-09-21 09:53:02.665 +06:00 [DBG] Server desktop-c1paikg:5816:03e0835e heartbeat successfully sent
2025-09-21 09:53:28.872 +06:00 [DBG] Aggregating records in 'Counter' table...
2025-09-21 09:53:32.676 +06:00 [DBG] Server desktop-c1paikg:5816:03e0835e heartbeat successfully sent
2025-09-21 09:54:02.701 +06:00 [DBG] Server desktop-c1paikg:5816:03e0835e heartbeat successfully sent
2025-09-21 09:54:32.719 +06:00 [DBG] Server desktop-c1paikg:5816:03e0835e heartbeat successfully sent
2025-09-21 09:55:02.742 +06:00 [DBG] Server desktop-c1paikg:5816:03e0835e heartbeat successfully sent
2025-09-21 09:55:32.767 +06:00 [DBG] Server desktop-c1paikg:5816:03e0835e heartbeat successfully sent
2025-09-21 09:56:02.789 +06:00 [DBG] Server desktop-c1paikg:5816:03e0835e heartbeat successfully sent
2025-09-21 09:56:32.806 +06:00 [DBG] Server desktop-c1paikg:5816:03e0835e heartbeat successfully sent
2025-09-21 09:57:02.825 +06:00 [DBG] Server desktop-c1paikg:5816:03e0835e heartbeat successfully sent
2025-09-21 09:57:32.837 +06:00 [DBG] Server desktop-c1paikg:5816:03e0835e heartbeat successfully sent
2025-09-21 09:58:02.858 +06:00 [DBG] Server desktop-c1paikg:5816:03e0835e heartbeat successfully sent
2025-09-21 09:58:28.977 +06:00 [DBG] Aggregating records in 'Counter' table...
2025-09-21 09:58:32.874 +06:00 [DBG] Server desktop-c1paikg:5816:03e0835e heartbeat successfully sent
2025-09-21 09:59:02.885 +06:00 [DBG] Server desktop-c1paikg:5816:03e0835e heartbeat successfully sent
2025-09-21 09:59:32.903 +06:00 [DBG] Server desktop-c1paikg:5816:03e0835e heartbeat successfully sent
2025-09-21 10:00:02.932 +06:00 [DBG] Server desktop-c1paikg:5816:03e0835e heartbeat successfully sent
2025-09-21 10:00:32.946 +06:00 [DBG] Server desktop-c1paikg:5816:03e0835e heartbeat successfully sent
2025-09-21 10:01:02.962 +06:00 [DBG] Server desktop-c1paikg:5816:03e0835e heartbeat successfully sent
2025-09-21 10:01:32.971 +06:00 [DBG] Server desktop-c1paikg:5816:03e0835e heartbeat successfully sent
2025-09-21 10:02:02.985 +06:00 [DBG] Server desktop-c1paikg:5816:03e0835e heartbeat successfully sent
2025-09-21 10:02:33.008 +06:00 [DBG] Server desktop-c1paikg:5816:03e0835e heartbeat successfully sent
2025-09-21 10:03:03.017 +06:00 [DBG] Server desktop-c1paikg:5816:03e0835e heartbeat successfully sent
2025-09-21 10:03:29.046 +06:00 [DBG] Aggregating records in 'Counter' table...
2025-09-21 10:03:33.035 +06:00 [DBG] Server desktop-c1paikg:5816:03e0835e heartbeat successfully sent
2025-09-21 10:04:03.052 +06:00 [DBG] Server desktop-c1paikg:5816:03e0835e heartbeat successfully sent
2025-09-21 10:04:33.072 +06:00 [DBG] Server desktop-c1paikg:5816:03e0835e heartbeat successfully sent
2025-09-21 10:05:03.085 +06:00 [DBG] Server desktop-c1paikg:5816:03e0835e heartbeat successfully sent
2025-09-21 10:05:33.094 +06:00 [DBG] Server desktop-c1paikg:5816:03e0835e heartbeat successfully sent
2025-09-21 10:06:03.116 +06:00 [DBG] Server desktop-c1paikg:5816:03e0835e heartbeat successfully sent
2025-09-21 10:06:33.137 +06:00 [DBG] Server desktop-c1paikg:5816:03e0835e heartbeat successfully sent
2025-09-21 10:07:03.157 +06:00 [DBG] Server desktop-c1paikg:5816:03e0835e heartbeat successfully sent
2025-09-21 10:07:33.175 +06:00 [DBG] Server desktop-c1paikg:5816:03e0835e heartbeat successfully sent
2025-09-21 10:08:03.181 +06:00 [DBG] Server desktop-c1paikg:5816:03e0835e heartbeat successfully sent
2025-09-21 10:08:29.109 +06:00 [DBG] Aggregating records in 'Counter' table...
2025-09-21 10:08:33.199 +06:00 [DBG] Server desktop-c1paikg:5816:03e0835e heartbeat successfully sent
2025-09-21 10:09:03.220 +06:00 [DBG] Server desktop-c1paikg:5816:03e0835e heartbeat successfully sent
2025-09-21 10:09:33.247 +06:00 [DBG] Server desktop-c1paikg:5816:03e0835e heartbeat successfully sent
2025-09-21 10:10:03.256 +06:00 [DBG] Server desktop-c1paikg:5816:03e0835e heartbeat successfully sent
2025-09-21 10:10:33.286 +06:00 [DBG] Server desktop-c1paikg:5816:03e0835e heartbeat successfully sent
2025-09-21 10:11:03.312 +06:00 [DBG] Server desktop-c1paikg:5816:03e0835e heartbeat successfully sent
2025-09-21 10:11:33.341 +06:00 [DBG] Server desktop-c1paikg:5816:03e0835e heartbeat successfully sent
2025-09-21 10:12:03.354 +06:00 [DBG] Server desktop-c1paikg:5816:03e0835e heartbeat successfully sent
2025-09-21 10:12:33.376 +06:00 [DBG] Server desktop-c1paikg:5816:03e0835e heartbeat successfully sent
2025-09-21 10:13:03.395 +06:00 [DBG] Server desktop-c1paikg:5816:03e0835e heartbeat successfully sent
2025-09-21 10:13:28.354 +06:00 [DBG] Removing outdated records from the 'AggregatedCounter' table...
2025-09-21 10:13:28.370 +06:00 [DBG] Removing outdated records from the 'Job' table...
2025-09-21 10:13:28.381 +06:00 [DBG] Removing outdated records from the 'List' table...
2025-09-21 10:13:28.383 +06:00 [DBG] Removing outdated records from the 'Set' table...
2025-09-21 10:13:28.386 +06:00 [DBG] Removing outdated records from the 'Hash' table...
2025-09-21 10:13:29.225 +06:00 [DBG] Aggregating records in 'Counter' table...
2025-09-21 10:13:33.425 +06:00 [DBG] Server desktop-c1paikg:5816:03e0835e heartbeat successfully sent
2025-09-21 10:14:03.447 +06:00 [DBG] Server desktop-c1paikg:5816:03e0835e heartbeat successfully sent
2025-09-21 10:14:33.461 +06:00 [DBG] Server desktop-c1paikg:5816:03e0835e heartbeat successfully sent
2025-09-21 10:15:03.477 +06:00 [DBG] Server desktop-c1paikg:5816:03e0835e heartbeat successfully sent
2025-09-21 10:15:33.491 +06:00 [DBG] Server desktop-c1paikg:5816:03e0835e heartbeat successfully sent
2025-09-21 10:16:03.503 +06:00 [DBG] Server desktop-c1paikg:5816:03e0835e heartbeat successfully sent
2025-09-21 10:16:33.518 +06:00 [DBG] Server desktop-c1paikg:5816:03e0835e heartbeat successfully sent
2025-09-21 10:17:03.552 +06:00 [DBG] Server desktop-c1paikg:5816:03e0835e heartbeat successfully sent
2025-09-21 10:17:33.574 +06:00 [DBG] Server desktop-c1paikg:5816:03e0835e heartbeat successfully sent
2025-09-21 10:18:03.604 +06:00 [DBG] Server desktop-c1paikg:5816:03e0835e heartbeat successfully sent
2025-09-21 10:18:29.331 +06:00 [DBG] Aggregating records in 'Counter' table...
2025-09-21 10:18:33.624 +06:00 [DBG] Server desktop-c1paikg:5816:03e0835e heartbeat successfully sent
2025-09-21 10:19:03.648 +06:00 [DBG] Server desktop-c1paikg:5816:03e0835e heartbeat successfully sent
2025-09-21 10:19:33.664 +06:00 [DBG] Server desktop-c1paikg:5816:03e0835e heartbeat successfully sent
2025-09-21 10:20:03.685 +06:00 [DBG] Server desktop-c1paikg:5816:03e0835e heartbeat successfully sent
2025-09-21 10:20:33.699 +06:00 [DBG] Server desktop-c1paikg:5816:03e0835e heartbeat successfully sent
2025-09-21 10:21:03.725 +06:00 [DBG] Server desktop-c1paikg:5816:03e0835e heartbeat successfully sent
2025-09-21 10:21:33.757 +06:00 [DBG] Server desktop-c1paikg:5816:03e0835e heartbeat successfully sent
2025-09-21 10:22:03.776 +06:00 [DBG] Server desktop-c1paikg:5816:03e0835e heartbeat successfully sent
2025-09-21 10:22:33.814 +06:00 [DBG] Server desktop-c1paikg:5816:03e0835e heartbeat successfully sent
2025-09-21 10:23:03.828 +06:00 [DBG] Server desktop-c1paikg:5816:03e0835e heartbeat successfully sent
2025-09-21 10:23:29.466 +06:00 [DBG] Aggregating records in 'Counter' table...
2025-09-21 10:23:33.850 +06:00 [DBG] Server desktop-c1paikg:5816:03e0835e heartbeat successfully sent
2025-09-21 10:24:03.866 +06:00 [DBG] Server desktop-c1paikg:5816:03e0835e heartbeat successfully sent
2025-09-21 10:24:33.888 +06:00 [DBG] Server desktop-c1paikg:5816:03e0835e heartbeat successfully sent
2025-09-21 10:25:03.910 +06:00 [DBG] Server desktop-c1paikg:5816:03e0835e heartbeat successfully sent
2025-09-21 10:25:33.925 +06:00 [DBG] Server desktop-c1paikg:5816:03e0835e heartbeat successfully sent
2025-09-21 10:26:03.943 +06:00 [DBG] Server desktop-c1paikg:5816:03e0835e heartbeat successfully sent
2025-09-21 10:26:33.971 +06:00 [DBG] Server desktop-c1paikg:5816:03e0835e heartbeat successfully sent
2025-09-21 10:27:03.999 +06:00 [DBG] Server desktop-c1paikg:5816:03e0835e heartbeat successfully sent
2025-09-21 10:27:34.019 +06:00 [DBG] Server desktop-c1paikg:5816:03e0835e heartbeat successfully sent
2025-09-21 10:28:04.040 +06:00 [DBG] Server desktop-c1paikg:5816:03e0835e heartbeat successfully sent
2025-09-21 10:28:29.605 +06:00 [DBG] Aggregating records in 'Counter' table...
2025-09-21 10:28:34.050 +06:00 [DBG] Server desktop-c1paikg:5816:03e0835e heartbeat successfully sent
2025-09-21 10:29:04.073 +06:00 [DBG] Server desktop-c1paikg:5816:03e0835e heartbeat successfully sent
2025-09-21 10:29:34.092 +06:00 [DBG] Server desktop-c1paikg:5816:03e0835e heartbeat successfully sent
2025-09-21 10:30:04.120 +06:00 [DBG] Server desktop-c1paikg:5816:03e0835e heartbeat successfully sent
2025-09-21 10:30:34.137 +06:00 [DBG] Server desktop-c1paikg:5816:03e0835e heartbeat successfully sent
2025-09-21 10:31:04.151 +06:00 [DBG] Server desktop-c1paikg:5816:03e0835e heartbeat successfully sent
2025-09-21 10:31:34.178 +06:00 [DBG] Server desktop-c1paikg:5816:03e0835e heartbeat successfully sent
2025-09-21 10:32:04.204 +06:00 [DBG] Server desktop-c1paikg:5816:03e0835e heartbeat successfully sent
2025-09-21 10:32:34.218 +06:00 [DBG] Server desktop-c1paikg:5816:03e0835e heartbeat successfully sent
2025-09-21 10:33:04.247 +06:00 [DBG] Server desktop-c1paikg:5816:03e0835e heartbeat successfully sent
2025-09-21 10:33:29.756 +06:00 [DBG] Aggregating records in 'Counter' table...
2025-09-21 10:33:34.273 +06:00 [DBG] Server desktop-c1paikg:5816:03e0835e heartbeat successfully sent
2025-09-21 10:34:04.291 +06:00 [DBG] Server desktop-c1paikg:5816:03e0835e heartbeat successfully sent
2025-09-21 10:34:34.309 +06:00 [DBG] Server desktop-c1paikg:5816:03e0835e heartbeat successfully sent
2025-09-21 10:35:04.327 +06:00 [DBG] Server desktop-c1paikg:5816:03e0835e heartbeat successfully sent
2025-09-21 10:35:34.352 +06:00 [DBG] Server desktop-c1paikg:5816:03e0835e heartbeat successfully sent
2025-09-21 10:36:04.370 +06:00 [DBG] Server desktop-c1paikg:5816:03e0835e heartbeat successfully sent
2025-09-21 10:36:34.398 +06:00 [DBG] Server desktop-c1paikg:5816:03e0835e heartbeat successfully sent
2025-09-21 10:37:04.414 +06:00 [DBG] Server desktop-c1paikg:5816:03e0835e heartbeat successfully sent
2025-09-21 10:37:34.427 +06:00 [DBG] Server desktop-c1paikg:5816:03e0835e heartbeat successfully sent
2025-09-21 10:38:04.439 +06:00 [DBG] Server desktop-c1paikg:5816:03e0835e heartbeat successfully sent
2025-09-21 10:38:29.861 +06:00 [DBG] Aggregating records in 'Counter' table...
2025-09-21 10:38:34.454 +06:00 [DBG] Server desktop-c1paikg:5816:03e0835e heartbeat successfully sent
2025-09-21 10:39:04.477 +06:00 [DBG] Server desktop-c1paikg:5816:03e0835e heartbeat successfully sent
2025-09-21 10:39:34.497 +06:00 [DBG] Server desktop-c1paikg:5816:03e0835e heartbeat successfully sent
2025-09-21 10:40:04.518 +06:00 [DBG] Server desktop-c1paikg:5816:03e0835e heartbeat successfully sent
2025-09-21 10:40:34.536 +06:00 [DBG] Server desktop-c1paikg:5816:03e0835e heartbeat successfully sent
2025-09-21 10:41:04.560 +06:00 [DBG] Server desktop-c1paikg:5816:03e0835e heartbeat successfully sent
2025-09-21 10:41:34.573 +06:00 [DBG] Server desktop-c1paikg:5816:03e0835e heartbeat successfully sent
2025-09-21 10:42:04.593 +06:00 [DBG] Server desktop-c1paikg:5816:03e0835e heartbeat successfully sent
2025-09-21 10:42:34.610 +06:00 [DBG] Server desktop-c1paikg:5816:03e0835e heartbeat successfully sent
2025-09-21 10:43:04.633 +06:00 [DBG] Server desktop-c1paikg:5816:03e0835e heartbeat successfully sent
2025-09-21 10:43:28.965 +06:00 [DBG] Removing outdated records from the 'AggregatedCounter' table...
2025-09-21 10:43:28.969 +06:00 [DBG] Removing outdated records from the 'Job' table...
2025-09-21 10:43:28.974 +06:00 [DBG] Removing outdated records from the 'List' table...
2025-09-21 10:43:28.975 +06:00 [DBG] Removing outdated records from the 'Set' table...
2025-09-21 10:43:28.977 +06:00 [DBG] Removing outdated records from the 'Hash' table...
2025-09-21 10:43:30.004 +06:00 [DBG] Aggregating records in 'Counter' table...
2025-09-21 10:43:34.649 +06:00 [DBG] Server desktop-c1paikg:5816:03e0835e heartbeat successfully sent
2025-09-21 10:44:04.677 +06:00 [DBG] Server desktop-c1paikg:5816:03e0835e heartbeat successfully sent
2025-09-21 10:44:34.695 +06:00 [DBG] Server desktop-c1paikg:5816:03e0835e heartbeat successfully sent
2025-09-21 10:45:04.712 +06:00 [DBG] Server desktop-c1paikg:5816:03e0835e heartbeat successfully sent
2025-09-21 10:45:34.739 +06:00 [DBG] Server desktop-c1paikg:5816:03e0835e heartbeat successfully sent
2025-09-21 10:46:04.758 +06:00 [DBG] Server desktop-c1paikg:5816:03e0835e heartbeat successfully sent
2025-09-21 10:46:34.780 +06:00 [DBG] Server desktop-c1paikg:5816:03e0835e heartbeat successfully sent
2025-09-21 10:47:04.797 +06:00 [DBG] Server desktop-c1paikg:5816:03e0835e heartbeat successfully sent
2025-09-21 10:47:34.827 +06:00 [DBG] Server desktop-c1paikg:5816:03e0835e heartbeat successfully sent
2025-09-21 10:48:04.849 +06:00 [DBG] Server desktop-c1paikg:5816:03e0835e heartbeat successfully sent
2025-09-21 10:48:30.153 +06:00 [DBG] Aggregating records in 'Counter' table...
2025-09-21 10:48:34.874 +06:00 [DBG] Server desktop-c1paikg:5816:03e0835e heartbeat successfully sent
2025-09-21 10:49:04.894 +06:00 [DBG] Server desktop-c1paikg:5816:03e0835e heartbeat successfully sent
2025-09-21 10:49:34.916 +06:00 [DBG] Server desktop-c1paikg:5816:03e0835e heartbeat successfully sent
2025-09-21 10:50:04.936 +06:00 [DBG] Server desktop-c1paikg:5816:03e0835e heartbeat successfully sent
2025-09-21 10:50:34.955 +06:00 [DBG] Server desktop-c1paikg:5816:03e0835e heartbeat successfully sent
2025-09-21 10:51:04.980 +06:00 [DBG] Server desktop-c1paikg:5816:03e0835e heartbeat successfully sent
2025-09-21 10:51:35.000 +06:00 [DBG] Server desktop-c1paikg:5816:03e0835e heartbeat successfully sent
2025-09-21 10:52:05.028 +06:00 [DBG] Server desktop-c1paikg:5816:03e0835e heartbeat successfully sent
2025-09-21 10:52:35.043 +06:00 [DBG] Server desktop-c1paikg:5816:03e0835e heartbeat successfully sent
2025-09-21 10:53:05.059 +06:00 [DBG] Server desktop-c1paikg:5816:03e0835e heartbeat successfully sent
2025-09-21 10:53:30.267 +06:00 [DBG] Aggregating records in 'Counter' table...
2025-09-21 10:53:35.070 +06:00 [DBG] Server desktop-c1paikg:5816:03e0835e heartbeat successfully sent
2025-09-21 10:54:05.083 +06:00 [DBG] Server desktop-c1paikg:5816:03e0835e heartbeat successfully sent
2025-09-21 10:54:35.107 +06:00 [DBG] Server desktop-c1paikg:5816:03e0835e heartbeat successfully sent
2025-09-21 10:55:05.133 +06:00 [DBG] Server desktop-c1paikg:5816:03e0835e heartbeat successfully sent
2025-09-21 10:55:35.148 +06:00 [DBG] Server desktop-c1paikg:5816:03e0835e heartbeat successfully sent
2025-09-21 10:56:05.162 +06:00 [DBG] Server desktop-c1paikg:5816:03e0835e heartbeat successfully sent
2025-09-21 10:56:35.190 +06:00 [DBG] Server desktop-c1paikg:5816:03e0835e heartbeat successfully sent
2025-09-21 10:57:05.204 +06:00 [DBG] Server desktop-c1paikg:5816:03e0835e heartbeat successfully sent
2025-09-21 10:57:35.228 +06:00 [DBG] Server desktop-c1paikg:5816:03e0835e heartbeat successfully sent
2025-09-21 10:58:05.256 +06:00 [DBG] Server desktop-c1paikg:5816:03e0835e heartbeat successfully sent
2025-09-21 10:58:30.391 +06:00 [DBG] Aggregating records in 'Counter' table...
2025-09-21 10:58:35.274 +06:00 [DBG] Server desktop-c1paikg:5816:03e0835e heartbeat successfully sent
2025-09-21 10:59:05.284 +06:00 [DBG] Server desktop-c1paikg:5816:03e0835e heartbeat successfully sent
2025-09-21 10:59:35.309 +06:00 [DBG] Server desktop-c1paikg:5816:03e0835e heartbeat successfully sent
2025-09-21 11:00:05.318 +06:00 [DBG] Server desktop-c1paikg:5816:03e0835e heartbeat successfully sent
2025-09-21 11:00:35.339 +06:00 [DBG] Server desktop-c1paikg:5816:03e0835e heartbeat successfully sent
2025-09-21 11:01:05.358 +06:00 [DBG] Server desktop-c1paikg:5816:03e0835e heartbeat successfully sent
2025-09-21 11:01:35.392 +06:00 [DBG] Server desktop-c1paikg:5816:03e0835e heartbeat successfully sent
2025-09-21 11:02:05.408 +06:00 [DBG] Server desktop-c1paikg:5816:03e0835e heartbeat successfully sent
2025-09-21 11:02:35.421 +06:00 [DBG] Server desktop-c1paikg:5816:03e0835e heartbeat successfully sent
2025-09-21 11:03:05.443 +06:00 [DBG] Server desktop-c1paikg:5816:03e0835e heartbeat successfully sent
2025-09-21 11:03:30.536 +06:00 [DBG] Aggregating records in 'Counter' table...
2025-09-21 11:03:35.459 +06:00 [DBG] Server desktop-c1paikg:5816:03e0835e heartbeat successfully sent
2025-09-21 11:04:05.474 +06:00 [DBG] Server desktop-c1paikg:5816:03e0835e heartbeat successfully sent
2025-09-21 11:04:35.502 +06:00 [DBG] Server desktop-c1paikg:5816:03e0835e heartbeat successfully sent
2025-09-21 11:05:05.530 +06:00 [DBG] Server desktop-c1paikg:5816:03e0835e heartbeat successfully sent
2025-09-21 11:05:35.533 +06:00 [DBG] Server desktop-c1paikg:5816:03e0835e heartbeat successfully sent
2025-09-21 11:06:05.548 +06:00 [DBG] Server desktop-c1paikg:5816:03e0835e heartbeat successfully sent
2025-09-21 11:06:35.566 +06:00 [DBG] Server desktop-c1paikg:5816:03e0835e heartbeat successfully sent
2025-09-21 11:07:05.588 +06:00 [DBG] Server desktop-c1paikg:5816:03e0835e heartbeat successfully sent
2025-09-21 11:07:35.599 +06:00 [DBG] Server desktop-c1paikg:5816:03e0835e heartbeat successfully sent
2025-09-21 11:08:05.624 +06:00 [DBG] Server desktop-c1paikg:5816:03e0835e heartbeat successfully sent
2025-09-21 11:08:30.643 +06:00 [DBG] Aggregating records in 'Counter' table...
2025-09-21 11:08:35.642 +06:00 [DBG] Server desktop-c1paikg:5816:03e0835e heartbeat successfully sent
2025-09-21 11:09:05.655 +06:00 [DBG] Server desktop-c1paikg:5816:03e0835e heartbeat successfully sent
2025-09-21 11:09:35.672 +06:00 [DBG] Server desktop-c1paikg:5816:03e0835e heartbeat successfully sent
2025-09-21 11:10:05.681 +06:00 [DBG] Server desktop-c1paikg:5816:03e0835e heartbeat successfully sent
2025-09-21 11:10:35.707 +06:00 [DBG] Server desktop-c1paikg:5816:03e0835e heartbeat successfully sent
2025-09-21 11:11:05.733 +06:00 [DBG] Server desktop-c1paikg:5816:03e0835e heartbeat successfully sent
2025-09-21 11:11:35.753 +06:00 [DBG] Server desktop-c1paikg:5816:03e0835e heartbeat successfully sent
2025-09-21 11:12:05.781 +06:00 [DBG] Server desktop-c1paikg:5816:03e0835e heartbeat successfully sent
2025-09-21 11:12:35.801 +06:00 [DBG] Server desktop-c1paikg:5816:03e0835e heartbeat successfully sent
2025-09-21 11:13:05.818 +06:00 [DBG] Server desktop-c1paikg:5816:03e0835e heartbeat successfully sent
2025-09-21 11:13:29.548 +06:00 [DBG] Removing outdated records from the 'AggregatedCounter' table...
2025-09-21 11:13:29.553 +06:00 [DBG] Removing outdated records from the 'Job' table...
2025-09-21 11:13:29.562 +06:00 [DBG] Removing outdated records from the 'List' table...
2025-09-21 11:13:29.566 +06:00 [DBG] Removing outdated records from the 'Set' table...
2025-09-21 11:13:29.569 +06:00 [DBG] Removing outdated records from the 'Hash' table...
2025-09-21 11:13:30.755 +06:00 [DBG] Aggregating records in 'Counter' table...
2025-09-21 11:13:35.841 +06:00 [DBG] Server desktop-c1paikg:5816:03e0835e heartbeat successfully sent
2025-09-21 11:14:05.866 +06:00 [DBG] Server desktop-c1paikg:5816:03e0835e heartbeat successfully sent
2025-09-21 11:14:35.888 +06:00 [DBG] Server desktop-c1paikg:5816:03e0835e heartbeat successfully sent
2025-09-21 11:15:05.906 +06:00 [DBG] Server desktop-c1paikg:5816:03e0835e heartbeat successfully sent
2025-09-21 11:15:35.917 +06:00 [DBG] Server desktop-c1paikg:5816:03e0835e heartbeat successfully sent
2025-09-21 11:16:05.931 +06:00 [DBG] Server desktop-c1paikg:5816:03e0835e heartbeat successfully sent
2025-09-21 11:16:35.953 +06:00 [DBG] Server desktop-c1paikg:5816:03e0835e heartbeat successfully sent
2025-09-21 11:17:05.974 +06:00 [DBG] Server desktop-c1paikg:5816:03e0835e heartbeat successfully sent
2025-09-21 11:17:35.979 +06:00 [DBG] Server desktop-c1paikg:5816:03e0835e heartbeat successfully sent
2025-09-21 11:18:05.999 +06:00 [DBG] Server desktop-c1paikg:5816:03e0835e heartbeat successfully sent
2025-09-21 11:18:30.865 +06:00 [DBG] Aggregating records in 'Counter' table...
2025-09-21 11:18:36.017 +06:00 [DBG] Server desktop-c1paikg:5816:03e0835e heartbeat successfully sent
2025-09-21 11:19:06.037 +06:00 [DBG] Server desktop-c1paikg:5816:03e0835e heartbeat successfully sent
2025-09-21 11:19:36.050 +06:00 [DBG] Server desktop-c1paikg:5816:03e0835e heartbeat successfully sent
2025-09-21 11:20:06.071 +06:00 [DBG] Server desktop-c1paikg:5816:03e0835e heartbeat successfully sent
2025-09-21 11:20:36.097 +06:00 [DBG] Server desktop-c1paikg:5816:03e0835e heartbeat successfully sent
2025-09-21 11:21:06.107 +06:00 [DBG] Server desktop-c1paikg:5816:03e0835e heartbeat successfully sent
2025-09-21 11:21:36.124 +06:00 [DBG] Server desktop-c1paikg:5816:03e0835e heartbeat successfully sent
2025-09-21 11:22:06.141 +06:00 [DBG] Server desktop-c1paikg:5816:03e0835e heartbeat successfully sent
2025-09-21 11:22:36.167 +06:00 [DBG] Server desktop-c1paikg:5816:03e0835e heartbeat successfully sent
2025-09-21 11:23:06.184 +06:00 [DBG] Server desktop-c1paikg:5816:03e0835e heartbeat successfully sent
2025-09-21 11:23:30.981 +06:00 [DBG] Aggregating records in 'Counter' table...
2025-09-21 11:23:36.207 +06:00 [DBG] Server desktop-c1paikg:5816:03e0835e heartbeat successfully sent
2025-09-21 11:24:06.223 +06:00 [DBG] Server desktop-c1paikg:5816:03e0835e heartbeat successfully sent
2025-09-21 11:24:36.236 +06:00 [DBG] Server desktop-c1paikg:5816:03e0835e heartbeat successfully sent
2025-09-21 11:25:06.249 +06:00 [DBG] Server desktop-c1paikg:5816:03e0835e heartbeat successfully sent
2025-09-21 11:25:36.267 +06:00 [DBG] Server desktop-c1paikg:5816:03e0835e heartbeat successfully sent
2025-09-21 11:26:06.290 +06:00 [DBG] Server desktop-c1paikg:5816:03e0835e heartbeat successfully sent
2025-09-21 11:26:36.313 +06:00 [DBG] Server desktop-c1paikg:5816:03e0835e heartbeat successfully sent
2025-09-21 11:27:06.331 +06:00 [DBG] Server desktop-c1paikg:5816:03e0835e heartbeat successfully sent
2025-09-21 11:27:36.350 +06:00 [DBG] Server desktop-c1paikg:5816:03e0835e heartbeat successfully sent
2025-09-21 11:28:06.376 +06:00 [DBG] Server desktop-c1paikg:5816:03e0835e heartbeat successfully sent
2025-09-21 11:28:31.096 +06:00 [DBG] Aggregating records in 'Counter' table...
2025-09-21 11:28:36.392 +06:00 [DBG] Server desktop-c1paikg:5816:03e0835e heartbeat successfully sent
2025-09-21 11:29:06.411 +06:00 [DBG] Server desktop-c1paikg:5816:03e0835e heartbeat successfully sent
2025-09-21 11:29:36.430 +06:00 [DBG] Server desktop-c1paikg:5816:03e0835e heartbeat successfully sent
2025-09-21 11:30:06.449 +06:00 [DBG] Server desktop-c1paikg:5816:03e0835e heartbeat successfully sent
2025-09-21 11:30:36.470 +06:00 [DBG] Server desktop-c1paikg:5816:03e0835e heartbeat successfully sent
2025-09-21 11:31:06.497 +06:00 [DBG] Server desktop-c1paikg:5816:03e0835e heartbeat successfully sent
2025-09-21 11:31:36.521 +06:00 [DBG] Server desktop-c1paikg:5816:03e0835e heartbeat successfully sent
2025-09-21 11:32:06.536 +06:00 [DBG] Server desktop-c1paikg:5816:03e0835e heartbeat successfully sent
2025-09-21 11:32:36.563 +06:00 [DBG] Server desktop-c1paikg:5816:03e0835e heartbeat successfully sent
2025-09-21 11:33:06.600 +06:00 [DBG] Server desktop-c1paikg:5816:03e0835e heartbeat successfully sent
2025-09-21 11:33:31.215 +06:00 [DBG] Aggregating records in 'Counter' table...
2025-09-21 11:33:36.623 +06:00 [DBG] Server desktop-c1paikg:5816:03e0835e heartbeat successfully sent
2025-09-21 11:34:06.640 +06:00 [DBG] Server desktop-c1paikg:5816:03e0835e heartbeat successfully sent
2025-09-21 11:34:36.670 +06:00 [DBG] Server desktop-c1paikg:5816:03e0835e heartbeat successfully sent
2025-09-21 11:35:06.690 +06:00 [DBG] Server desktop-c1paikg:5816:03e0835e heartbeat successfully sent
2025-09-21 11:35:36.707 +06:00 [DBG] Server desktop-c1paikg:5816:03e0835e heartbeat successfully sent
2025-09-21 11:36:06.730 +06:00 [DBG] Server desktop-c1paikg:5816:03e0835e heartbeat successfully sent
2025-09-21 11:36:36.743 +06:00 [DBG] Server desktop-c1paikg:5816:03e0835e heartbeat successfully sent
2025-09-21 11:37:06.757 +06:00 [DBG] Server desktop-c1paikg:5816:03e0835e heartbeat successfully sent
2025-09-21 11:37:36.770 +06:00 [DBG] Server desktop-c1paikg:5816:03e0835e heartbeat successfully sent
2025-09-21 11:38:06.795 +06:00 [DBG] Server desktop-c1paikg:5816:03e0835e heartbeat successfully sent
2025-09-21 11:38:31.344 +06:00 [DBG] Aggregating records in 'Counter' table...
2025-09-21 11:38:36.815 +06:00 [DBG] Server desktop-c1paikg:5816:03e0835e heartbeat successfully sent
2025-09-21 11:39:06.830 +06:00 [DBG] Server desktop-c1paikg:5816:03e0835e heartbeat successfully sent
2025-09-21 11:39:36.852 +06:00 [DBG] Server desktop-c1paikg:5816:03e0835e heartbeat successfully sent
2025-09-21 11:40:06.872 +06:00 [DBG] Server desktop-c1paikg:5816:03e0835e heartbeat successfully sent
2025-09-21 11:40:36.884 +06:00 [DBG] Server desktop-c1paikg:5816:03e0835e heartbeat successfully sent
2025-09-21 11:41:06.891 +06:00 [DBG] Server desktop-c1paikg:5816:03e0835e heartbeat successfully sent
2025-09-21 11:41:36.919 +06:00 [DBG] Server desktop-c1paikg:5816:03e0835e heartbeat successfully sent
2025-09-21 11:42:06.934 +06:00 [DBG] Server desktop-c1paikg:5816:03e0835e heartbeat successfully sent
2025-09-21 11:42:36.950 +06:00 [DBG] Server desktop-c1paikg:5816:03e0835e heartbeat successfully sent
2025-09-21 11:42:54.981 +06:00 [INF] User logged in successfully
2025-09-21 11:43:06.973 +06:00 [DBG] Server desktop-c1paikg:5816:03e0835e heartbeat successfully sent
2025-09-21 11:43:30.086 +06:00 [DBG] Removing outdated records from the 'AggregatedCounter' table...
2025-09-21 11:43:30.092 +06:00 [DBG] Removing outdated records from the 'Job' table...
2025-09-21 11:43:30.104 +06:00 [DBG] Removing outdated records from the 'List' table...
2025-09-21 11:43:30.109 +06:00 [DBG] Removing outdated records from the 'Set' table...
2025-09-21 11:43:30.113 +06:00 [DBG] Removing outdated records from the 'Hash' table...
2025-09-21 11:43:31.453 +06:00 [DBG] Aggregating records in 'Counter' table...
2025-09-21 11:43:36.987 +06:00 [DBG] Server desktop-c1paikg:5816:03e0835e heartbeat successfully sent
2025-09-21 11:44:07.007 +06:00 [DBG] Server desktop-c1paikg:5816:03e0835e heartbeat successfully sent
2025-09-21 11:44:37.024 +06:00 [DBG] Server desktop-c1paikg:5816:03e0835e heartbeat successfully sent
2025-09-21 11:45:07.054 +06:00 [DBG] Server desktop-c1paikg:5816:03e0835e heartbeat successfully sent
2025-09-21 11:45:37.087 +06:00 [DBG] Server desktop-c1paikg:5816:03e0835e heartbeat successfully sent
2025-09-21 11:46:07.099 +06:00 [DBG] Server desktop-c1paikg:5816:03e0835e heartbeat successfully sent
2025-09-21 11:46:37.120 +06:00 [DBG] Server desktop-c1paikg:5816:03e0835e heartbeat successfully sent
2025-09-21 11:47:07.144 +06:00 [DBG] Server desktop-c1paikg:5816:03e0835e heartbeat successfully sent
2025-09-21 11:47:37.174 +06:00 [DBG] Server desktop-c1paikg:5816:03e0835e heartbeat successfully sent
2025-09-21 11:48:07.188 +06:00 [DBG] Server desktop-c1paikg:5816:03e0835e heartbeat successfully sent
2025-09-21 11:48:31.586 +06:00 [DBG] Aggregating records in 'Counter' table...
2025-09-21 11:48:37.217 +06:00 [DBG] Server desktop-c1paikg:5816:03e0835e heartbeat successfully sent
2025-09-21 11:49:07.236 +06:00 [DBG] Server desktop-c1paikg:5816:03e0835e heartbeat successfully sent
2025-09-21 11:49:37.258 +06:00 [DBG] Server desktop-c1paikg:5816:03e0835e heartbeat successfully sent
2025-09-21 11:50:07.281 +06:00 [DBG] Server desktop-c1paikg:5816:03e0835e heartbeat successfully sent
2025-09-21 11:50:37.306 +06:00 [DBG] Server desktop-c1paikg:5816:03e0835e heartbeat successfully sent
2025-09-21 11:51:07.344 +06:00 [DBG] Server desktop-c1paikg:5816:03e0835e heartbeat successfully sent
2025-09-21 11:51:37.369 +06:00 [DBG] Server desktop-c1paikg:5816:03e0835e heartbeat successfully sent
2025-09-21 11:52:07.385 +06:00 [DBG] Server desktop-c1paikg:5816:03e0835e heartbeat successfully sent
2025-09-21 11:52:37.414 +06:00 [DBG] Server desktop-c1paikg:5816:03e0835e heartbeat successfully sent
2025-09-21 11:53:07.431 +06:00 [DBG] Server desktop-c1paikg:5816:03e0835e heartbeat successfully sent
2025-09-21 11:53:31.714 +06:00 [DBG] Aggregating records in 'Counter' table...
2025-09-21 11:53:37.445 +06:00 [DBG] Server desktop-c1paikg:5816:03e0835e heartbeat successfully sent
2025-09-21 11:54:07.475 +06:00 [DBG] Server desktop-c1paikg:5816:03e0835e heartbeat successfully sent
2025-09-21 11:54:37.505 +06:00 [DBG] Server desktop-c1paikg:5816:03e0835e heartbeat successfully sent
2025-09-21 11:55:07.523 +06:00 [DBG] Server desktop-c1paikg:5816:03e0835e heartbeat successfully sent
2025-09-21 11:55:37.544 +06:00 [DBG] Server desktop-c1paikg:5816:03e0835e heartbeat successfully sent
2025-09-21 11:56:07.560 +06:00 [DBG] Server desktop-c1paikg:5816:03e0835e heartbeat successfully sent
2025-09-21 11:56:37.589 +06:00 [DBG] Server desktop-c1paikg:5816:03e0835e heartbeat successfully sent
2025-09-21 11:57:07.615 +06:00 [DBG] Server desktop-c1paikg:5816:03e0835e heartbeat successfully sent
2025-09-21 11:57:37.634 +06:00 [DBG] Server desktop-c1paikg:5816:03e0835e heartbeat successfully sent
2025-09-21 11:58:07.655 +06:00 [DBG] Server desktop-c1paikg:5816:03e0835e heartbeat successfully sent
2025-09-21 11:58:31.836 +06:00 [DBG] Aggregating records in 'Counter' table...
2025-09-21 11:58:37.692 +06:00 [DBG] Server desktop-c1paikg:5816:03e0835e heartbeat successfully sent
2025-09-21 11:59:07.701 +06:00 [DBG] Server desktop-c1paikg:5816:03e0835e heartbeat successfully sent
2025-09-21 11:59:37.718 +06:00 [DBG] Server desktop-c1paikg:5816:03e0835e heartbeat successfully sent
2025-09-21 12:00:07.734 +06:00 [DBG] Server desktop-c1paikg:5816:03e0835e heartbeat successfully sent
2025-09-21 12:00:37.754 +06:00 [DBG] Server desktop-c1paikg:5816:03e0835e heartbeat successfully sent
2025-09-21 12:01:07.776 +06:00 [DBG] Server desktop-c1paikg:5816:03e0835e heartbeat successfully sent
2025-09-21 12:01:37.796 +06:00 [DBG] Server desktop-c1paikg:5816:03e0835e heartbeat successfully sent
2025-09-21 12:02:07.822 +06:00 [DBG] Server desktop-c1paikg:5816:03e0835e heartbeat successfully sent
2025-09-21 12:02:37.850 +06:00 [DBG] Server desktop-c1paikg:5816:03e0835e heartbeat successfully sent
2025-09-21 12:03:07.879 +06:00 [DBG] Server desktop-c1paikg:5816:03e0835e heartbeat successfully sent
2025-09-21 12:03:31.943 +06:00 [DBG] Aggregating records in 'Counter' table...
2025-09-21 12:03:37.891 +06:00 [DBG] Server desktop-c1paikg:5816:03e0835e heartbeat successfully sent
2025-09-21 12:04:07.901 +06:00 [DBG] Server desktop-c1paikg:5816:03e0835e heartbeat successfully sent
2025-09-21 12:04:37.923 +06:00 [DBG] Server desktop-c1paikg:5816:03e0835e heartbeat successfully sent
2025-09-21 12:05:07.938 +06:00 [DBG] Server desktop-c1paikg:5816:03e0835e heartbeat successfully sent
2025-09-21 12:05:37.946 +06:00 [DBG] Server desktop-c1paikg:5816:03e0835e heartbeat successfully sent
2025-09-21 12:06:07.971 +06:00 [DBG] Server desktop-c1paikg:5816:03e0835e heartbeat successfully sent
2025-09-21 12:06:37.991 +06:00 [DBG] Server desktop-c1paikg:5816:03e0835e heartbeat successfully sent
2025-09-21 12:07:08.019 +06:00 [DBG] Server desktop-c1paikg:5816:03e0835e heartbeat successfully sent
2025-09-21 12:07:38.041 +06:00 [DBG] Server desktop-c1paikg:5816:03e0835e heartbeat successfully sent
2025-09-21 12:08:08.054 +06:00 [DBG] Server desktop-c1paikg:5816:03e0835e heartbeat successfully sent
2025-09-21 12:08:32.054 +06:00 [DBG] Aggregating records in 'Counter' table...
2025-09-21 12:08:38.073 +06:00 [DBG] Server desktop-c1paikg:5816:03e0835e heartbeat successfully sent
2025-09-21 12:09:08.082 +06:00 [DBG] Server desktop-c1paikg:5816:03e0835e heartbeat successfully sent
2025-09-21 12:09:38.092 +06:00 [DBG] Server desktop-c1paikg:5816:03e0835e heartbeat successfully sent
2025-09-21 12:10:08.099 +06:00 [DBG] Server desktop-c1paikg:5816:03e0835e heartbeat successfully sent
2025-09-21 12:10:38.119 +06:00 [DBG] Server desktop-c1paikg:5816:03e0835e heartbeat successfully sent
2025-09-21 12:11:08.128 +06:00 [DBG] Server desktop-c1paikg:5816:03e0835e heartbeat successfully sent
2025-09-21 12:11:38.145 +06:00 [DBG] Server desktop-c1paikg:5816:03e0835e heartbeat successfully sent
2025-09-21 12:12:08.162 +06:00 [DBG] Server desktop-c1paikg:5816:03e0835e heartbeat successfully sent
2025-09-21 12:12:38.177 +06:00 [DBG] Server desktop-c1paikg:5816:03e0835e heartbeat successfully sent
2025-09-21 12:13:08.191 +06:00 [DBG] Server desktop-c1paikg:5816:03e0835e heartbeat successfully sent
2025-09-21 12:13:30.666 +06:00 [DBG] Removing outdated records from the 'AggregatedCounter' table...
2025-09-21 12:13:30.675 +06:00 [DBG] Removing outdated records from the 'Job' table...
2025-09-21 12:13:30.693 +06:00 [DBG] Removing outdated records from the 'List' table...
2025-09-21 12:13:30.696 +06:00 [DBG] Removing outdated records from the 'Set' table...
2025-09-21 12:13:30.699 +06:00 [DBG] Removing outdated records from the 'Hash' table...
2025-09-21 12:13:32.159 +06:00 [DBG] Aggregating records in 'Counter' table...
2025-09-21 12:13:38.224 +06:00 [DBG] Server desktop-c1paikg:5816:03e0835e heartbeat successfully sent
2025-09-21 12:14:08.256 +06:00 [DBG] Server desktop-c1paikg:5816:03e0835e heartbeat successfully sent
2025-09-21 12:14:38.280 +06:00 [DBG] Server desktop-c1paikg:5816:03e0835e heartbeat successfully sent
2025-09-21 12:15:08.295 +06:00 [DBG] Server desktop-c1paikg:5816:03e0835e heartbeat successfully sent
2025-09-21 12:15:38.308 +06:00 [DBG] Server desktop-c1paikg:5816:03e0835e heartbeat successfully sent
2025-09-21 12:16:08.336 +06:00 [DBG] Server desktop-c1paikg:5816:03e0835e heartbeat successfully sent
2025-09-21 12:16:38.347 +06:00 [DBG] Server desktop-c1paikg:5816:03e0835e heartbeat successfully sent
2025-09-21 12:17:08.375 +06:00 [DBG] Server desktop-c1paikg:5816:03e0835e heartbeat successfully sent
2025-09-21 12:17:38.391 +06:00 [DBG] Server desktop-c1paikg:5816:03e0835e heartbeat successfully sent
2025-09-21 12:18:08.418 +06:00 [DBG] Server desktop-c1paikg:5816:03e0835e heartbeat successfully sent
2025-09-21 12:18:32.258 +06:00 [DBG] Aggregating records in 'Counter' table...
2025-09-21 12:18:38.439 +06:00 [DBG] Server desktop-c1paikg:5816:03e0835e heartbeat successfully sent
2025-09-21 12:19:08.469 +06:00 [DBG] Server desktop-c1paikg:5816:03e0835e heartbeat successfully sent
2025-09-21 12:19:38.487 +06:00 [DBG] Server desktop-c1paikg:5816:03e0835e heartbeat successfully sent
2025-09-21 12:20:08.499 +06:00 [DBG] Server desktop-c1paikg:5816:03e0835e heartbeat successfully sent
2025-09-21 12:20:38.522 +06:00 [DBG] Server desktop-c1paikg:5816:03e0835e heartbeat successfully sent
2025-09-21 12:21:08.550 +06:00 [DBG] Server desktop-c1paikg:5816:03e0835e heartbeat successfully sent
2025-09-21 12:21:38.565 +06:00 [DBG] Server desktop-c1paikg:5816:03e0835e heartbeat successfully sent
2025-09-21 12:22:08.584 +06:00 [DBG] Server desktop-c1paikg:5816:03e0835e heartbeat successfully sent
2025-09-21 12:22:38.607 +06:00 [DBG] Server desktop-c1paikg:5816:03e0835e heartbeat successfully sent
2025-09-21 12:23:08.626 +06:00 [DBG] Server desktop-c1paikg:5816:03e0835e heartbeat successfully sent
2025-09-21 12:23:32.382 +06:00 [DBG] Aggregating records in 'Counter' table...
2025-09-21 12:23:38.641 +06:00 [DBG] Server desktop-c1paikg:5816:03e0835e heartbeat successfully sent
2025-09-21 12:24:08.660 +06:00 [DBG] Server desktop-c1paikg:5816:03e0835e heartbeat successfully sent
2025-09-21 12:24:38.677 +06:00 [DBG] Server desktop-c1paikg:5816:03e0835e heartbeat successfully sent
2025-09-21 12:25:08.705 +06:00 [DBG] Server desktop-c1paikg:5816:03e0835e heartbeat successfully sent
2025-09-21 12:25:38.725 +06:00 [DBG] Server desktop-c1paikg:5816:03e0835e heartbeat successfully sent
2025-09-21 12:26:08.745 +06:00 [DBG] Server desktop-c1paikg:5816:03e0835e heartbeat successfully sent
2025-09-21 12:26:38.763 +06:00 [DBG] Server desktop-c1paikg:5816:03e0835e heartbeat successfully sent
2025-09-21 12:27:08.791 +06:00 [DBG] Server desktop-c1paikg:5816:03e0835e heartbeat successfully sent
2025-09-21 12:27:38.804 +06:00 [DBG] Server desktop-c1paikg:5816:03e0835e heartbeat successfully sent
2025-09-21 12:28:08.822 +06:00 [DBG] Server desktop-c1paikg:5816:03e0835e heartbeat successfully sent
2025-09-21 12:28:32.492 +06:00 [DBG] Aggregating records in 'Counter' table...
2025-09-21 12:28:38.831 +06:00 [DBG] Server desktop-c1paikg:5816:03e0835e heartbeat successfully sent
2025-09-21 12:29:08.859 +06:00 [DBG] Server desktop-c1paikg:5816:03e0835e heartbeat successfully sent
2025-09-21 12:29:38.884 +06:00 [DBG] Server desktop-c1paikg:5816:03e0835e heartbeat successfully sent
2025-09-21 12:30:08.905 +06:00 [DBG] Server desktop-c1paikg:5816:03e0835e heartbeat successfully sent
2025-09-21 12:30:38.925 +06:00 [DBG] Server desktop-c1paikg:5816:03e0835e heartbeat successfully sent
2025-09-21 12:31:08.946 +06:00 [DBG] Server desktop-c1paikg:5816:03e0835e heartbeat successfully sent
2025-09-21 12:31:38.970 +06:00 [DBG] Server desktop-c1paikg:5816:03e0835e heartbeat successfully sent
2025-09-21 12:32:08.995 +06:00 [DBG] Server desktop-c1paikg:5816:03e0835e heartbeat successfully sent
2025-09-21 12:32:39.009 +06:00 [DBG] Server desktop-c1paikg:5816:03e0835e heartbeat successfully sent
2025-09-21 12:33:09.039 +06:00 [DBG] Server desktop-c1paikg:5816:03e0835e heartbeat successfully sent
2025-09-21 12:33:32.637 +06:00 [DBG] Aggregating records in 'Counter' table...
2025-09-21 12:33:39.056 +06:00 [DBG] Server desktop-c1paikg:5816:03e0835e heartbeat successfully sent
2025-09-21 12:34:09.079 +06:00 [DBG] Server desktop-c1paikg:5816:03e0835e heartbeat successfully sent
2025-09-21 12:34:39.098 +06:00 [DBG] Server desktop-c1paikg:5816:03e0835e heartbeat successfully sent
2025-09-21 12:35:09.122 +06:00 [DBG] Server desktop-c1paikg:5816:03e0835e heartbeat successfully sent
2025-09-21 12:35:39.144 +06:00 [DBG] Server desktop-c1paikg:5816:03e0835e heartbeat successfully sent
2025-09-21 12:36:09.173 +06:00 [DBG] Server desktop-c1paikg:5816:03e0835e heartbeat successfully sent
2025-09-21 12:36:39.195 +06:00 [DBG] Server desktop-c1paikg:5816:03e0835e heartbeat successfully sent
2025-09-21 12:37:09.221 +06:00 [DBG] Server desktop-c1paikg:5816:03e0835e heartbeat successfully sent
2025-09-21 12:37:39.244 +06:00 [DBG] Server desktop-c1paikg:5816:03e0835e heartbeat successfully sent
2025-09-21 12:38:09.260 +06:00 [DBG] Server desktop-c1paikg:5816:03e0835e heartbeat successfully sent
2025-09-21 12:38:32.752 +06:00 [DBG] Aggregating records in 'Counter' table...
2025-09-21 12:38:39.276 +06:00 [DBG] Server desktop-c1paikg:5816:03e0835e heartbeat successfully sent
2025-09-21 12:39:09.296 +06:00 [DBG] Server desktop-c1paikg:5816:03e0835e heartbeat successfully sent
2025-09-21 12:39:39.309 +06:00 [DBG] Server desktop-c1paikg:5816:03e0835e heartbeat successfully sent
2025-09-21 12:40:09.329 +06:00 [DBG] Server desktop-c1paikg:5816:03e0835e heartbeat successfully sent
2025-09-21 12:40:39.349 +06:00 [DBG] Server desktop-c1paikg:5816:03e0835e heartbeat successfully sent
2025-09-21 12:41:09.360 +06:00 [DBG] Server desktop-c1paikg:5816:03e0835e heartbeat successfully sent
2025-09-21 12:41:39.375 +06:00 [DBG] Server desktop-c1paikg:5816:03e0835e heartbeat successfully sent
2025-09-21 12:42:09.401 +06:00 [DBG] Server desktop-c1paikg:5816:03e0835e heartbeat successfully sent
2025-09-21 12:42:39.431 +06:00 [DBG] Server desktop-c1paikg:5816:03e0835e heartbeat successfully sent
2025-09-21 12:43:09.446 +06:00 [DBG] Server desktop-c1paikg:5816:03e0835e heartbeat successfully sent
2025-09-21 12:43:31.235 +06:00 [DBG] Removing outdated records from the 'AggregatedCounter' table...
2025-09-21 12:43:31.251 +06:00 [DBG] Removing outdated records from the 'Job' table...
2025-09-21 12:43:31.263 +06:00 [DBG] Removing outdated records from the 'List' table...
2025-09-21 12:43:31.267 +06:00 [DBG] Removing outdated records from the 'Set' table...
2025-09-21 12:43:31.270 +06:00 [DBG] Removing outdated records from the 'Hash' table...
2025-09-21 12:43:32.874 +06:00 [DBG] Aggregating records in 'Counter' table...
2025-09-21 12:43:39.475 +06:00 [DBG] Server desktop-c1paikg:5816:03e0835e heartbeat successfully sent
2025-09-21 12:44:09.491 +06:00 [DBG] Server desktop-c1paikg:5816:03e0835e heartbeat successfully sent
2025-09-21 12:44:39.514 +06:00 [DBG] Server desktop-c1paikg:5816:03e0835e heartbeat successfully sent
2025-09-21 12:45:09.531 +06:00 [DBG] Server desktop-c1paikg:5816:03e0835e heartbeat successfully sent
2025-09-21 12:45:39.555 +06:00 [DBG] Server desktop-c1paikg:5816:03e0835e heartbeat successfully sent
2025-09-21 12:46:09.579 +06:00 [DBG] Server desktop-c1paikg:5816:03e0835e heartbeat successfully sent
2025-09-21 12:46:39.596 +06:00 [DBG] Server desktop-c1paikg:5816:03e0835e heartbeat successfully sent
2025-09-21 12:47:09.621 +06:00 [DBG] Server desktop-c1paikg:5816:03e0835e heartbeat successfully sent
2025-09-21 12:47:39.641 +06:00 [DBG] Server desktop-c1paikg:5816:03e0835e heartbeat successfully sent
2025-09-21 12:48:09.665 +06:00 [DBG] Server desktop-c1paikg:5816:03e0835e heartbeat successfully sent
2025-09-21 12:48:32.992 +06:00 [DBG] Aggregating records in 'Counter' table...
2025-09-21 12:48:39.684 +06:00 [DBG] Server desktop-c1paikg:5816:03e0835e heartbeat successfully sent
2025-09-21 12:49:09.716 +06:00 [DBG] Server desktop-c1paikg:5816:03e0835e heartbeat successfully sent
2025-09-21 12:49:39.727 +06:00 [DBG] Server desktop-c1paikg:5816:03e0835e heartbeat successfully sent
2025-09-21 12:50:09.738 +06:00 [DBG] Server desktop-c1paikg:5816:03e0835e heartbeat successfully sent
2025-09-21 12:50:39.758 +06:00 [DBG] Server desktop-c1paikg:5816:03e0835e heartbeat successfully sent
2025-09-21 12:51:09.778 +06:00 [DBG] Server desktop-c1paikg:5816:03e0835e heartbeat successfully sent
2025-09-21 12:51:39.786 +06:00 [DBG] Server desktop-c1paikg:5816:03e0835e heartbeat successfully sent
2025-09-21 12:52:09.822 +06:00 [DBG] Server desktop-c1paikg:5816:03e0835e heartbeat successfully sent
2025-09-21 12:52:39.841 +06:00 [DBG] Server desktop-c1paikg:5816:03e0835e heartbeat successfully sent
2025-09-21 12:53:09.853 +06:00 [DBG] Server desktop-c1paikg:5816:03e0835e heartbeat successfully sent
2025-09-21 12:53:33.110 +06:00 [DBG] Aggregating records in 'Counter' table...
2025-09-21 12:53:39.876 +06:00 [DBG] Server desktop-c1paikg:5816:03e0835e heartbeat successfully sent
2025-09-21 12:54:09.896 +06:00 [DBG] Server desktop-c1paikg:5816:03e0835e heartbeat successfully sent
2025-09-21 12:54:39.926 +06:00 [DBG] Server desktop-c1paikg:5816:03e0835e heartbeat successfully sent
2025-09-21 12:55:09.947 +06:00 [DBG] Server desktop-c1paikg:5816:03e0835e heartbeat successfully sent
2025-09-21 12:55:39.986 +06:00 [DBG] Server desktop-c1paikg:5816:03e0835e heartbeat successfully sent
2025-09-21 12:56:10.003 +06:00 [DBG] Server desktop-c1paikg:5816:03e0835e heartbeat successfully sent
2025-09-21 12:56:40.025 +06:00 [DBG] Server desktop-c1paikg:5816:03e0835e heartbeat successfully sent
2025-09-21 12:57:10.042 +06:00 [DBG] Server desktop-c1paikg:5816:03e0835e heartbeat successfully sent
2025-09-21 12:57:40.075 +06:00 [DBG] Server desktop-c1paikg:5816:03e0835e heartbeat successfully sent
2025-09-21 12:58:10.103 +06:00 [DBG] Server desktop-c1paikg:5816:03e0835e heartbeat successfully sent
2025-09-21 12:58:33.270 +06:00 [DBG] Aggregating records in 'Counter' table...
2025-09-21 12:58:40.118 +06:00 [DBG] Server desktop-c1paikg:5816:03e0835e heartbeat successfully sent
2025-09-21 12:59:10.156 +06:00 [DBG] Server desktop-c1paikg:5816:03e0835e heartbeat successfully sent
2025-09-21 12:59:40.178 +06:00 [DBG] Server desktop-c1paikg:5816:03e0835e heartbeat successfully sent
2025-09-21 13:00:10.196 +06:00 [DBG] Server desktop-c1paikg:5816:03e0835e heartbeat successfully sent
2025-09-21 13:00:40.220 +06:00 [DBG] Server desktop-c1paikg:5816:03e0835e heartbeat successfully sent
2025-09-21 13:01:10.244 +06:00 [DBG] Server desktop-c1paikg:5816:03e0835e heartbeat successfully sent
2025-09-21 13:01:40.272 +06:00 [DBG] Server desktop-c1paikg:5816:03e0835e heartbeat successfully sent
2025-09-21 13:02:10.290 +06:00 [DBG] Server desktop-c1paikg:5816:03e0835e heartbeat successfully sent
2025-09-21 13:02:40.305 +06:00 [DBG] Server desktop-c1paikg:5816:03e0835e heartbeat successfully sent
2025-09-21 13:03:10.329 +06:00 [DBG] Server desktop-c1paikg:5816:03e0835e heartbeat successfully sent
2025-09-21 13:03:33.400 +06:00 [DBG] Aggregating records in 'Counter' table...
2025-09-21 13:03:40.344 +06:00 [DBG] Server desktop-c1paikg:5816:03e0835e heartbeat successfully sent
2025-09-21 13:04:10.372 +06:00 [DBG] Server desktop-c1paikg:5816:03e0835e heartbeat successfully sent
2025-09-21 13:04:40.397 +06:00 [DBG] Server desktop-c1paikg:5816:03e0835e heartbeat successfully sent
2025-09-21 13:05:10.418 +06:00 [DBG] Server desktop-c1paikg:5816:03e0835e heartbeat successfully sent
2025-09-21 13:05:40.446 +06:00 [DBG] Server desktop-c1paikg:5816:03e0835e heartbeat successfully sent
2025-09-21 13:06:10.463 +06:00 [DBG] Server desktop-c1paikg:5816:03e0835e heartbeat successfully sent
2025-09-21 13:06:40.489 +06:00 [DBG] Server desktop-c1paikg:5816:03e0835e heartbeat successfully sent
2025-09-21 13:07:10.507 +06:00 [DBG] Server desktop-c1paikg:5816:03e0835e heartbeat successfully sent
2025-09-21 13:07:40.514 +06:00 [DBG] Server desktop-c1paikg:5816:03e0835e heartbeat successfully sent
2025-09-21 13:08:10.543 +06:00 [DBG] Server desktop-c1paikg:5816:03e0835e heartbeat successfully sent
2025-09-21 13:08:33.527 +06:00 [DBG] Aggregating records in 'Counter' table...
2025-09-21 13:08:40.569 +06:00 [DBG] Server desktop-c1paikg:5816:03e0835e heartbeat successfully sent
2025-09-21 13:09:10.594 +06:00 [DBG] Server desktop-c1paikg:5816:03e0835e heartbeat successfully sent
2025-09-21 13:09:40.617 +06:00 [DBG] Server desktop-c1paikg:5816:03e0835e heartbeat successfully sent
2025-09-21 13:10:10.636 +06:00 [DBG] Server desktop-c1paikg:5816:03e0835e heartbeat successfully sent
2025-09-21 13:10:40.665 +06:00 [DBG] Server desktop-c1paikg:5816:03e0835e heartbeat successfully sent
2025-09-21 13:11:10.686 +06:00 [DBG] Server desktop-c1paikg:5816:03e0835e heartbeat successfully sent
2025-09-21 13:11:40.700 +06:00 [DBG] Server desktop-c1paikg:5816:03e0835e heartbeat successfully sent
2025-09-21 13:12:10.715 +06:00 [DBG] Server desktop-c1paikg:5816:03e0835e heartbeat successfully sent
2025-09-21 13:12:40.737 +06:00 [DBG] Server desktop-c1paikg:5816:03e0835e heartbeat successfully sent
2025-09-21 13:13:10.759 +06:00 [DBG] Server desktop-c1paikg:5816:03e0835e heartbeat successfully sent
2025-09-21 13:13:31.852 +06:00 [DBG] Removing outdated records from the 'AggregatedCounter' table...
2025-09-21 13:13:31.856 +06:00 [DBG] Removing outdated records from the 'Job' table...
2025-09-21 13:13:31.863 +06:00 [DBG] Removing outdated records from the 'List' table...
2025-09-21 13:13:31.866 +06:00 [DBG] Removing outdated records from the 'Set' table...
2025-09-21 13:13:31.867 +06:00 [DBG] Removing outdated records from the 'Hash' table...
2025-09-21 13:13:33.626 +06:00 [DBG] Aggregating records in 'Counter' table...
2025-09-21 13:13:40.784 +06:00 [DBG] Server desktop-c1paikg:5816:03e0835e heartbeat successfully sent
2025-09-21 13:14:10.812 +06:00 [DBG] Server desktop-c1paikg:5816:03e0835e heartbeat successfully sent
2025-09-21 13:14:40.836 +06:00 [DBG] Server desktop-c1paikg:5816:03e0835e heartbeat successfully sent
2025-09-21 13:15:10.860 +06:00 [DBG] Server desktop-c1paikg:5816:03e0835e heartbeat successfully sent
2025-09-21 13:15:40.872 +06:00 [DBG] Server desktop-c1paikg:5816:03e0835e heartbeat successfully sent
2025-09-21 13:16:10.886 +06:00 [DBG] Server desktop-c1paikg:5816:03e0835e heartbeat successfully sent
2025-09-21 13:16:40.899 +06:00 [DBG] Server desktop-c1paikg:5816:03e0835e heartbeat successfully sent
2025-09-21 13:17:10.909 +06:00 [DBG] Server desktop-c1paikg:5816:03e0835e heartbeat successfully sent
2025-09-21 13:17:40.941 +06:00 [DBG] Server desktop-c1paikg:5816:03e0835e heartbeat successfully sent
2025-09-21 13:18:10.963 +06:00 [DBG] Server desktop-c1paikg:5816:03e0835e heartbeat successfully sent
2025-09-21 13:18:33.762 +06:00 [DBG] Aggregating records in 'Counter' table...
2025-09-21 13:18:40.990 +06:00 [DBG] Server desktop-c1paikg:5816:03e0835e heartbeat successfully sent
2025-09-21 13:19:11.006 +06:00 [DBG] Server desktop-c1paikg:5816:03e0835e heartbeat successfully sent
2025-09-21 13:19:41.018 +06:00 [DBG] Server desktop-c1paikg:5816:03e0835e heartbeat successfully sent
2025-09-21 13:20:11.034 +06:00 [DBG] Server desktop-c1paikg:5816:03e0835e heartbeat successfully sent
2025-09-21 13:20:41.057 +06:00 [DBG] Server desktop-c1paikg:5816:03e0835e heartbeat successfully sent
2025-09-21 13:21:11.068 +06:00 [DBG] Server desktop-c1paikg:5816:03e0835e heartbeat successfully sent
2025-09-21 13:21:41.091 +06:00 [DBG] Server desktop-c1paikg:5816:03e0835e heartbeat successfully sent
2025-09-21 13:22:11.116 +06:00 [DBG] Server desktop-c1paikg:5816:03e0835e heartbeat successfully sent
2025-09-21 13:22:41.128 +06:00 [DBG] Server desktop-c1paikg:5816:03e0835e heartbeat successfully sent
2025-09-21 13:23:11.154 +06:00 [DBG] Server desktop-c1paikg:5816:03e0835e heartbeat successfully sent
2025-09-21 13:23:33.895 +06:00 [DBG] Aggregating records in 'Counter' table...
2025-09-21 13:23:41.172 +06:00 [DBG] Server desktop-c1paikg:5816:03e0835e heartbeat successfully sent
2025-09-21 13:24:11.201 +06:00 [DBG] Server desktop-c1paikg:5816:03e0835e heartbeat successfully sent
2025-09-21 13:24:41.220 +06:00 [DBG] Server desktop-c1paikg:5816:03e0835e heartbeat successfully sent
2025-09-21 13:25:11.236 +06:00 [DBG] Server desktop-c1paikg:5816:03e0835e heartbeat successfully sent
2025-09-21 13:25:41.256 +06:00 [DBG] Server desktop-c1paikg:5816:03e0835e heartbeat successfully sent
2025-09-21 13:26:11.272 +06:00 [DBG] Server desktop-c1paikg:5816:03e0835e heartbeat successfully sent
2025-09-21 13:26:41.285 +06:00 [DBG] Server desktop-c1paikg:5816:03e0835e heartbeat successfully sent
2025-09-21 13:27:11.308 +06:00 [DBG] Server desktop-c1paikg:5816:03e0835e heartbeat successfully sent
2025-09-21 13:27:41.334 +06:00 [DBG] Server desktop-c1paikg:5816:03e0835e heartbeat successfully sent
2025-09-21 13:28:11.359 +06:00 [DBG] Server desktop-c1paikg:5816:03e0835e heartbeat successfully sent
2025-09-21 13:28:34.034 +06:00 [DBG] Aggregating records in 'Counter' table...
2025-09-21 13:28:41.380 +06:00 [DBG] Server desktop-c1paikg:5816:03e0835e heartbeat successfully sent
2025-09-21 13:29:11.397 +06:00 [DBG] Server desktop-c1paikg:5816:03e0835e heartbeat successfully sent
2025-09-21 13:29:41.427 +06:00 [DBG] Server desktop-c1paikg:5816:03e0835e heartbeat successfully sent
2025-09-21 13:30:11.453 +06:00 [DBG] Server desktop-c1paikg:5816:03e0835e heartbeat successfully sent
2025-09-21 13:30:41.461 +06:00 [DBG] Server desktop-c1paikg:5816:03e0835e heartbeat successfully sent
2025-09-21 13:31:11.479 +06:00 [DBG] Server desktop-c1paikg:5816:03e0835e heartbeat successfully sent
2025-09-21 13:31:41.507 +06:00 [DBG] Server desktop-c1paikg:5816:03e0835e heartbeat successfully sent
2025-09-21 13:32:11.523 +06:00 [DBG] Server desktop-c1paikg:5816:03e0835e heartbeat successfully sent
2025-09-21 13:32:41.547 +06:00 [DBG] Server desktop-c1paikg:5816:03e0835e heartbeat successfully sent
2025-09-21 13:33:11.560 +06:00 [DBG] Server desktop-c1paikg:5816:03e0835e heartbeat successfully sent
2025-09-21 13:33:34.173 +06:00 [DBG] Aggregating records in 'Counter' table...
2025-09-21 13:33:41.593 +06:00 [DBG] Server desktop-c1paikg:5816:03e0835e heartbeat successfully sent
2025-09-21 13:34:11.605 +06:00 [DBG] Server desktop-c1paikg:5816:03e0835e heartbeat successfully sent
2025-09-21 13:34:41.623 +06:00 [DBG] Server desktop-c1paikg:5816:03e0835e heartbeat successfully sent
2025-09-21 13:35:11.652 +06:00 [DBG] Server desktop-c1paikg:5816:03e0835e heartbeat successfully sent
2025-09-21 13:35:41.669 +06:00 [DBG] Server desktop-c1paikg:5816:03e0835e heartbeat successfully sent
2025-09-21 13:36:11.691 +06:00 [DBG] Server desktop-c1paikg:5816:03e0835e heartbeat successfully sent
2025-09-21 13:36:41.716 +06:00 [DBG] Server desktop-c1paikg:5816:03e0835e heartbeat successfully sent
2025-09-21 13:37:11.740 +06:00 [DBG] Server desktop-c1paikg:5816:03e0835e heartbeat successfully sent
2025-09-21 13:37:41.756 +06:00 [DBG] Server desktop-c1paikg:5816:03e0835e heartbeat successfully sent
2025-09-21 13:38:11.783 +06:00 [DBG] Server desktop-c1paikg:5816:03e0835e heartbeat successfully sent
2025-09-21 13:38:34.306 +06:00 [DBG] Aggregating records in 'Counter' table...
2025-09-21 13:38:41.809 +06:00 [DBG] Server desktop-c1paikg:5816:03e0835e heartbeat successfully sent
2025-09-21 13:39:11.825 +06:00 [DBG] Server desktop-c1paikg:5816:03e0835e heartbeat successfully sent
2025-09-21 13:39:41.856 +06:00 [DBG] Server desktop-c1paikg:5816:03e0835e heartbeat successfully sent
2025-09-21 13:40:11.873 +06:00 [DBG] Server desktop-c1paikg:5816:03e0835e heartbeat successfully sent
2025-09-21 13:40:41.893 +06:00 [DBG] Server desktop-c1paikg:5816:03e0835e heartbeat successfully sent
2025-09-21 13:41:11.916 +06:00 [DBG] Server desktop-c1paikg:5816:03e0835e heartbeat successfully sent
2025-09-21 13:41:41.938 +06:00 [DBG] Server desktop-c1paikg:5816:03e0835e heartbeat successfully sent
2025-09-21 13:42:11.956 +06:00 [DBG] Server desktop-c1paikg:5816:03e0835e heartbeat successfully sent
2025-09-21 13:42:41.975 +06:00 [DBG] Server desktop-c1paikg:5816:03e0835e heartbeat successfully sent
2025-09-21 13:43:12.005 +06:00 [DBG] Server desktop-c1paikg:5816:03e0835e heartbeat successfully sent
2025-09-21 13:43:32.453 +06:00 [DBG] Removing outdated records from the 'AggregatedCounter' table...
2025-09-21 13:43:32.471 +06:00 [DBG] Removing outdated records from the 'Job' table...
2025-09-21 13:43:32.487 +06:00 [DBG] Removing outdated records from the 'List' table...
2025-09-21 13:43:32.491 +06:00 [DBG] Removing outdated records from the 'Set' table...
2025-09-21 13:43:32.494 +06:00 [DBG] Removing outdated records from the 'Hash' table...
2025-09-21 13:43:34.441 +06:00 [DBG] Aggregating records in 'Counter' table...
2025-09-21 13:43:42.032 +06:00 [DBG] Server desktop-c1paikg:5816:03e0835e heartbeat successfully sent
2025-09-21 13:44:12.065 +06:00 [DBG] Server desktop-c1paikg:5816:03e0835e heartbeat successfully sent
2025-09-21 13:44:42.083 +06:00 [DBG] Server desktop-c1paikg:5816:03e0835e heartbeat successfully sent
2025-09-21 13:45:12.109 +06:00 [DBG] Server desktop-c1paikg:5816:03e0835e heartbeat successfully sent
2025-09-21 13:45:42.125 +06:00 [DBG] Server desktop-c1paikg:5816:03e0835e heartbeat successfully sent
2025-09-21 13:46:12.146 +06:00 [DBG] Server desktop-c1paikg:5816:03e0835e heartbeat successfully sent
2025-09-21 13:46:42.160 +06:00 [DBG] Server desktop-c1paikg:5816:03e0835e heartbeat successfully sent
2025-09-21 13:47:12.176 +06:00 [DBG] Server desktop-c1paikg:5816:03e0835e heartbeat successfully sent
2025-09-21 13:47:42.197 +06:00 [DBG] Server desktop-c1paikg:5816:03e0835e heartbeat successfully sent
2025-09-21 13:48:12.219 +06:00 [DBG] Server desktop-c1paikg:5816:03e0835e heartbeat successfully sent
2025-09-21 13:48:34.600 +06:00 [DBG] Aggregating records in 'Counter' table...
2025-09-21 13:48:42.228 +06:00 [DBG] Server desktop-c1paikg:5816:03e0835e heartbeat successfully sent
2025-09-21 13:49:12.260 +06:00 [DBG] Server desktop-c1paikg:5816:03e0835e heartbeat successfully sent
2025-09-21 13:49:42.273 +06:00 [DBG] Server desktop-c1paikg:5816:03e0835e heartbeat successfully sent
2025-09-21 13:50:12.292 +06:00 [DBG] Server desktop-c1paikg:5816:03e0835e heartbeat successfully sent
2025-09-21 13:50:42.315 +06:00 [DBG] Server desktop-c1paikg:5816:03e0835e heartbeat successfully sent
2025-09-21 13:51:12.335 +06:00 [DBG] Server desktop-c1paikg:5816:03e0835e heartbeat successfully sent
2025-09-21 13:51:42.365 +06:00 [DBG] Server desktop-c1paikg:5816:03e0835e heartbeat successfully sent
2025-09-21 13:52:12.381 +06:00 [DBG] Server desktop-c1paikg:5816:03e0835e heartbeat successfully sent
2025-09-21 13:52:42.411 +06:00 [DBG] Server desktop-c1paikg:5816:03e0835e heartbeat successfully sent
2025-09-21 13:53:12.434 +06:00 [DBG] Server desktop-c1paikg:5816:03e0835e heartbeat successfully sent
2025-09-21 13:53:34.728 +06:00 [DBG] Aggregating records in 'Counter' table...
2025-09-21 13:53:42.450 +06:00 [DBG] Server desktop-c1paikg:5816:03e0835e heartbeat successfully sent
2025-09-21 13:54:12.469 +06:00 [DBG] Server desktop-c1paikg:5816:03e0835e heartbeat successfully sent
2025-09-21 13:54:42.494 +06:00 [DBG] Server desktop-c1paikg:5816:03e0835e heartbeat successfully sent
2025-09-21 13:55:12.524 +06:00 [DBG] Server desktop-c1paikg:5816:03e0835e heartbeat successfully sent
2025-09-21 13:55:42.539 +06:00 [DBG] Server desktop-c1paikg:5816:03e0835e heartbeat successfully sent
2025-09-21 13:56:12.558 +06:00 [DBG] Server desktop-c1paikg:5816:03e0835e heartbeat successfully sent
2025-09-21 13:56:42.570 +06:00 [DBG] Server desktop-c1paikg:5816:03e0835e heartbeat successfully sent
2025-09-21 13:57:12.589 +06:00 [DBG] Server desktop-c1paikg:5816:03e0835e heartbeat successfully sent
2025-09-21 13:57:42.599 +06:00 [DBG] Server desktop-c1paikg:5816:03e0835e heartbeat successfully sent
2025-09-21 13:58:12.614 +06:00 [DBG] Server desktop-c1paikg:5816:03e0835e heartbeat successfully sent
2025-09-21 13:58:22.583 +06:00 [INF] User logged in successfully
2025-09-21 13:58:34.841 +06:00 [DBG] Aggregating records in 'Counter' table...
2025-09-21 13:58:42.643 +06:00 [DBG] Server desktop-c1paikg:5816:03e0835e heartbeat successfully sent
2025-09-21 13:59:12.665 +06:00 [DBG] Server desktop-c1paikg:5816:03e0835e heartbeat successfully sent
2025-09-21 13:59:42.692 +06:00 [DBG] Server desktop-c1paikg:5816:03e0835e heartbeat successfully sent
2025-09-21 14:00:12.705 +06:00 [DBG] Server desktop-c1paikg:5816:03e0835e heartbeat successfully sent
2025-09-21 14:00:42.727 +06:00 [DBG] Server desktop-c1paikg:5816:03e0835e heartbeat successfully sent
2025-09-21 14:01:12.754 +06:00 [DBG] Server desktop-c1paikg:5816:03e0835e heartbeat successfully sent
2025-09-21 14:01:42.774 +06:00 [DBG] Server desktop-c1paikg:5816:03e0835e heartbeat successfully sent
2025-09-21 14:02:12.801 +06:00 [DBG] Server desktop-c1paikg:5816:03e0835e heartbeat successfully sent
2025-09-21 14:02:42.827 +06:00 [DBG] Server desktop-c1paikg:5816:03e0835e heartbeat successfully sent
2025-09-21 14:03:12.884 +06:00 [DBG] Server desktop-c1paikg:5816:03e0835e heartbeat successfully sent
2025-09-21 14:03:34.982 +06:00 [DBG] Aggregating records in 'Counter' table...
2025-09-21 14:03:42.904 +06:00 [DBG] Server desktop-c1paikg:5816:03e0835e heartbeat successfully sent
2025-09-21 14:04:12.919 +06:00 [DBG] Server desktop-c1paikg:5816:03e0835e heartbeat successfully sent
2025-09-21 14:04:42.938 +06:00 [DBG] Server desktop-c1paikg:5816:03e0835e heartbeat successfully sent
2025-09-21 14:05:12.965 +06:00 [DBG] Server desktop-c1paikg:5816:03e0835e heartbeat successfully sent
2025-09-21 14:05:42.994 +06:00 [DBG] Server desktop-c1paikg:5816:03e0835e heartbeat successfully sent
2025-09-21 14:06:13.019 +06:00 [DBG] Server desktop-c1paikg:5816:03e0835e heartbeat successfully sent
2025-09-21 14:06:43.027 +06:00 [DBG] Server desktop-c1paikg:5816:03e0835e heartbeat successfully sent
2025-09-21 14:07:13.050 +06:00 [DBG] Server desktop-c1paikg:5816:03e0835e heartbeat successfully sent
2025-09-21 14:07:43.064 +06:00 [DBG] Server desktop-c1paikg:5816:03e0835e heartbeat successfully sent
2025-09-21 14:08:13.083 +06:00 [DBG] Server desktop-c1paikg:5816:03e0835e heartbeat successfully sent
2025-09-21 14:08:35.099 +06:00 [DBG] Aggregating records in 'Counter' table...
2025-09-21 14:08:43.099 +06:00 [DBG] Server desktop-c1paikg:5816:03e0835e heartbeat successfully sent
2025-09-21 14:09:13.129 +06:00 [DBG] Server desktop-c1paikg:5816:03e0835e heartbeat successfully sent
2025-09-21 14:09:43.143 +06:00 [DBG] Server desktop-c1paikg:5816:03e0835e heartbeat successfully sent
2025-09-21 14:10:13.167 +06:00 [DBG] Server desktop-c1paikg:5816:03e0835e heartbeat successfully sent
2025-09-21 14:10:43.178 +06:00 [DBG] Server desktop-c1paikg:5816:03e0835e heartbeat successfully sent
2025-09-21 14:11:13.197 +06:00 [DBG] Server desktop-c1paikg:5816:03e0835e heartbeat successfully sent
2025-09-21 14:11:43.213 +06:00 [DBG] Server desktop-c1paikg:5816:03e0835e heartbeat successfully sent
2025-09-21 14:12:13.232 +06:00 [DBG] Server desktop-c1paikg:5816:03e0835e heartbeat successfully sent
2025-09-21 14:12:43.277 +06:00 [DBG] Server desktop-c1paikg:5816:03e0835e heartbeat successfully sent
2025-09-21 14:13:13.300 +06:00 [DBG] Server desktop-c1paikg:5816:03e0835e heartbeat successfully sent
2025-09-21 14:13:33.106 +06:00 [DBG] Removing outdated records from the 'AggregatedCounter' table...
2025-09-21 14:13:33.109 +06:00 [DBG] Removing outdated records from the 'Job' table...
2025-09-21 14:13:33.113 +06:00 [DBG] Removing outdated records from the 'List' table...
2025-09-21 14:13:33.115 +06:00 [DBG] Removing outdated records from the 'Set' table...
2025-09-21 14:13:33.117 +06:00 [DBG] Removing outdated records from the 'Hash' table...
2025-09-21 14:13:35.217 +06:00 [DBG] Aggregating records in 'Counter' table...
2025-09-21 14:13:43.315 +06:00 [DBG] Server desktop-c1paikg:5816:03e0835e heartbeat successfully sent
2025-09-21 14:14:13.334 +06:00 [DBG] Server desktop-c1paikg:5816:03e0835e heartbeat successfully sent
2025-09-21 14:14:43.350 +06:00 [DBG] Server desktop-c1paikg:5816:03e0835e heartbeat successfully sent
2025-09-21 14:15:13.355 +06:00 [DBG] Server desktop-c1paikg:5816:03e0835e heartbeat successfully sent
2025-09-21 14:15:43.385 +06:00 [DBG] Server desktop-c1paikg:5816:03e0835e heartbeat successfully sent
2025-09-21 14:16:13.402 +06:00 [DBG] Server desktop-c1paikg:5816:03e0835e heartbeat successfully sent
2025-09-21 14:16:43.438 +06:00 [DBG] Server desktop-c1paikg:5816:03e0835e heartbeat successfully sent
2025-09-21 14:17:13.454 +06:00 [DBG] Server desktop-c1paikg:5816:03e0835e heartbeat successfully sent
2025-09-21 14:17:43.473 +06:00 [DBG] Server desktop-c1paikg:5816:03e0835e heartbeat successfully sent
2025-09-21 14:18:13.480 +06:00 [DBG] Server desktop-c1paikg:5816:03e0835e heartbeat successfully sent
2025-09-21 14:18:35.299 +06:00 [DBG] Aggregating records in 'Counter' table...
2025-09-21 14:18:43.492 +06:00 [DBG] Server desktop-c1paikg:5816:03e0835e heartbeat successfully sent
2025-09-21 14:19:13.537 +06:00 [DBG] Server desktop-c1paikg:5816:03e0835e heartbeat successfully sent
2025-09-21 14:19:43.548 +06:00 [DBG] Server desktop-c1paikg:5816:03e0835e heartbeat successfully sent
2025-09-21 14:20:13.564 +06:00 [DBG] Server desktop-c1paikg:5816:03e0835e heartbeat successfully sent
2025-09-21 14:20:43.581 +06:00 [DBG] Server desktop-c1paikg:5816:03e0835e heartbeat successfully sent
2025-09-21 14:21:13.593 +06:00 [DBG] Server desktop-c1paikg:5816:03e0835e heartbeat successfully sent
2025-09-21 14:21:43.613 +06:00 [DBG] Server desktop-c1paikg:5816:03e0835e heartbeat successfully sent
2025-09-21 14:22:13.640 +06:00 [DBG] Server desktop-c1paikg:5816:03e0835e heartbeat successfully sent
2025-09-21 14:22:43.654 +06:00 [DBG] Server desktop-c1paikg:5816:03e0835e heartbeat successfully sent
2025-09-21 14:23:13.679 +06:00 [DBG] Server desktop-c1paikg:5816:03e0835e heartbeat successfully sent
2025-09-21 14:23:35.454 +06:00 [DBG] Aggregating records in 'Counter' table...
2025-09-21 14:23:43.690 +06:00 [DBG] Server desktop-c1paikg:5816:03e0835e heartbeat successfully sent
2025-09-21 14:24:13.707 +06:00 [DBG] Server desktop-c1paikg:5816:03e0835e heartbeat successfully sent
2025-09-21 14:24:43.730 +06:00 [DBG] Server desktop-c1paikg:5816:03e0835e heartbeat successfully sent
2025-09-21 14:25:13.762 +06:00 [DBG] Server desktop-c1paikg:5816:03e0835e heartbeat successfully sent
2025-09-21 14:25:43.786 +06:00 [DBG] Server desktop-c1paikg:5816:03e0835e heartbeat successfully sent
2025-09-21 14:26:13.802 +06:00 [DBG] Server desktop-c1paikg:5816:03e0835e heartbeat successfully sent
2025-09-21 14:26:43.811 +06:00 [DBG] Server desktop-c1paikg:5816:03e0835e heartbeat successfully sent
2025-09-21 14:27:13.837 +06:00 [DBG] Server desktop-c1paikg:5816:03e0835e heartbeat successfully sent
2025-09-21 14:27:43.872 +06:00 [DBG] Server desktop-c1paikg:5816:03e0835e heartbeat successfully sent
2025-09-21 14:28:13.893 +06:00 [DBG] Server desktop-c1paikg:5816:03e0835e heartbeat successfully sent
2025-09-21 14:28:35.591 +06:00 [DBG] Aggregating records in 'Counter' table...
2025-09-21 14:28:43.933 +06:00 [DBG] Server desktop-c1paikg:5816:03e0835e heartbeat successfully sent
2025-09-21 14:29:13.951 +06:00 [DBG] Server desktop-c1paikg:5816:03e0835e heartbeat successfully sent
2025-09-21 14:29:43.971 +06:00 [DBG] Server desktop-c1paikg:5816:03e0835e heartbeat successfully sent
2025-09-21 14:30:13.997 +06:00 [DBG] Server desktop-c1paikg:5816:03e0835e heartbeat successfully sent
2025-09-21 14:30:34.308 +06:00 [INF] User logged in successfully
2025-09-21 14:30:44.017 +06:00 [DBG] Server desktop-c1paikg:5816:03e0835e heartbeat successfully sent
2025-09-21 14:31:14.032 +06:00 [DBG] Server desktop-c1paikg:5816:03e0835e heartbeat successfully sent
2025-09-21 14:31:44.045 +06:00 [DBG] Server desktop-c1paikg:5816:03e0835e heartbeat successfully sent
2025-09-21 14:32:14.062 +06:00 [DBG] Server desktop-c1paikg:5816:03e0835e heartbeat successfully sent
2025-09-21 14:32:44.082 +06:00 [DBG] Server desktop-c1paikg:5816:03e0835e heartbeat successfully sent
2025-09-21 14:33:14.103 +06:00 [DBG] Server desktop-c1paikg:5816:03e0835e heartbeat successfully sent
2025-09-21 14:33:35.678 +06:00 [DBG] Aggregating records in 'Counter' table...
2025-09-21 14:33:44.107 +06:00 [DBG] Server desktop-c1paikg:5816:03e0835e heartbeat successfully sent
2025-09-21 14:34:14.122 +06:00 [DBG] Server desktop-c1paikg:5816:03e0835e heartbeat successfully sent
2025-09-21 14:34:44.137 +06:00 [DBG] Server desktop-c1paikg:5816:03e0835e heartbeat successfully sent
2025-09-21 14:35:14.161 +06:00 [DBG] Server desktop-c1paikg:5816:03e0835e heartbeat successfully sent
2025-09-21 14:35:44.195 +06:00 [DBG] Server desktop-c1paikg:5816:03e0835e heartbeat successfully sent
2025-09-21 14:36:14.218 +06:00 [DBG] Server desktop-c1paikg:5816:03e0835e heartbeat successfully sent
2025-09-21 14:36:44.232 +06:00 [DBG] Server desktop-c1paikg:5816:03e0835e heartbeat successfully sent
2025-09-21 14:37:14.245 +06:00 [DBG] Server desktop-c1paikg:5816:03e0835e heartbeat successfully sent
2025-09-21 14:37:44.258 +06:00 [DBG] Server desktop-c1paikg:5816:03e0835e heartbeat successfully sent
2025-09-21 14:38:14.284 +06:00 [DBG] Server desktop-c1paikg:5816:03e0835e heartbeat successfully sent
2025-09-21 14:38:35.779 +06:00 [DBG] Aggregating records in 'Counter' table...
2025-09-21 14:38:44.295 +06:00 [DBG] Server desktop-c1paikg:5816:03e0835e heartbeat successfully sent
2025-09-21 14:39:14.307 +06:00 [DBG] Server desktop-c1paikg:5816:03e0835e heartbeat successfully sent
2025-09-21 14:39:44.321 +06:00 [DBG] Server desktop-c1paikg:5816:03e0835e heartbeat successfully sent
2025-09-21 14:40:14.351 +06:00 [DBG] Server desktop-c1paikg:5816:03e0835e heartbeat successfully sent
2025-09-21 14:40:44.366 +06:00 [DBG] Server desktop-c1paikg:5816:03e0835e heartbeat successfully sent
2025-09-21 14:41:14.376 +06:00 [DBG] Server desktop-c1paikg:5816:03e0835e heartbeat successfully sent
2025-09-21 14:41:44.397 +06:00 [DBG] Server desktop-c1paikg:5816:03e0835e heartbeat successfully sent
2025-09-21 14:42:14.413 +06:00 [DBG] Server desktop-c1paikg:5816:03e0835e heartbeat successfully sent
2025-09-21 14:42:44.426 +06:00 [DBG] Server desktop-c1paikg:5816:03e0835e heartbeat successfully sent
2025-09-21 14:43:14.451 +06:00 [DBG] Server desktop-c1paikg:5816:03e0835e heartbeat successfully sent
2025-09-21 14:43:33.649 +06:00 [DBG] Removing outdated records from the 'AggregatedCounter' table...
2025-09-21 14:43:33.652 +06:00 [DBG] Removing outdated records from the 'Job' table...
2025-09-21 14:43:33.656 +06:00 [DBG] Removing outdated records from the 'List' table...
2025-09-21 14:43:33.657 +06:00 [DBG] Removing outdated records from the 'Set' table...
2025-09-21 14:43:33.661 +06:00 [DBG] Removing outdated records from the 'Hash' table...
2025-09-21 14:43:35.899 +06:00 [DBG] Aggregating records in 'Counter' table...
2025-09-21 14:43:44.474 +06:00 [DBG] Server desktop-c1paikg:5816:03e0835e heartbeat successfully sent
2025-09-21 14:44:14.488 +06:00 [DBG] Server desktop-c1paikg:5816:03e0835e heartbeat successfully sent
2025-09-21 14:44:44.498 +06:00 [DBG] Server desktop-c1paikg:5816:03e0835e heartbeat successfully sent
2025-09-21 14:45:14.523 +06:00 [DBG] Server desktop-c1paikg:5816:03e0835e heartbeat successfully sent
2025-09-21 14:45:44.550 +06:00 [DBG] Server desktop-c1paikg:5816:03e0835e heartbeat successfully sent
2025-09-21 14:46:14.564 +06:00 [DBG] Server desktop-c1paikg:5816:03e0835e heartbeat successfully sent
2025-09-21 14:46:44.578 +06:00 [DBG] Server desktop-c1paikg:5816:03e0835e heartbeat successfully sent
2025-09-21 14:47:14.594 +06:00 [DBG] Server desktop-c1paikg:5816:03e0835e heartbeat successfully sent
2025-09-21 14:47:44.599 +06:00 [DBG] Server desktop-c1paikg:5816:03e0835e heartbeat successfully sent
2025-09-21 14:48:14.609 +06:00 [DBG] Server desktop-c1paikg:5816:03e0835e heartbeat successfully sent
2025-09-21 14:48:35.995 +06:00 [DBG] Aggregating records in 'Counter' table...
2025-09-21 14:48:44.630 +06:00 [DBG] Server desktop-c1paikg:5816:03e0835e heartbeat successfully sent
2025-09-21 14:49:14.657 +06:00 [DBG] Server desktop-c1paikg:5816:03e0835e heartbeat successfully sent
2025-09-21 14:49:44.677 +06:00 [DBG] Server desktop-c1paikg:5816:03e0835e heartbeat successfully sent
2025-09-21 14:50:14.687 +06:00 [DBG] Server desktop-c1paikg:5816:03e0835e heartbeat successfully sent
2025-09-21 14:50:44.717 +06:00 [DBG] Server desktop-c1paikg:5816:03e0835e heartbeat successfully sent
2025-09-21 14:51:14.735 +06:00 [DBG] Server desktop-c1paikg:5816:03e0835e heartbeat successfully sent
2025-09-21 14:51:44.750 +06:00 [DBG] Server desktop-c1paikg:5816:03e0835e heartbeat successfully sent
2025-09-21 14:52:14.766 +06:00 [DBG] Server desktop-c1paikg:5816:03e0835e heartbeat successfully sent
2025-09-21 14:52:44.781 +06:00 [DBG] Server desktop-c1paikg:5816:03e0835e heartbeat successfully sent
2025-09-21 14:53:14.807 +06:00 [DBG] Server desktop-c1paikg:5816:03e0835e heartbeat successfully sent
2025-09-21 14:53:36.107 +06:00 [DBG] Aggregating records in 'Counter' table...
2025-09-21 14:53:44.827 +06:00 [DBG] Server desktop-c1paikg:5816:03e0835e heartbeat successfully sent
2025-09-21 14:54:14.844 +06:00 [DBG] Server desktop-c1paikg:5816:03e0835e heartbeat successfully sent
2025-09-21 14:54:44.854 +06:00 [DBG] Server desktop-c1paikg:5816:03e0835e heartbeat successfully sent
2025-09-21 14:55:14.873 +06:00 [DBG] Server desktop-c1paikg:5816:03e0835e heartbeat successfully sent
2025-09-21 14:55:44.893 +06:00 [DBG] Server desktop-c1paikg:5816:03e0835e heartbeat successfully sent
2025-09-21 14:56:14.913 +06:00 [DBG] Server desktop-c1paikg:5816:03e0835e heartbeat successfully sent
2025-09-21 14:56:44.928 +06:00 [DBG] Server desktop-c1paikg:5816:03e0835e heartbeat successfully sent
2025-09-21 14:57:14.948 +06:00 [DBG] Server desktop-c1paikg:5816:03e0835e heartbeat successfully sent
2025-09-21 14:57:44.959 +06:00 [DBG] Server desktop-c1paikg:5816:03e0835e heartbeat successfully sent
2025-09-21 14:58:14.980 +06:00 [DBG] Server desktop-c1paikg:5816:03e0835e heartbeat successfully sent
2025-09-21 14:58:36.182 +06:00 [DBG] Aggregating records in 'Counter' table...
2025-09-21 14:58:45.001 +06:00 [DBG] Server desktop-c1paikg:5816:03e0835e heartbeat successfully sent
2025-09-21 14:59:15.016 +06:00 [DBG] Server desktop-c1paikg:5816:03e0835e heartbeat successfully sent
2025-09-21 14:59:45.032 +06:00 [DBG] Server desktop-c1paikg:5816:03e0835e heartbeat successfully sent
2025-09-21 15:00:15.048 +06:00 [DBG] Server desktop-c1paikg:5816:03e0835e heartbeat successfully sent
2025-09-21 15:00:45.077 +06:00 [DBG] Server desktop-c1paikg:5816:03e0835e heartbeat successfully sent
2025-09-21 15:01:15.098 +06:00 [DBG] Server desktop-c1paikg:5816:03e0835e heartbeat successfully sent
2025-09-21 15:01:45.125 +06:00 [DBG] Server desktop-c1paikg:5816:03e0835e heartbeat successfully sent
2025-09-21 15:02:15.137 +06:00 [DBG] Server desktop-c1paikg:5816:03e0835e heartbeat successfully sent
2025-09-21 15:02:45.158 +06:00 [DBG] Server desktop-c1paikg:5816:03e0835e heartbeat successfully sent
2025-09-21 15:03:15.171 +06:00 [DBG] Server desktop-c1paikg:5816:03e0835e heartbeat successfully sent
2025-09-21 15:03:36.281 +06:00 [DBG] Aggregating records in 'Counter' table...
2025-09-21 15:03:45.183 +06:00 [DBG] Server desktop-c1paikg:5816:03e0835e heartbeat successfully sent
2025-09-21 15:04:15.197 +06:00 [DBG] Server desktop-c1paikg:5816:03e0835e heartbeat successfully sent
2025-09-21 15:04:44.139 +06:00 [INF] User logged in successfully
2025-09-21 15:04:45.217 +06:00 [DBG] Server desktop-c1paikg:5816:03e0835e heartbeat successfully sent
2025-09-21 15:05:15.231 +06:00 [DBG] Server desktop-c1paikg:5816:03e0835e heartbeat successfully sent
2025-09-21 15:05:45.236 +06:00 [DBG] Server desktop-c1paikg:5816:03e0835e heartbeat successfully sent
2025-09-21 15:06:15.260 +06:00 [DBG] Server desktop-c1paikg:5816:03e0835e heartbeat successfully sent
2025-09-21 15:06:45.281 +06:00 [DBG] Server desktop-c1paikg:5816:03e0835e heartbeat successfully sent
2025-09-21 15:07:15.306 +06:00 [DBG] Server desktop-c1paikg:5816:03e0835e heartbeat successfully sent
2025-09-21 15:07:45.323 +06:00 [DBG] Server desktop-c1paikg:5816:03e0835e heartbeat successfully sent
2025-09-21 15:08:15.351 +06:00 [DBG] Server desktop-c1paikg:5816:03e0835e heartbeat successfully sent
2025-09-21 15:08:36.382 +06:00 [DBG] Aggregating records in 'Counter' table...
2025-09-21 15:08:45.366 +06:00 [DBG] Server desktop-c1paikg:5816:03e0835e heartbeat successfully sent
2025-09-21 15:09:15.389 +06:00 [DBG] Server desktop-c1paikg:5816:03e0835e heartbeat successfully sent
2025-09-21 15:09:45.405 +06:00 [DBG] Server desktop-c1paikg:5816:03e0835e heartbeat successfully sent
2025-09-21 15:09:45.972 +06:00 [INF] User added successfully
2025-09-21 15:10:15.422 +06:00 [DBG] Server desktop-c1paikg:5816:03e0835e heartbeat successfully sent
2025-09-21 15:10:45.444 +06:00 [DBG] Server desktop-c1paikg:5816:03e0835e heartbeat successfully sent
2025-09-21 15:11:15.460 +06:00 [DBG] Server desktop-c1paikg:5816:03e0835e heartbeat successfully sent
2025-09-21 15:11:45.477 +06:00 [DBG] Server desktop-c1paikg:5816:03e0835e heartbeat successfully sent
2025-09-21 15:12:15.500 +06:00 [DBG] Server desktop-c1paikg:5816:03e0835e heartbeat successfully sent
2025-09-21 15:12:46.567 +06:00 [INF] Application Starting......
2025-09-21 15:12:48.344 +06:00 [INF] Start installing Hangfire SQL objects...
2025-09-21 15:12:48.759 +06:00 [INF] Hangfire SQL objects installed.
2025-09-21 15:12:49.092 +06:00 [INF] Starting Hangfire Server using job storage: 'SQL Server: DESKTOP-C1PAIKG\SQLEXPRESS01@UserManagementSystem'
2025-09-21 15:12:49.092 +06:00 [INF] Using the following options for SQL Server job storage: Queue poll interval: 00:00:00.
2025-09-21 15:12:49.092 +06:00 [INF] Using the following options for Hangfire Server:
    Worker count: 20
    Listening queues: 'default'
    Shutdown timeout: 00:00:15
    Schedule polling interval: 00:00:15
2025-09-21 15:12:49.103 +06:00 [DBG] Execution loop BackgroundServerProcess:4b29b27b has started in 5.8656 ms
2025-09-21 15:12:49.758 +06:00 [INF] Server desktop-c1paikg:25244:792ccd15 successfully announced in 507.2623 ms
2025-09-21 15:12:49.765 +06:00 [DBG] Execution loop ServerHeartbeatProcess:e7ebe31d has started in 5.8958 ms
2025-09-21 15:12:49.769 +06:00 [INF] Server desktop-c1paikg:25244:792ccd15 is starting the registered dispatchers: ServerWatchdog, ServerJobCancellationWatcher, SqlServerHeartbeatProcess, ExpirationManager, CountersAggregator, Worker, DelayedJobScheduler, RecurringJobScheduler...
2025-09-21 15:12:49.803 +06:00 [DBG] Execution loop ServerWatchdog:055ba60e has started in 34.478 ms
2025-09-21 15:12:49.807 +06:00 [DBG] Execution loop ServerJobCancellationWatcher:779c6e61 has started in 4.0262 ms
2025-09-21 15:12:49.811 +06:00 [DBG] Execution loop SqlServerHeartbeatProcess:b87c7a1b has started in 3.4598 ms
2025-09-21 15:12:49.852 +06:00 [DBG] Execution loop ExpirationManager:f0298752 has started in 40.3653 ms
2025-09-21 15:12:49.854 +06:00 [DBG] Removing outdated records from the 'AggregatedCounter' table...
2025-09-21 15:12:49.883 +06:00 [DBG] Execution loop CountersAggregator:d7b22cb4 has started in 31.1284 ms
2025-09-21 15:12:49.884 +06:00 [DBG] Aggregating records in 'Counter' table...
2025-09-21 15:12:49.889 +06:00 [DBG] Execution loop Worker:226f92fc has started in 34.9852 ms
2025-09-21 15:12:49.892 +06:00 [DBG] Execution loop Worker:0435d394 has started in 37.9974 ms
2025-09-21 15:12:49.899 +06:00 [DBG] Execution loop Worker:c1110d5a has started in 45.1348 ms
2025-09-21 15:12:49.926 +06:00 [DBG] Execution loop Worker:551f946e has started in 71.6274 ms
2025-09-21 15:12:49.936 +06:00 [DBG] Execution loop Worker:f3b886ee has started in 81.9631 ms
2025-09-21 15:12:49.946 +06:00 [DBG] Removing outdated records from the 'Job' table...
2025-09-21 15:12:49.967 +06:00 [DBG] Execution loop Worker:68e69e84 has started in 112.6829 ms
2025-09-21 15:12:50.004 +06:00 [DBG] Execution loop Worker:c832831f has started in 149.6421 ms
2025-09-21 15:12:50.036 +06:00 [DBG] Execution loop Worker:44e28652 has started in 182.4224 ms
2025-09-21 15:12:50.054 +06:00 [DBG] Execution loop Worker:8b168149 has started in 199.6381 ms
2025-09-21 15:12:50.056 +06:00 [DBG] Execution loop Worker:46dc27c4 has started in 202.5086 ms
2025-09-21 15:12:50.059 +06:00 [DBG] Execution loop Worker:1d502f83 has started in 205.1548 ms
2025-09-21 15:12:50.062 +06:00 [DBG] Removing outdated records from the 'List' table...
2025-09-21 15:12:50.062 +06:00 [DBG] Execution loop Worker:7361f5df has started in 207.7866 ms
2025-09-21 15:12:50.100 +06:00 [DBG] Execution loop Worker:dcda865e has started in 245.9128 ms
2025-09-21 15:12:50.100 +06:00 [DBG] Execution loop Worker:dd7e052f has started in 245.9309 ms
2025-09-21 15:12:50.104 +06:00 [DBG] Execution loop Worker:22f4080b has started in 250.4996 ms
2025-09-21 15:12:50.129 +06:00 [DBG] Removing outdated records from the 'Set' table...
2025-09-21 15:12:50.129 +06:00 [DBG] Execution loop Worker:2ac970e2 has started in 275.4351 ms
2025-09-21 15:12:50.130 +06:00 [DBG] Execution loop Worker:19ecd3a1 has started in 275.6546 ms
2025-09-21 15:12:50.161 +06:00 [DBG] Execution loop Worker:3c44d674 has started in 306.7518 ms
2025-09-21 15:12:50.192 +06:00 [DBG] Execution loop Worker:39b35281 has started in 337.8117 ms
2025-09-21 15:12:50.192 +06:00 [DBG] Execution loop Worker:c06fd881 has started in 337.8696 ms
2025-09-21 15:12:50.195 +06:00 [DBG] Removing outdated records from the 'Hash' table...
2025-09-21 15:12:50.195 +06:00 [INF] Server desktop-c1paikg:25244:792ccd15 all the dispatchers started
2025-09-21 15:12:50.195 +06:00 [DBG] Execution loop DelayedJobScheduler:88256a47 has started in 3.1679 ms
2025-09-21 15:12:50.199 +06:00 [DBG] Execution loop RecurringJobScheduler:2d63c887 has started in 6.5595 ms
2025-09-21 15:13:06.879 +06:00 [WRN] You do not have a valid license key for the Lucky Penny software MediatR. This is allowed for development and testing scenarios. If you are running in production you are required to have a licensed version. Please visit https://luckypennysoftware.com to obtain a valid license.
2025-09-21 15:13:19.908 +06:00 [DBG] Server desktop-c1paikg:25244:792ccd15 heartbeat successfully sent
2025-09-21 15:13:20.784 +06:00 [INF] User fetched successfully
2025-09-21 15:13:49.937 +06:00 [DBG] Server desktop-c1paikg:25244:792ccd15 heartbeat successfully sent
2025-09-21 15:14:04.456 +06:00 [INF] User updated successfully
2025-09-21 15:14:19.954 +06:00 [DBG] Server desktop-c1paikg:25244:792ccd15 heartbeat successfully sent
2025-09-21 15:14:23.520 +06:00 [INF] User fetched successfully
2025-09-21 15:14:48.684 +06:00 [INF] User updated successfully
2025-09-21 15:14:48.706 +06:00 [ERR] Failed executing DbCommand (14ms) [Parameters=[@p0='?' (DbType = Int32), @p1='?' (Size = 4000), @p2='?' (Size = 4000), @p3='?' (Size = 4000)], CommandType='"Text"', CommandTimeout='30']
EXEC sp_UpdateUsers @Id = @p0, @Name = @p1, @UserName = @p2, @Password = @p3
2025-09-21 15:14:49.981 +06:00 [DBG] Server desktop-c1paikg:25244:792ccd15 heartbeat successfully sent
2025-09-21 15:14:54.274 +06:00 [INF] User fetched successfully
2025-09-21 15:15:09.958 +06:00 [INF] User updated successfully
2025-09-21 15:15:09.960 +06:00 [ERR] Failed executing DbCommand (2ms) [Parameters=[@p0='?' (DbType = Int32), @p1='?' (Size = 4000), @p2='?' (Size = 4000), @p3='?' (Size = 4000)], CommandType='"Text"', CommandTimeout='30']
EXEC sp_UpdateUsers @Id = @p0, @Name = @p1, @UserName = @p2, @Password = @p3
2025-09-21 15:15:19.994 +06:00 [DBG] Server desktop-c1paikg:25244:792ccd15 heartbeat successfully sent
2025-09-21 15:15:50.019 +06:00 [DBG] Server desktop-c1paikg:25244:792ccd15 heartbeat successfully sent
2025-09-21 15:16:00.486 +06:00 [INF] User fetched successfully
2025-09-21 15:16:07.661 +06:00 [INF] User updated successfully
2025-09-21 15:16:07.664 +06:00 [ERR] Failed executing DbCommand (3ms) [Parameters=[@p0='?' (DbType = Int32), @p1='?' (Size = 4000), @p2='?' (Size = 4000), @p3='?' (Size = 4000)], CommandType='"Text"', CommandTimeout='30']
EXEC sp_UpdateUsers @Id = @p0, @Name = @p1, @UserName = @p2, @Password = @p3
2025-09-21 15:16:20.117 +06:00 [DBG] Server desktop-c1paikg:25244:792ccd15 heartbeat successfully sent
2025-09-21 15:16:50.137 +06:00 [DBG] Server desktop-c1paikg:25244:792ccd15 heartbeat successfully sent
2025-09-21 15:17:20.152 +06:00 [DBG] Server desktop-c1paikg:25244:792ccd15 heartbeat successfully sent
2025-09-21 15:17:50.091 +06:00 [INF] 1 servers were removed due to timeout
2025-09-21 15:17:50.167 +06:00 [DBG] Aggregating records in 'Counter' table...
2025-09-21 15:17:50.168 +06:00 [DBG] Server desktop-c1paikg:25244:792ccd15 heartbeat successfully sent
2025-09-21 15:18:20.177 +06:00 [DBG] Server desktop-c1paikg:25244:792ccd15 heartbeat successfully sent
2025-09-21 15:18:50.204 +06:00 [DBG] Server desktop-c1paikg:25244:792ccd15 heartbeat successfully sent
2025-09-21 15:19:16.457 +06:00 [INF] Application Starting......
2025-09-21 15:19:17.585 +06:00 [INF] Start installing Hangfire SQL objects...
2025-09-21 15:19:17.922 +06:00 [INF] Hangfire SQL objects installed.
2025-09-21 15:19:18.270 +06:00 [INF] Starting Hangfire Server using job storage: 'SQL Server: DESKTOP-C1PAIKG\SQLEXPRESS01@UserManagementSystem'
2025-09-21 15:19:18.271 +06:00 [INF] Using the following options for SQL Server job storage: Queue poll interval: 00:00:00.
2025-09-21 15:19:18.271 +06:00 [INF] Using the following options for Hangfire Server:
    Worker count: 20
    Listening queues: 'default'
    Shutdown timeout: 00:00:15
    Schedule polling interval: 00:00:15
2025-09-21 15:19:18.285 +06:00 [DBG] Execution loop BackgroundServerProcess:c98e7f21 has started in 9.5338 ms
2025-09-21 15:19:18.455 +06:00 [INF] Server desktop-c1paikg:14280:91dd0992 successfully announced in 167.7255 ms
2025-09-21 15:19:18.485 +06:00 [DBG] Execution loop ServerHeartbeatProcess:6f219958 has started in 29.0528 ms
2025-09-21 15:19:18.489 +06:00 [INF] Server desktop-c1paikg:14280:91dd0992 is starting the registered dispatchers: ServerWatchdog, ServerJobCancellationWatcher, SqlServerHeartbeatProcess, ExpirationManager, CountersAggregator, Worker, DelayedJobScheduler, RecurringJobScheduler...
2025-09-21 15:19:18.538 +06:00 [DBG] Execution loop ServerWatchdog:174a7e70 has started in 49.4996 ms
2025-09-21 15:19:18.559 +06:00 [DBG] Execution loop ServerJobCancellationWatcher:e1550058 has started in 20.8278 ms
2025-09-21 15:19:18.641 +06:00 [DBG] Execution loop SqlServerHeartbeatProcess:79c53f9b has started in 81.7689 ms
2025-09-21 15:19:18.641 +06:00 [DBG] Execution loop ExpirationManager:7edfe5cb has started in 40.5094 ms
2025-09-21 15:19:18.643 +06:00 [DBG] Removing outdated records from the 'AggregatedCounter' table...
2025-09-21 15:19:18.650 +06:00 [DBG] Execution loop CountersAggregator:ff9355ea has started in 8.8631 ms
2025-09-21 15:19:18.686 +06:00 [DBG] Execution loop Worker:ec4a81ce has started in 41.2398 ms
2025-09-21 15:19:18.686 +06:00 [DBG] Execution loop Worker:13d2750a has started in 41.4178 ms
2025-09-21 15:19:18.686 +06:00 [DBG] Aggregating records in 'Counter' table...
2025-09-21 15:19:18.698 +06:00 [DBG] Execution loop Worker:0ff39ede has started in 53.253 ms
2025-09-21 15:19:18.702 +06:00 [DBG] Execution loop Worker:f6a8f46f has started in 57.5155 ms
2025-09-21 15:19:18.702 +06:00 [DBG] Removing outdated records from the 'Job' table...
2025-09-21 15:19:18.710 +06:00 [DBG] Execution loop Worker:719aba66 has started in 65.5793 ms
2025-09-21 15:19:18.750 +06:00 [DBG] Execution loop Worker:af564e65 has started in 105.5854 ms
2025-09-21 15:19:18.760 +06:00 [DBG] Execution loop Worker:4cb77f2f has started in 114.8175 ms
2025-09-21 15:19:18.766 +06:00 [DBG] Execution loop Worker:acea7663 has started in 120.9547 ms
2025-09-21 15:19:18.770 +06:00 [DBG] Execution loop Worker:e2f5814b has started in 125.4548 ms
2025-09-21 15:19:18.776 +06:00 [DBG] Removing outdated records from the 'List' table...
2025-09-21 15:19:18.811 +06:00 [DBG] Execution loop Worker:36d54200 has started in 166.7567 ms
2025-09-21 15:19:18.812 +06:00 [DBG] Execution loop Worker:d6cfc742 has started in 166.8595 ms
2025-09-21 15:19:18.817 +06:00 [DBG] Execution loop Worker:36a2359d has started in 171.9799 ms
2025-09-21 15:19:18.843 +06:00 [DBG] Removing outdated records from the 'Set' table...
2025-09-21 15:19:18.843 +06:00 [DBG] Execution loop Worker:3d47efdb has started in 198.5564 ms
2025-09-21 15:19:18.848 +06:00 [DBG] Execution loop Worker:f7ffa02e has started in 203.4244 ms
2025-09-21 15:19:18.853 +06:00 [DBG] Execution loop Worker:e7d98b4b has started in 208.2289 ms
2025-09-21 15:19:18.857 +06:00 [DBG] Execution loop Worker:0e4ba128 has started in 212.5825 ms
2025-09-21 15:19:18.859 +06:00 [DBG] Removing outdated records from the 'Hash' table...
2025-09-21 15:19:18.862 +06:00 [DBG] Execution loop Worker:1c4a6a0b has started in 217.4248 ms
2025-09-21 15:19:18.891 +06:00 [DBG] Execution loop Worker:3bcb6328 has started in 246.5554 ms
2025-09-21 15:19:18.891 +06:00 [DBG] Execution loop Worker:23f1ea72 has started in 246.5553 ms
2025-09-21 15:19:18.895 +06:00 [DBG] Execution loop Worker:0dcb4bbf has started in 250.4558 ms
2025-09-21 15:19:18.925 +06:00 [DBG] Execution loop DelayedJobScheduler:c13cb20c has started in 33.1426 ms
2025-09-21 15:19:18.927 +06:00 [INF] Server desktop-c1paikg:14280:91dd0992 all the dispatchers started
2025-09-21 15:19:18.959 +06:00 [DBG] Execution loop RecurringJobScheduler:67d7148e has started in 63.5094 ms
2025-09-21 15:19:48.633 +06:00 [DBG] Server desktop-c1paikg:14280:91dd0992 heartbeat successfully sent
2025-09-21 15:19:59.673 +06:00 [WRN] You do not have a valid license key for the Lucky Penny software MediatR. This is allowed for development and testing scenarios. If you are running in production you are required to have a licensed version. Please visit https://luckypennysoftware.com to obtain a valid license.
2025-09-21 15:20:00.303 +06:00 [INF] User updated successfully
2025-09-21 15:20:18.671 +06:00 [DBG] Server desktop-c1paikg:14280:91dd0992 heartbeat successfully sent
2025-09-21 15:20:48.698 +06:00 [DBG] Server desktop-c1paikg:14280:91dd0992 heartbeat successfully sent
2025-09-21 15:21:18.721 +06:00 [DBG] Server desktop-c1paikg:14280:91dd0992 heartbeat successfully sent
2025-09-21 15:21:48.736 +06:00 [DBG] Server desktop-c1paikg:14280:91dd0992 heartbeat successfully sent
2025-09-21 15:22:18.756 +06:00 [DBG] Server desktop-c1paikg:14280:91dd0992 heartbeat successfully sent
2025-09-21 15:22:48.777 +06:00 [DBG] Server desktop-c1paikg:14280:91dd0992 heartbeat successfully sent
2025-09-21 15:23:04.359 +06:00 [INF] User fetched successfully
2025-09-21 15:23:18.811 +06:00 [DBG] Server desktop-c1paikg:14280:91dd0992 heartbeat successfully sent
2025-09-21 15:23:25.304 +06:00 [INF] User updated successfully
2025-09-21 15:23:25.320 +06:00 [ERR] Failed executing DbCommand (6ms) [Parameters=[@p0='?' (DbType = Int32), @p1='?' (Size = 4000), @p2='?' (Size = 4000), @p3='?' (Size = 4000)], CommandType='"Text"', CommandTimeout='30']
EXEC sp_UpdateUsers @Id = @p0, @Name = @p1, @UserName = @p2, @Password = @p3
2025-09-21 15:23:48.839 +06:00 [DBG] Server desktop-c1paikg:14280:91dd0992 heartbeat successfully sent
2025-09-21 15:24:18.788 +06:00 [INF] 1 servers were removed due to timeout
2025-09-21 15:24:18.849 +06:00 [DBG] Server desktop-c1paikg:14280:91dd0992 heartbeat successfully sent
2025-09-21 15:24:18.957 +06:00 [DBG] Aggregating records in 'Counter' table...
2025-09-21 15:24:48.868 +06:00 [DBG] Server desktop-c1paikg:14280:91dd0992 heartbeat successfully sent
2025-09-21 15:25:18.901 +06:00 [DBG] Server desktop-c1paikg:14280:91dd0992 heartbeat successfully sent
2025-09-21 15:25:48.932 +06:00 [DBG] Server desktop-c1paikg:14280:91dd0992 heartbeat successfully sent
2025-09-21 15:26:18.958 +06:00 [DBG] Server desktop-c1paikg:14280:91dd0992 heartbeat successfully sent
2025-09-21 15:26:48.983 +06:00 [DBG] Server desktop-c1paikg:14280:91dd0992 heartbeat successfully sent
2025-09-21 15:27:19.005 +06:00 [DBG] Server desktop-c1paikg:14280:91dd0992 heartbeat successfully sent
2025-09-21 15:27:49.022 +06:00 [DBG] Server desktop-c1paikg:14280:91dd0992 heartbeat successfully sent
2025-09-21 15:28:19.027 +06:00 [DBG] Server desktop-c1paikg:14280:91dd0992 heartbeat successfully sent
2025-09-21 15:28:29.212 +06:00 [INF] User fetched successfully
2025-09-21 15:28:31.133 +06:00 [INF] User deleted successfully
2025-09-21 15:28:49.055 +06:00 [DBG] Server desktop-c1paikg:14280:91dd0992 heartbeat successfully sent
2025-09-21 15:29:19.065 +06:00 [DBG] Server desktop-c1paikg:14280:91dd0992 heartbeat successfully sent
2025-09-21 15:29:19.095 +06:00 [DBG] Aggregating records in 'Counter' table...
2025-09-21 15:29:49.088 +06:00 [DBG] Server desktop-c1paikg:14280:91dd0992 heartbeat successfully sent
2025-09-21 15:30:18.291 +06:00 [INF] User added successfully
2025-09-21 15:30:19.103 +06:00 [DBG] Server desktop-c1paikg:14280:91dd0992 heartbeat successfully sent
2025-09-21 15:30:49.119 +06:00 [DBG] Server desktop-c1paikg:14280:91dd0992 heartbeat successfully sent
2025-09-21 15:31:19.138 +06:00 [DBG] Server desktop-c1paikg:14280:91dd0992 heartbeat successfully sent
2025-09-21 15:31:49.167 +06:00 [DBG] Server desktop-c1paikg:14280:91dd0992 heartbeat successfully sent
2025-09-21 15:32:19.218 +06:00 [DBG] Server desktop-c1paikg:14280:91dd0992 heartbeat successfully sent
2025-09-21 15:32:49.230 +06:00 [DBG] Server desktop-c1paikg:14280:91dd0992 heartbeat successfully sent
2025-09-21 15:33:19.255 +06:00 [DBG] Server desktop-c1paikg:14280:91dd0992 heartbeat successfully sent
2025-09-21 15:33:49.275 +06:00 [DBG] Server desktop-c1paikg:14280:91dd0992 heartbeat successfully sent
2025-09-21 15:34:19.231 +06:00 [DBG] Aggregating records in 'Counter' table...
2025-09-21 15:34:19.298 +06:00 [DBG] Server desktop-c1paikg:14280:91dd0992 heartbeat successfully sent
2025-09-21 15:34:49.309 +06:00 [DBG] Server desktop-c1paikg:14280:91dd0992 heartbeat successfully sent
2025-09-21 15:34:56.905 +06:00 [INF] User logged in successfully
2025-09-21 15:35:19.326 +06:00 [DBG] Server desktop-c1paikg:14280:91dd0992 heartbeat successfully sent
2025-09-21 15:35:49.356 +06:00 [DBG] Server desktop-c1paikg:14280:91dd0992 heartbeat successfully sent
2025-09-21 15:36:19.377 +06:00 [DBG] Server desktop-c1paikg:14280:91dd0992 heartbeat successfully sent
2025-09-21 15:36:49.400 +06:00 [DBG] Server desktop-c1paikg:14280:91dd0992 heartbeat successfully sent
2025-09-21 15:37:19.431 +06:00 [DBG] Server desktop-c1paikg:14280:91dd0992 heartbeat successfully sent
2025-09-21 15:37:49.531 +06:00 [DBG] Server desktop-c1paikg:14280:91dd0992 heartbeat successfully sent
2025-09-21 15:38:10.833 +06:00 [INF] User added successfully
2025-09-21 15:38:19.556 +06:00 [DBG] Server desktop-c1paikg:14280:91dd0992 heartbeat successfully sent
2025-09-21 15:38:49.583 +06:00 [DBG] Server desktop-c1paikg:14280:91dd0992 heartbeat successfully sent
2025-09-21 15:39:19.439 +06:00 [DBG] Aggregating records in 'Counter' table...
2025-09-21 15:39:19.617 +06:00 [DBG] Server desktop-c1paikg:14280:91dd0992 heartbeat successfully sent
2025-09-21 15:39:49.643 +06:00 [DBG] Server desktop-c1paikg:14280:91dd0992 heartbeat successfully sent
2025-09-21 15:40:19.685 +06:00 [DBG] Server desktop-c1paikg:14280:91dd0992 heartbeat successfully sent
2025-09-21 15:40:49.692 +06:00 [DBG] Server desktop-c1paikg:14280:91dd0992 heartbeat successfully sent
2025-09-21 15:41:19.707 +06:00 [DBG] Server desktop-c1paikg:14280:91dd0992 heartbeat successfully sent
2025-09-21 15:41:49.722 +06:00 [DBG] Server desktop-c1paikg:14280:91dd0992 heartbeat successfully sent
2025-09-21 15:42:19.754 +06:00 [DBG] Server desktop-c1paikg:14280:91dd0992 heartbeat successfully sent
2025-09-21 15:42:49.765 +06:00 [DBG] Server desktop-c1paikg:14280:91dd0992 heartbeat successfully sent
2025-09-21 15:43:19.792 +06:00 [DBG] Server desktop-c1paikg:14280:91dd0992 heartbeat successfully sent
2025-09-21 15:43:49.812 +06:00 [DBG] Server desktop-c1paikg:14280:91dd0992 heartbeat successfully sent
2025-09-21 15:44:19.566 +06:00 [DBG] Aggregating records in 'Counter' table...
2025-09-21 15:44:19.833 +06:00 [DBG] Server desktop-c1paikg:14280:91dd0992 heartbeat successfully sent
2025-09-21 15:44:49.862 +06:00 [DBG] Server desktop-c1paikg:14280:91dd0992 heartbeat successfully sent
2025-09-21 15:45:19.881 +06:00 [DBG] Server desktop-c1paikg:14280:91dd0992 heartbeat successfully sent
2025-09-21 15:45:49.896 +06:00 [DBG] Server desktop-c1paikg:14280:91dd0992 heartbeat successfully sent
2025-09-21 15:46:19.921 +06:00 [DBG] Server desktop-c1paikg:14280:91dd0992 heartbeat successfully sent
2025-09-21 15:46:49.942 +06:00 [DBG] Server desktop-c1paikg:14280:91dd0992 heartbeat successfully sent
2025-09-21 15:47:19.970 +06:00 [DBG] Server desktop-c1paikg:14280:91dd0992 heartbeat successfully sent
2025-09-21 15:47:49.995 +06:00 [DBG] Server desktop-c1paikg:14280:91dd0992 heartbeat successfully sent
2025-09-21 15:48:20.029 +06:00 [DBG] Server desktop-c1paikg:14280:91dd0992 heartbeat successfully sent
2025-09-21 15:48:50.047 +06:00 [DBG] Server desktop-c1paikg:14280:91dd0992 heartbeat successfully sent
2025-09-21 15:49:19.678 +06:00 [DBG] Aggregating records in 'Counter' table...
2025-09-21 15:49:19.710 +06:00 [DBG] Removing outdated records from the 'AggregatedCounter' table...
2025-09-21 15:49:19.712 +06:00 [DBG] Removing outdated records from the 'Job' table...
2025-09-21 15:49:19.717 +06:00 [DBG] Removing outdated records from the 'List' table...
2025-09-21 15:49:19.718 +06:00 [DBG] Removing outdated records from the 'Set' table...
2025-09-21 15:49:19.720 +06:00 [DBG] Removing outdated records from the 'Hash' table...
2025-09-21 15:49:20.055 +06:00 [DBG] Server desktop-c1paikg:14280:91dd0992 heartbeat successfully sent
2025-09-21 15:49:50.077 +06:00 [DBG] Server desktop-c1paikg:14280:91dd0992 heartbeat successfully sent
2025-09-21 15:50:20.085 +06:00 [DBG] Server desktop-c1paikg:14280:91dd0992 heartbeat successfully sent
2025-09-21 15:50:50.105 +06:00 [DBG] Server desktop-c1paikg:14280:91dd0992 heartbeat successfully sent
2025-09-21 15:51:20.123 +06:00 [DBG] Server desktop-c1paikg:14280:91dd0992 heartbeat successfully sent
2025-09-21 15:51:50.137 +06:00 [DBG] Server desktop-c1paikg:14280:91dd0992 heartbeat successfully sent
2025-09-21 15:52:20.160 +06:00 [DBG] Server desktop-c1paikg:14280:91dd0992 heartbeat successfully sent
2025-09-21 15:52:50.171 +06:00 [DBG] Server desktop-c1paikg:14280:91dd0992 heartbeat successfully sent
2025-09-21 15:53:20.188 +06:00 [DBG] Server desktop-c1paikg:14280:91dd0992 heartbeat successfully sent
2025-09-21 15:53:50.214 +06:00 [DBG] Server desktop-c1paikg:14280:91dd0992 heartbeat successfully sent
2025-09-21 15:54:19.799 +06:00 [DBG] Aggregating records in 'Counter' table...
2025-09-21 15:54:20.239 +06:00 [DBG] Server desktop-c1paikg:14280:91dd0992 heartbeat successfully sent
2025-09-21 15:54:50.260 +06:00 [DBG] Server desktop-c1paikg:14280:91dd0992 heartbeat successfully sent
2025-09-21 15:55:20.272 +06:00 [DBG] Server desktop-c1paikg:14280:91dd0992 heartbeat successfully sent
2025-09-21 15:55:50.298 +06:00 [DBG] Server desktop-c1paikg:14280:91dd0992 heartbeat successfully sent
2025-09-21 15:56:20.328 +06:00 [DBG] Server desktop-c1paikg:14280:91dd0992 heartbeat successfully sent
2025-09-21 15:56:50.350 +06:00 [DBG] Server desktop-c1paikg:14280:91dd0992 heartbeat successfully sent
2025-09-21 15:57:20.364 +06:00 [DBG] Server desktop-c1paikg:14280:91dd0992 heartbeat successfully sent
2025-09-21 15:57:50.390 +06:00 [DBG] Server desktop-c1paikg:14280:91dd0992 heartbeat successfully sent
2025-09-21 15:58:20.405 +06:00 [DBG] Server desktop-c1paikg:14280:91dd0992 heartbeat successfully sent
2025-09-21 15:58:50.421 +06:00 [DBG] Server desktop-c1paikg:14280:91dd0992 heartbeat successfully sent
2025-09-21 15:59:19.893 +06:00 [DBG] Aggregating records in 'Counter' table...
2025-09-21 15:59:20.441 +06:00 [DBG] Server desktop-c1paikg:14280:91dd0992 heartbeat successfully sent
2025-09-21 15:59:50.454 +06:00 [DBG] Server desktop-c1paikg:14280:91dd0992 heartbeat successfully sent
2025-09-21 16:00:20.481 +06:00 [DBG] Server desktop-c1paikg:14280:91dd0992 heartbeat successfully sent
2025-09-21 16:00:50.500 +06:00 [DBG] Server desktop-c1paikg:14280:91dd0992 heartbeat successfully sent
2025-09-21 16:01:20.519 +06:00 [DBG] Server desktop-c1paikg:14280:91dd0992 heartbeat successfully sent
2025-09-21 16:01:50.537 +06:00 [DBG] Server desktop-c1paikg:14280:91dd0992 heartbeat successfully sent
2025-09-21 16:02:20.554 +06:00 [DBG] Server desktop-c1paikg:14280:91dd0992 heartbeat successfully sent
2025-09-21 16:02:50.577 +06:00 [DBG] Server desktop-c1paikg:14280:91dd0992 heartbeat successfully sent
2025-09-21 16:03:20.598 +06:00 [DBG] Server desktop-c1paikg:14280:91dd0992 heartbeat successfully sent
2025-09-21 16:03:50.622 +06:00 [DBG] Server desktop-c1paikg:14280:91dd0992 heartbeat successfully sent
2025-09-21 16:04:19.988 +06:00 [DBG] Aggregating records in 'Counter' table...
2025-09-21 16:04:20.644 +06:00 [DBG] Server desktop-c1paikg:14280:91dd0992 heartbeat successfully sent
2025-09-21 16:04:50.661 +06:00 [DBG] Server desktop-c1paikg:14280:91dd0992 heartbeat successfully sent
2025-09-21 16:05:20.688 +06:00 [DBG] Server desktop-c1paikg:14280:91dd0992 heartbeat successfully sent
2025-09-21 16:05:50.701 +06:00 [DBG] Server desktop-c1paikg:14280:91dd0992 heartbeat successfully sent
2025-09-21 16:06:20.728 +06:00 [DBG] Server desktop-c1paikg:14280:91dd0992 heartbeat successfully sent
2025-09-21 16:06:50.755 +06:00 [DBG] Server desktop-c1paikg:14280:91dd0992 heartbeat successfully sent
2025-09-21 16:07:20.782 +06:00 [DBG] Server desktop-c1paikg:14280:91dd0992 heartbeat successfully sent
2025-09-21 16:07:50.797 +06:00 [DBG] Server desktop-c1paikg:14280:91dd0992 heartbeat successfully sent
2025-09-21 16:08:20.832 +06:00 [DBG] Server desktop-c1paikg:14280:91dd0992 heartbeat successfully sent
2025-09-21 16:08:50.865 +06:00 [DBG] Server desktop-c1paikg:14280:91dd0992 heartbeat successfully sent
2025-09-21 16:09:20.102 +06:00 [DBG] Aggregating records in 'Counter' table...
2025-09-21 16:09:20.892 +06:00 [DBG] Server desktop-c1paikg:14280:91dd0992 heartbeat successfully sent
2025-09-21 16:09:50.910 +06:00 [DBG] Server desktop-c1paikg:14280:91dd0992 heartbeat successfully sent
2025-09-21 16:10:20.921 +06:00 [DBG] Server desktop-c1paikg:14280:91dd0992 heartbeat successfully sent
2025-09-21 16:10:50.934 +06:00 [DBG] Server desktop-c1paikg:14280:91dd0992 heartbeat successfully sent
2025-09-21 16:11:20.948 +06:00 [DBG] Server desktop-c1paikg:14280:91dd0992 heartbeat successfully sent
2025-09-21 16:11:50.965 +06:00 [DBG] Server desktop-c1paikg:14280:91dd0992 heartbeat successfully sent
2025-09-21 16:12:20.989 +06:00 [DBG] Server desktop-c1paikg:14280:91dd0992 heartbeat successfully sent
2025-09-21 16:12:51.009 +06:00 [DBG] Server desktop-c1paikg:14280:91dd0992 heartbeat successfully sent
2025-09-21 16:13:21.038 +06:00 [DBG] Server desktop-c1paikg:14280:91dd0992 heartbeat successfully sent
2025-09-21 16:13:51.065 +06:00 [DBG] Server desktop-c1paikg:14280:91dd0992 heartbeat successfully sent
2025-09-21 16:14:20.206 +06:00 [DBG] Aggregating records in 'Counter' table...
2025-09-21 16:14:21.081 +06:00 [DBG] Server desktop-c1paikg:14280:91dd0992 heartbeat successfully sent
2025-09-21 16:14:36.407 +06:00 [INF] Application Starting......
2025-09-21 16:14:37.739 +06:00 [INF] Start installing Hangfire SQL objects...
2025-09-21 16:14:38.168 +06:00 [INF] Hangfire SQL objects installed.
2025-09-21 16:14:38.520 +06:00 [INF] Starting Hangfire Server using job storage: 'SQL Server: DESKTOP-C1PAIKG\SQLEXPRESS01@UserManagementSystem'
2025-09-21 16:14:38.521 +06:00 [INF] Using the following options for SQL Server job storage: Queue poll interval: 00:00:00.
2025-09-21 16:14:38.521 +06:00 [INF] Using the following options for Hangfire Server:
    Worker count: 20
    Listening queues: 'default'
    Shutdown timeout: 00:00:15
    Schedule polling interval: 00:00:15
2025-09-21 16:14:38.559 +06:00 [DBG] Execution loop BackgroundServerProcess:8920d1c1 has started in 30.5756 ms
2025-09-21 16:14:39.310 +06:00 [INF] Server desktop-c1paikg:19540:d73646c1 successfully announced in 325.053 ms
2025-09-21 16:14:39.318 +06:00 [DBG] Execution loop ServerHeartbeatProcess:c92ccaef has started in 6.2902 ms
2025-09-21 16:14:39.320 +06:00 [INF] Server desktop-c1paikg:19540:d73646c1 is starting the registered dispatchers: ServerWatchdog, ServerJobCancellationWatcher, SqlServerHeartbeatProcess, ExpirationManager, CountersAggregator, Worker, DelayedJobScheduler, RecurringJobScheduler...
2025-09-21 16:14:39.337 +06:00 [DBG] Execution loop ServerWatchdog:357e5ea2 has started in 17.0918 ms
2025-09-21 16:14:39.348 +06:00 [DBG] Execution loop ServerJobCancellationWatcher:f92385af has started in 11.4939 ms
2025-09-21 16:14:39.363 +06:00 [DBG] Execution loop ExpirationManager:f401e166 has started in 13.639 ms
2025-09-21 16:14:39.363 +06:00 [DBG] Execution loop SqlServerHeartbeatProcess:922402ee has started in 11.2296 ms
2025-09-21 16:14:39.364 +06:00 [DBG] Removing outdated records from the 'AggregatedCounter' table...
2025-09-21 16:14:39.375 +06:00 [DBG] Execution loop CountersAggregator:f6da6431 has started in 11.3121 ms
2025-09-21 16:14:39.376 +06:00 [DBG] Aggregating records in 'Counter' table...
2025-09-21 16:14:39.383 +06:00 [DBG] Execution loop Worker:fc7eb8c7 has started in 5.2726 ms
2025-09-21 16:14:39.396 +06:00 [DBG] Execution loop Worker:76c80142 has started in 18.3556 ms
2025-09-21 16:14:39.401 +06:00 [DBG] Execution loop Worker:6df4a447 has started in 23.3072 ms
2025-09-21 16:14:39.405 +06:00 [DBG] Removing outdated records from the 'Job' table...
2025-09-21 16:14:39.418 +06:00 [DBG] Execution loop Worker:52761ebc has started in 40.1097 ms
2025-09-21 16:14:39.419 +06:00 [DBG] Execution loop Worker:a6a56916 has started in 40.6412 ms
2025-09-21 16:14:39.453 +06:00 [DBG] Execution loop Worker:92b5c008 has started in 74.5827 ms
2025-09-21 16:14:39.459 +06:00 [DBG] Removing outdated records from the 'List' table...
2025-09-21 16:14:39.459 +06:00 [DBG] Execution loop Worker:c675eb5f has started in 80.9424 ms
2025-09-21 16:14:39.475 +06:00 [DBG] Execution loop Worker:d1c58ceb has started in 96.8015 ms
2025-09-21 16:14:39.485 +06:00 [DBG] Execution loop Worker:f1894e00 has started in 107.2187 ms
2025-09-21 16:14:39.491 +06:00 [DBG] Execution loop Worker:33997ad3 has started in 113.3655 ms
2025-09-21 16:14:39.496 +06:00 [DBG] Execution loop Worker:7ad1d82d has started in 118.4687 ms
2025-09-21 16:14:39.545 +06:00 [DBG] Removing outdated records from the 'Set' table...
2025-09-21 16:14:39.546 +06:00 [DBG] Execution loop Worker:b6678863 has started in 167.7471 ms
2025-09-21 16:14:39.546 +06:00 [DBG] Execution loop Worker:ef91e0ec has started in 167.8919 ms
2025-09-21 16:14:39.552 +06:00 [DBG] Execution loop Worker:304339c0 has started in 173.8839 ms
2025-09-21 16:14:39.581 +06:00 [DBG] Execution loop Worker:aa84b805 has started in 203.0073 ms
2025-09-21 16:14:39.586 +06:00 [DBG] Execution loop Worker:acbc4964 has started in 208.1819 ms
2025-09-21 16:14:39.591 +06:00 [DBG] Removing outdated records from the 'Hash' table...
2025-09-21 16:14:39.591 +06:00 [DBG] Execution loop Worker:a7beee3a has started in 213.0608 ms
2025-09-21 16:14:39.628 +06:00 [DBG] Execution loop Worker:11a7734c has started in 249.8099 ms
2025-09-21 16:14:39.634 +06:00 [DBG] Execution loop Worker:00c07c92 has started in 256.2334 ms
2025-09-21 16:14:39.660 +06:00 [DBG] Execution loop Worker:d66bed1f has started in 282.3648 ms
2025-09-21 16:14:39.667 +06:00 [INF] Server desktop-c1paikg:19540:d73646c1 all the dispatchers started
2025-09-21 16:14:39.667 +06:00 [DBG] Execution loop DelayedJobScheduler:65d4533c has started in 33.604 ms
2025-09-21 16:14:39.707 +06:00 [DBG] Execution loop RecurringJobScheduler:e13748a8 has started in 44.6356 ms
2025-09-21 16:14:49.590 +06:00 [WRN] You do not have a valid license key for the Lucky Penny software MediatR. This is allowed for development and testing scenarios. If you are running in production you are required to have a licensed version. Please visit https://luckypennysoftware.com to obtain a valid license.
2025-09-21 16:14:50.710 +06:00 [INF] User logged in successfully
2025-09-21 16:15:09.464 +06:00 [DBG] Server desktop-c1paikg:19540:d73646c1 heartbeat successfully sent
2025-09-21 20:43:48.946 +06:00 [INF] Application Starting......
2025-09-21 20:43:50.684 +06:00 [INF] Start installing Hangfire SQL objects...
2025-09-21 20:43:51.451 +06:00 [INF] Hangfire SQL objects installed.
2025-09-21 20:43:51.949 +06:00 [INF] Starting Hangfire Server using job storage: 'SQL Server: DESKTOP-C1PAIKG\SQLEXPRESS01@UserManagementSystem'
2025-09-21 20:43:51.949 +06:00 [INF] Using the following options for SQL Server job storage: Queue poll interval: 00:00:00.
2025-09-21 20:43:51.949 +06:00 [INF] Using the following options for Hangfire Server:
    Worker count: 20
    Listening queues: 'default'
    Shutdown timeout: 00:00:15
    Schedule polling interval: 00:00:15
2025-09-21 20:43:51.969 +06:00 [DBG] Execution loop BackgroundServerProcess:5cdaf359 has started in 6.4698 ms
2025-09-21 20:43:52.179 +06:00 [INF] Server desktop-c1paikg:18904:f181a492 successfully announced in 206.8973 ms
2025-09-21 20:43:52.186 +06:00 [DBG] Execution loop ServerHeartbeatProcess:42ca3250 has started in 5.8521 ms
2025-09-21 20:43:52.187 +06:00 [INF] Server desktop-c1paikg:18904:f181a492 is starting the registered dispatchers: ServerWatchdog, ServerJobCancellationWatcher, SqlServerHeartbeatProcess, ExpirationManager, CountersAggregator, Worker, DelayedJobScheduler, RecurringJobScheduler...
2025-09-21 20:43:52.219 +06:00 [DBG] Execution loop ServerWatchdog:c7402444 has started in 31.9238 ms
2025-09-21 20:43:52.223 +06:00 [DBG] Execution loop ServerJobCancellationWatcher:009eca2a has started in 4.6825 ms
2025-09-21 20:43:52.228 +06:00 [DBG] Execution loop SqlServerHeartbeatProcess:2cb5f514 has started in 9.0582 ms
2025-09-21 20:43:52.233 +06:00 [DBG] Execution loop ExpirationManager:1197dcb6 has started in 4.6012 ms
2025-09-21 20:43:52.236 +06:00 [DBG] Execution loop CountersAggregator:4e8a9331 has started in 6.8872 ms
2025-09-21 20:43:52.236 +06:00 [DBG] Aggregating records in 'Counter' table...
2025-09-21 20:43:52.237 +06:00 [DBG] Removing outdated records from the 'AggregatedCounter' table...
2025-09-21 20:43:52.242 +06:00 [DBG] Execution loop Worker:8a1ee6f5 has started in 6.6885 ms
2025-09-21 20:43:52.247 +06:00 [DBG] Execution loop Worker:0afee358 has started in 11.2698 ms
2025-09-21 20:43:52.251 +06:00 [DBG] Execution loop Worker:9b4d73ae has started in 15.6887 ms
2025-09-21 20:43:52.251 +06:00 [INF] 2 servers were removed due to timeout
2025-09-21 20:43:52.257 +06:00 [DBG] Execution loop Worker:63cdc6ae has started in 21.8462 ms
2025-09-21 20:43:52.261 +06:00 [DBG] Execution loop Worker:ca99a464 has started in 25.7302 ms
2025-09-21 20:43:52.299 +06:00 [DBG] Execution loop Worker:ad19b238 has started in 63.6007 ms
2025-09-21 20:43:52.306 +06:00 [DBG] Execution loop Worker:22f93445 has started in 70.1409 ms
2025-09-21 20:43:52.312 +06:00 [DBG] Execution loop Worker:bbae5d31 has started in 76.2666 ms
2025-09-21 20:43:52.346 +06:00 [DBG] Execution loop Worker:75ff06ad has started in 109.9405 ms
2025-09-21 20:43:52.346 +06:00 [DBG] Execution loop Worker:fb0768e1 has started in 110.3511 ms
2025-09-21 20:43:52.351 +06:00 [DBG] Execution loop Worker:f787d6a9 has started in 115.5273 ms
2025-09-21 20:43:52.356 +06:00 [DBG] Removing outdated records from the 'Job' table...
2025-09-21 20:43:52.356 +06:00 [DBG] Execution loop Worker:f2e8fb3b has started in 120.7129 ms
2025-09-21 20:43:52.362 +06:00 [DBG] Execution loop Worker:8e479f31 has started in 126.8914 ms
2025-09-21 20:43:52.373 +06:00 [DBG] Execution loop Worker:9ee397e9 has started in 136.8592 ms
2025-09-21 20:43:52.419 +06:00 [DBG] Execution loop Worker:1f986408 has started in 183.7939 ms
2025-09-21 20:43:52.529 +06:00 [DBG] Execution loop Worker:c73e8969 has started in 293.3558 ms
2025-09-21 20:43:52.540 +06:00 [DBG] Execution loop Worker:eabbfce2 has started in 304.7704 ms
2025-09-21 20:43:52.559 +06:00 [DBG] Execution loop Worker:d8f45128 has started in 323.2494 ms
2025-09-21 20:43:52.569 +06:00 [DBG] Removing outdated records from the 'List' table...
2025-09-21 20:43:52.579 +06:00 [DBG] Execution loop Worker:b0f923a1 has started in 343.4741 ms
2025-09-21 20:43:52.588 +06:00 [DBG] Execution loop Worker:66526030 has started in 352.0378 ms
2025-09-21 20:43:52.629 +06:00 [DBG] Removing outdated records from the 'Set' table...
2025-09-21 20:43:52.629 +06:00 [DBG] Execution loop DelayedJobScheduler:b013f483 has started in 45.8842 ms
2025-09-21 20:43:52.633 +06:00 [INF] Server desktop-c1paikg:18904:f181a492 all the dispatchers started
2025-09-21 20:43:52.636 +06:00 [DBG] Removing outdated records from the 'Hash' table...
2025-09-21 20:43:52.642 +06:00 [DBG] Execution loop RecurringJobScheduler:1e644283 has started in 12.7969 ms
2025-09-21 20:44:22.442 +06:00 [DBG] Server desktop-c1paikg:18904:f181a492 heartbeat successfully sent
2025-09-21 20:44:52.447 +06:00 [DBG] Server desktop-c1paikg:18904:f181a492 heartbeat successfully sent
2025-09-21 20:50:23.260 +06:00 [INF] Application Starting......
2025-09-21 20:50:24.391 +06:00 [INF] Start installing Hangfire SQL objects...
2025-09-21 20:50:24.709 +06:00 [INF] Hangfire SQL objects installed.
2025-09-21 20:50:25.023 +06:00 [INF] Starting Hangfire Server using job storage: 'SQL Server: DESKTOP-C1PAIKG\SQLEXPRESS01@UserManagementSystem'
2025-09-21 20:50:25.023 +06:00 [INF] Using the following options for SQL Server job storage: Queue poll interval: 00:00:00.
2025-09-21 20:50:25.024 +06:00 [INF] Using the following options for Hangfire Server:
    Worker count: 20
    Listening queues: 'default'
    Shutdown timeout: 00:00:15
    Schedule polling interval: 00:00:15
2025-09-21 20:50:25.038 +06:00 [DBG] Execution loop BackgroundServerProcess:f1a1b178 has started in 10.9409 ms
2025-09-21 20:50:25.138 +06:00 [INF] Server desktop-c1paikg:9392:08bde0f9 successfully announced in 97.7677 ms
2025-09-21 20:50:25.142 +06:00 [DBG] Execution loop ServerHeartbeatProcess:6173db02 has started in 3.4355 ms
2025-09-21 20:50:25.142 +06:00 [INF] Server desktop-c1paikg:9392:08bde0f9 is starting the registered dispatchers: ServerWatchdog, ServerJobCancellationWatcher, SqlServerHeartbeatProcess, ExpirationManager, CountersAggregator, Worker, DelayedJobScheduler, RecurringJobScheduler...
2025-09-21 20:50:25.177 +06:00 [DBG] Execution loop ServerWatchdog:d854efea has started in 34.64 ms
2025-09-21 20:50:25.180 +06:00 [DBG] Execution loop ServerJobCancellationWatcher:3b5c3b92 has started in 37.2603 ms
2025-09-21 20:50:25.183 +06:00 [DBG] Execution loop SqlServerHeartbeatProcess:cfaaf45b has started in 5.0601 ms
2025-09-21 20:50:25.186 +06:00 [DBG] Execution loop ExpirationManager:94654336 has started in 5.4122 ms
2025-09-21 20:50:25.208 +06:00 [DBG] Execution loop CountersAggregator:ea130e77 has started in 25.0889 ms
2025-09-21 20:50:25.212 +06:00 [DBG] Execution loop Worker:2c6af3b6 has started in 25.5811 ms
2025-09-21 20:50:25.214 +06:00 [DBG] Execution loop Worker:fcc9e790 has started in 28.1579 ms
2025-09-21 20:50:25.217 +06:00 [DBG] Aggregating records in 'Counter' table...
2025-09-21 20:50:25.217 +06:00 [DBG] Execution loop Worker:0dc5dac1 has started in 31.4829 ms
2025-09-21 20:50:25.221 +06:00 [DBG] Execution loop Worker:7a046607 has started in 35.233 ms
2025-09-21 20:50:25.221 +06:00 [DBG] Removing outdated records from the 'AggregatedCounter' table...
2025-09-21 20:50:25.255 +06:00 [DBG] Execution loop Worker:9655e603 has started in 69.8834 ms
2025-09-21 20:50:25.258 +06:00 [DBG] Execution loop Worker:5e254277 has started in 72.8464 ms
2025-09-21 20:50:25.261 +06:00 [DBG] Execution loop Worker:1e1cd989 has started in 75.7504 ms
2025-09-21 20:50:25.288 +06:00 [DBG] Execution loop Worker:c879fc57 has started in 102.2874 ms
2025-09-21 20:50:25.288 +06:00 [DBG] Execution loop Worker:ca101afb has started in 102.3353 ms
2025-09-21 20:50:25.292 +06:00 [INF] 1 servers were removed due to timeout
2025-09-21 20:50:25.320 +06:00 [DBG] Execution loop Worker:ccb50f6a has started in 134.0096 ms
2025-09-21 20:50:25.292 +06:00 [DBG] Execution loop Worker:76cb83ed has started in 106.1102 ms
2025-09-21 20:50:25.328 +06:00 [DBG] Execution loop Worker:b15af111 has started in 142.3246 ms
2025-09-21 20:50:25.332 +06:00 [DBG] Execution loop Worker:bfc9be64 has started in 146.8144 ms
2025-09-21 20:50:25.336 +06:00 [DBG] Execution loop Worker:d8916171 has started in 150.3657 ms
2025-09-21 20:50:25.365 +06:00 [DBG] Execution loop Worker:a6961a70 has started in 179.776 ms
2025-09-21 20:50:25.366 +06:00 [DBG] Execution loop Worker:e81a25c1 has started in 179.875 ms
2025-09-21 20:50:25.370 +06:00 [DBG] Execution loop Worker:05b0b9a3 has started in 184.3858 ms
2025-09-21 20:50:25.370 +06:00 [DBG] Execution loop Worker:1b5e1aa0 has started in 184.3858 ms
2025-09-21 20:50:25.373 +06:00 [DBG] Execution loop Worker:a40b0126 has started in 187.277 ms
2025-09-21 20:50:25.412 +06:00 [DBG] Execution loop DelayedJobScheduler:01124812 has started in 39.0106 ms
2025-09-21 20:50:25.412 +06:00 [DBG] Execution loop Worker:6e173f37 has started in 226.3844 ms
2025-09-21 20:50:25.412 +06:00 [INF] Server desktop-c1paikg:9392:08bde0f9 all the dispatchers started
2025-09-21 20:50:25.415 +06:00 [DBG] Execution loop RecurringJobScheduler:6449cb44 has started in 41.7545 ms
2025-09-21 20:50:25.756 +06:00 [DBG] Removing outdated records from the 'Job' table...
2025-09-21 20:50:25.775 +06:00 [DBG] Removing outdated records from the 'List' table...
2025-09-21 20:50:25.780 +06:00 [DBG] Removing outdated records from the 'Set' table...
2025-09-21 20:50:25.790 +06:00 [DBG] Removing outdated records from the 'Hash' table...
2025-09-21 21:03:57.222 +06:00 [INF] Application Starting......
2025-09-21 21:03:58.563 +06:00 [INF] Start installing Hangfire SQL objects...
2025-09-21 21:03:59.197 +06:00 [INF] Hangfire SQL objects installed.
2025-09-21 21:03:59.572 +06:00 [INF] Starting Hangfire Server using job storage: 'SQL Server: DESKTOP-C1PAIKG\SQLEXPRESS01@UserManagementSystem'
2025-09-21 21:03:59.573 +06:00 [INF] Using the following options for SQL Server job storage: Queue poll interval: 00:00:00.
2025-09-21 21:03:59.573 +06:00 [INF] Using the following options for Hangfire Server:
    Worker count: 20
    Listening queues: 'default'
    Shutdown timeout: 00:00:15
    Schedule polling interval: 00:00:15
2025-09-21 21:03:59.587 +06:00 [DBG] Execution loop BackgroundServerProcess:6ed0b2a1 has started in 9.9394 ms
2025-09-21 21:03:59.735 +06:00 [INF] Server desktop-c1paikg:19044:f2989cee successfully announced in 146.867 ms
2025-09-21 21:03:59.741 +06:00 [DBG] Execution loop ServerHeartbeatProcess:fc3883a3 has started in 4.9495 ms
2025-09-21 21:03:59.741 +06:00 [INF] Server desktop-c1paikg:19044:f2989cee is starting the registered dispatchers: ServerWatchdog, ServerJobCancellationWatcher, SqlServerHeartbeatProcess, ExpirationManager, CountersAggregator, Worker, DelayedJobScheduler, RecurringJobScheduler...
2025-09-21 21:03:59.772 +06:00 [DBG] Execution loop ServerWatchdog:e320ed40 has started in 30.3463 ms
2025-09-21 21:03:59.774 +06:00 [DBG] Execution loop ServerJobCancellationWatcher:f97aa550 has started in 32.3766 ms
2025-09-21 21:03:59.809 +06:00 [DBG] Execution loop SqlServerHeartbeatProcess:07a2c942 has started in 36.7728 ms
2025-09-21 21:03:59.809 +06:00 [DBG] Execution loop ExpirationManager:0884b2c2 has started in 34.7747 ms
2025-09-21 21:03:59.809 +06:00 [DBG] Execution loop CountersAggregator:8905e4fb has started in 32.673 ms
2025-09-21 21:03:59.864 +06:00 [DBG] Execution loop Worker:3ce66e3b has started in 55.4319 ms
2025-09-21 21:03:59.864 +06:00 [DBG] Execution loop Worker:c5dbba37 has started in 55.4321 ms
2025-09-21 21:03:59.864 +06:00 [DBG] Execution loop Worker:ee4e95f6 has started in 55.4765 ms
2025-09-21 21:03:59.866 +06:00 [DBG] Aggregating records in 'Counter' table...
2025-09-21 21:03:59.866 +06:00 [DBG] Removing outdated records from the 'AggregatedCounter' table...
2025-09-21 21:03:59.870 +06:00 [DBG] Execution loop Worker:ca23a71f has started in 61.3103 ms
2025-09-21 21:03:59.896 +06:00 [DBG] Execution loop Worker:e4be3457 has started in 87.1292 ms
2025-09-21 21:03:59.896 +06:00 [DBG] Execution loop Worker:e3e01296 has started in 87.3345 ms
2025-09-21 21:03:59.927 +06:00 [DBG] Execution loop Worker:59fb3833 has started in 117.7852 ms
2025-09-21 21:03:59.927 +06:00 [DBG] Execution loop Worker:359cc94f has started in 117.7827 ms
2025-09-21 21:03:59.927 +06:00 [INF] 1 servers were removed due to timeout
2025-09-21 21:03:59.931 +06:00 [DBG] Execution loop Worker:a77574cd has started in 121.6079 ms
2025-09-21 21:03:59.934 +06:00 [DBG] Execution loop Worker:81ac798f has started in 125.1445 ms
2025-09-21 21:03:59.939 +06:00 [DBG] Execution loop Worker:4f036b7c has started in 129.7736 ms
2025-09-21 21:03:59.942 +06:00 [DBG] Execution loop Worker:494d8d49 has started in 133.1604 ms
2025-09-21 21:03:59.974 +06:00 [DBG] Execution loop Worker:25f1f4d3 has started in 165.0051 ms
2025-09-21 21:03:59.974 +06:00 [DBG] Execution loop Worker:18e58c23 has started in 165.0052 ms
2025-09-21 21:03:59.980 +06:00 [DBG] Execution loop Worker:cc8ce13c has started in 170.7495 ms
2025-09-21 21:04:00.006 +06:00 [DBG] Execution loop Worker:e16472b9 has started in 197.3386 ms
2025-09-21 21:04:00.006 +06:00 [DBG] Execution loop Worker:08ed69ea has started in 197.3385 ms
2025-09-21 21:04:00.036 +06:00 [DBG] Execution loop Worker:6310fa97 has started in 227.4859 ms
2025-09-21 21:04:00.036 +06:00 [DBG] Execution loop Worker:2068deb4 has started in 227.4561 ms
2025-09-21 21:04:00.040 +06:00 [DBG] Execution loop Worker:85f6b2a6 has started in 231.2964 ms
2025-09-21 21:04:00.044 +06:00 [DBG] Execution loop DelayedJobScheduler:152cd895 has started in 6.5628 ms
2025-09-21 21:04:00.045 +06:00 [INF] Server desktop-c1paikg:19044:f2989cee all the dispatchers started
2025-09-21 21:04:00.048 +06:00 [DBG] Execution loop RecurringJobScheduler:ca5fb400 has started in 7.2624 ms
2025-09-21 21:04:00.083 +06:00 [DBG] Removing outdated records from the 'Job' table...
2025-09-21 21:04:00.105 +06:00 [DBG] Removing outdated records from the 'List' table...
2025-09-21 21:04:00.107 +06:00 [DBG] Removing outdated records from the 'Set' table...
2025-09-21 21:04:00.109 +06:00 [DBG] Removing outdated records from the 'Hash' table...
2025-09-21 21:04:06.545 +06:00 [WRN] You do not have a valid license key for the Lucky Penny software MediatR. This is allowed for development and testing scenarios. If you are running in production you are required to have a licensed version. Please visit https://luckypennysoftware.com to obtain a valid license.
2025-09-21 21:04:07.522 +06:00 [INF] Users fetched successfully
2025-09-21 21:40:50.892 +06:00 [INF] Application Starting......
2025-09-21 21:40:51.329 +06:00 [FTL] Application creashed
Microsoft.Extensions.Hosting.HostAbortedException: The host was aborted.
   at Microsoft.Extensions.Hosting.HostFactoryResolver.HostingListener.ThrowHostAborted()
   at Microsoft.Extensions.Hosting.HostFactoryResolver.HostingListener.OnNext(KeyValuePair`2 value)
   at System.Diagnostics.DiagnosticListener.Write(String name, Object value)
   at Microsoft.Extensions.Hosting.HostBuilder.ResolveHost(IServiceProvider serviceProvider, DiagnosticListener diagnosticListener)
   at Microsoft.Extensions.Hosting.HostApplicationBuilder.Build()
   at Microsoft.AspNetCore.Builder.WebApplicationBuilder.Build()
   at Program.<Main>$(String[] args) in D:\.NetProjectJob\CRUD User\User-Management-System\src\UserManagementSystem\UserManagementSystem.Api\Program.cs:line 91
2025-09-21 21:44:50.022 +06:00 [INF] Application Starting......
2025-09-21 21:44:50.347 +06:00 [FTL] Application creashed
Microsoft.Extensions.Hosting.HostAbortedException: The host was aborted.
   at Microsoft.Extensions.Hosting.HostFactoryResolver.HostingListener.ThrowHostAborted()
   at Microsoft.Extensions.Hosting.HostFactoryResolver.HostingListener.OnNext(KeyValuePair`2 value)
   at System.Diagnostics.DiagnosticListener.Write(String name, Object value)
   at Microsoft.Extensions.Hosting.HostBuilder.ResolveHost(IServiceProvider serviceProvider, DiagnosticListener diagnosticListener)
   at Microsoft.Extensions.Hosting.HostApplicationBuilder.Build()
   at Microsoft.AspNetCore.Builder.WebApplicationBuilder.Build()
   at Program.<Main>$(String[] args) in D:\.NetProjectJob\CRUD User\User-Management-System\src\UserManagementSystem\UserManagementSystem.Api\Program.cs:line 91
2025-09-21 22:02:27.985 +06:00 [INF] Application Starting......
2025-09-21 22:02:28.396 +06:00 [FTL] Application creashed
Microsoft.Extensions.Hosting.HostAbortedException: The host was aborted.
   at Microsoft.Extensions.Hosting.HostFactoryResolver.HostingListener.ThrowHostAborted()
   at Microsoft.Extensions.Hosting.HostFactoryResolver.HostingListener.OnNext(KeyValuePair`2 value)
   at System.Diagnostics.DiagnosticListener.Write(String name, Object value)
   at Microsoft.Extensions.Hosting.HostBuilder.ResolveHost(IServiceProvider serviceProvider, DiagnosticListener diagnosticListener)
   at Microsoft.Extensions.Hosting.HostApplicationBuilder.Build()
   at Microsoft.AspNetCore.Builder.WebApplicationBuilder.Build()
   at Program.<Main>$(String[] args) in D:\.NetProjectJob\CRUD User\User-Management-System\src\UserManagementSystem\UserManagementSystem.Api\Program.cs:line 91
2025-09-21 23:46:27.324 +06:00 [INF] Application Starting......
2025-09-21 23:46:29.556 +06:00 [INF] Start installing Hangfire SQL objects...
2025-09-21 23:46:30.135 +06:00 [INF] Hangfire SQL objects installed.
2025-09-21 23:46:30.526 +06:00 [INF] Starting Hangfire Server using job storage: 'SQL Server: DESKTOP-C1PAIKG\SQLEXPRESS01@UserManagementSystem'
2025-09-21 23:46:30.527 +06:00 [INF] Using the following options for SQL Server job storage: Queue poll interval: 00:00:00.
2025-09-21 23:46:30.527 +06:00 [INF] Using the following options for Hangfire Server:
    Worker count: 20
    Listening queues: 'default'
    Shutdown timeout: 00:00:15
    Schedule polling interval: 00:00:15
2025-09-21 23:46:30.536 +06:00 [DBG] Execution loop BackgroundServerProcess:7b5a10a7 has started in 5.0608 ms
2025-09-21 23:46:30.701 +06:00 [INF] Server desktop-c1paikg:14700:0d07f011 successfully announced in 158.6916 ms
2025-09-21 23:46:30.706 +06:00 [DBG] Execution loop ServerHeartbeatProcess:54e55283 has started in 4.3331 ms
2025-09-21 23:46:30.707 +06:00 [INF] Server desktop-c1paikg:14700:0d07f011 is starting the registered dispatchers: ServerWatchdog, ServerJobCancellationWatcher, SqlServerHeartbeatProcess, ExpirationManager, CountersAggregator, Worker, DelayedJobScheduler, RecurringJobScheduler...
2025-09-21 23:46:30.711 +06:00 [DBG] Execution loop ServerWatchdog:007da537 has started in 4.3898 ms
2025-09-21 23:46:30.715 +06:00 [DBG] Execution loop ServerJobCancellationWatcher:20e7e991 has started in 8.0903 ms
2025-09-21 23:46:30.748 +06:00 [DBG] Execution loop SqlServerHeartbeatProcess:10e35fa3 has started in 36.5595 ms
2025-09-21 23:46:30.751 +06:00 [DBG] Execution loop ExpirationManager:94f7370e has started in 3.2898 ms
2025-09-21 23:46:30.780 +06:00 [DBG] Execution loop CountersAggregator:7c9be43f has started in 31.9375 ms
2025-09-21 23:46:30.781 +06:00 [DBG] Aggregating records in 'Counter' table...
2025-09-21 23:46:30.785 +06:00 [DBG] Execution loop Worker:311c056f has started in 33.4108 ms
2025-09-21 23:46:30.791 +06:00 [DBG] Execution loop Worker:96a90554 has started in 39.48 ms
2025-09-21 23:46:30.791 +06:00 [DBG] Removing outdated records from the 'AggregatedCounter' table...
2025-09-21 23:46:30.791 +06:00 [DBG] Execution loop Worker:a97938a1 has started in 37.5907 ms
2025-09-21 23:46:30.795 +06:00 [DBG] Execution loop Worker:127ba089 has started in 43.5947 ms
2025-09-21 23:46:30.799 +06:00 [DBG] Execution loop Worker:fd48baa3 has started in 48.0952 ms
2025-09-21 23:46:30.803 +06:00 [DBG] Execution loop Worker:c570a20b has started in 52.252 ms
2025-09-21 23:46:30.807 +06:00 [DBG] Execution loop Worker:cc827d63 has started in 56.1633 ms
2025-09-21 23:46:30.843 +06:00 [DBG] Execution loop Worker:ae6e50f1 has started in 92.1338 ms
2025-09-21 23:46:30.807 +06:00 [INF] 1 servers were removed due to timeout
2025-09-21 23:46:30.843 +06:00 [DBG] Execution loop Worker:938dfb68 has started in 92.204 ms
2025-09-21 23:46:30.847 +06:00 [DBG] Execution loop Worker:e8f1a6e8 has started in 95.6535 ms
2025-09-21 23:46:30.875 +06:00 [DBG] Execution loop Worker:1cbde484 has started in 124.2009 ms
2025-09-21 23:46:30.875 +06:00 [DBG] Execution loop Worker:6d2b63dd has started in 124.2303 ms
2025-09-21 23:46:30.880 +06:00 [DBG] Execution loop Worker:3fc8fffd has started in 128.798 ms
2025-09-21 23:46:30.883 +06:00 [DBG] Execution loop Worker:18198be7 has started in 132.3083 ms
2025-09-21 23:46:30.887 +06:00 [DBG] Execution loop Worker:cc0342cc has started in 135.2814 ms
2025-09-21 23:46:30.890 +06:00 [DBG] Execution loop Worker:dc3eaa21 has started in 139.1179 ms
2025-09-21 23:46:30.894 +06:00 [DBG] Execution loop Worker:0fe26d2f has started in 142.5679 ms
2025-09-21 23:46:30.897 +06:00 [DBG] Execution loop Worker:0ee495c6 has started in 146.2918 ms
2025-09-21 23:46:30.900 +06:00 [DBG] Execution loop Worker:8ac9c47a has started in 149.1606 ms
2025-09-21 23:46:30.936 +06:00 [DBG] Execution loop Worker:42b27065 has started in 184.5141 ms
2025-09-21 23:46:30.969 +06:00 [DBG] Execution loop DelayedJobScheduler:7d67e40a has started in 68.9789 ms
2025-09-21 23:46:31.154 +06:00 [INF] Server desktop-c1paikg:14700:0d07f011 all the dispatchers started
2025-09-21 23:46:31.154 +06:00 [DBG] Execution loop RecurringJobScheduler:9bd4095f has started in 217.1876 ms
2025-09-21 23:46:31.398 +06:00 [DBG] Removing outdated records from the 'Job' table...
2025-09-21 23:46:31.412 +06:00 [DBG] Removing outdated records from the 'List' table...
2025-09-21 23:46:31.418 +06:00 [DBG] Removing outdated records from the 'Set' table...
2025-09-21 23:46:31.422 +06:00 [DBG] Removing outdated records from the 'Hash' table...
2025-09-21 23:47:00.928 +06:00 [DBG] Server desktop-c1paikg:14700:0d07f011 heartbeat successfully sent
2025-09-21 23:47:20.262 +06:00 [INF] Application Starting......
2025-09-21 23:47:21.580 +06:00 [INF] Start installing Hangfire SQL objects...
2025-09-21 23:47:21.974 +06:00 [INF] Hangfire SQL objects installed.
2025-09-21 23:47:22.272 +06:00 [INF] Starting Hangfire Server using job storage: 'SQL Server: DESKTOP-C1PAIKG\SQLEXPRESS01@UserManagementSystem'
2025-09-21 23:47:22.272 +06:00 [INF] Using the following options for SQL Server job storage: Queue poll interval: 00:00:00.
2025-09-21 23:47:22.272 +06:00 [INF] Using the following options for Hangfire Server:
    Worker count: 20
    Listening queues: 'default'
    Shutdown timeout: 00:00:15
    Schedule polling interval: 00:00:15
2025-09-21 23:47:22.288 +06:00 [DBG] Execution loop BackgroundServerProcess:7dbcafea has started in 6.0702 ms
2025-09-21 23:47:22.418 +06:00 [INF] Server desktop-c1paikg:7060:570eafdf successfully announced in 127.8345 ms
2025-09-21 23:47:22.425 +06:00 [DBG] Execution loop ServerHeartbeatProcess:d7272160 has started in 4.8139 ms
2025-09-21 23:47:22.425 +06:00 [INF] Server desktop-c1paikg:7060:570eafdf is starting the registered dispatchers: ServerWatchdog, ServerJobCancellationWatcher, SqlServerHeartbeatProcess, ExpirationManager, CountersAggregator, Worker, DelayedJobScheduler, RecurringJobScheduler...
2025-09-21 23:47:22.429 +06:00 [DBG] Execution loop ServerWatchdog:9daea2f1 has started in 3.2615 ms
2025-09-21 23:47:22.431 +06:00 [DBG] Execution loop ServerJobCancellationWatcher:1ca9d613 has started in 5.5488 ms
2025-09-21 23:47:22.462 +06:00 [DBG] Execution loop SqlServerHeartbeatProcess:fa4aaab6 has started in 33.0321 ms
2025-09-21 23:47:22.466 +06:00 [DBG] Execution loop ExpirationManager:4f49cf27 has started in 4.7084 ms
2025-09-21 23:47:22.493 +06:00 [DBG] Execution loop CountersAggregator:2660fa18 has started in 30.8576 ms
2025-09-21 23:47:22.493 +06:00 [DBG] Aggregating records in 'Counter' table...
2025-09-21 23:47:22.497 +06:00 [DBG] Execution loop Worker:23fa6929 has started in 30.5262 ms
2025-09-21 23:47:22.525 +06:00 [DBG] Execution loop Worker:1896b765 has started in 58.3827 ms
2025-09-21 23:47:22.525 +06:00 [DBG] Execution loop Worker:4a15a2e0 has started in 58.3695 ms
2025-09-21 23:47:22.525 +06:00 [DBG] Execution loop Worker:49c5a160 has started in 58.4376 ms
2025-09-21 23:47:22.525 +06:00 [DBG] Removing outdated records from the 'AggregatedCounter' table...
2025-09-21 23:47:22.525 +06:00 [DBG] Execution loop Worker:9289e686 has started in 58.4513 ms
2025-09-21 23:47:22.528 +06:00 [DBG] Execution loop Worker:862ef35c has started in 61.1609 ms
2025-09-21 23:47:22.531 +06:00 [DBG] Execution loop Worker:ed39dc89 has started in 63.989 ms
2025-09-21 23:47:22.533 +06:00 [DBG] Execution loop Worker:3de5527f has started in 66.513 ms
2025-09-21 23:47:22.537 +06:00 [DBG] Execution loop Worker:ab81158a has started in 70.2949 ms
2025-09-21 23:47:22.541 +06:00 [DBG] Execution loop Worker:d929ff54 has started in 74.1902 ms
2025-09-21 23:47:22.545 +06:00 [DBG] Execution loop Worker:6f02fc95 has started in 78.2996 ms
2025-09-21 23:47:22.550 +06:00 [DBG] Execution loop Worker:8bc5bf88 has started in 83.0422 ms
2025-09-21 23:47:22.553 +06:00 [DBG] Execution loop Worker:574ab2c7 has started in 86.4026 ms
2025-09-21 23:47:22.556 +06:00 [DBG] Execution loop Worker:96b6cf99 has started in 89.7638 ms
2025-09-21 23:47:22.559 +06:00 [DBG] Execution loop Worker:cd74a018 has started in 92.5322 ms
2025-09-21 23:47:22.562 +06:00 [DBG] Execution loop Worker:fd440646 has started in 95.2056 ms
2025-09-21 23:47:22.588 +06:00 [DBG] Execution loop Worker:9b15fe77 has started in 120.8166 ms
2025-09-21 23:47:22.618 +06:00 [DBG] Execution loop Worker:c462bacb has started in 151.6142 ms
2025-09-21 23:47:22.621 +06:00 [DBG] Execution loop Worker:477c7575 has started in 154.4588 ms
2025-09-21 23:47:22.673 +06:00 [DBG] Execution loop Worker:2626bfd4 has started in 206.1084 ms
2025-09-21 23:47:22.713 +06:00 [DBG] Execution loop DelayedJobScheduler:5fbb4a81 has started in 91.5488 ms
2025-09-21 23:47:22.718 +06:00 [INF] Server desktop-c1paikg:7060:570eafdf all the dispatchers started
2025-09-21 23:47:22.718 +06:00 [DBG] Removing outdated records from the 'Job' table...
2025-09-21 23:47:22.719 +06:00 [DBG] Execution loop RecurringJobScheduler:a31e9a78 has started in 44.4018 ms
2025-09-21 23:47:22.740 +06:00 [DBG] Removing outdated records from the 'List' table...
2025-09-21 23:47:22.744 +06:00 [DBG] Removing outdated records from the 'Set' table...
2025-09-21 23:47:22.748 +06:00 [DBG] Removing outdated records from the 'Hash' table...
2025-09-21 23:48:16.625 +06:00 [INF] Application Starting......
2025-09-21 23:48:17.093 +06:00 [FTL] Application creashed
Microsoft.Extensions.Hosting.HostAbortedException: The host was aborted.
   at Microsoft.Extensions.Hosting.HostFactoryResolver.HostingListener.ThrowHostAborted()
   at Microsoft.Extensions.Hosting.HostFactoryResolver.HostingListener.OnNext(KeyValuePair`2 value)
   at System.Diagnostics.DiagnosticListener.Write(String name, Object value)
   at Microsoft.Extensions.Hosting.HostBuilder.ResolveHost(IServiceProvider serviceProvider, DiagnosticListener diagnosticListener)
   at Microsoft.Extensions.Hosting.HostApplicationBuilder.Build()
   at Microsoft.AspNetCore.Builder.WebApplicationBuilder.Build()
   at Program.<Main>$(String[] args) in D:\.NetProjectJob\CRUD User\User-Management-System\src\UserManagementSystem\UserManagementSystem.Api\Program.cs:line 91
2025-09-21 23:54:33.388 +06:00 [INF] Application Starting......
2025-09-21 23:54:34.761 +06:00 [INF] Start installing Hangfire SQL objects...
2025-09-21 23:54:35.188 +06:00 [INF] Hangfire SQL objects installed.
2025-09-21 23:54:35.619 +06:00 [INF] Starting Hangfire Server using job storage: 'SQL Server: DESKTOP-C1PAIKG\SQLEXPRESS01@UserManagementSystem'
2025-09-21 23:54:35.620 +06:00 [INF] Using the following options for SQL Server job storage: Queue poll interval: 00:00:00.
2025-09-21 23:54:35.620 +06:00 [INF] Using the following options for Hangfire Server:
    Worker count: 20
    Listening queues: 'default'
    Shutdown timeout: 00:00:15
    Schedule polling interval: 00:00:15
2025-09-21 23:54:35.668 +06:00 [DBG] Execution loop BackgroundServerProcess:f16066d8 has started in 37.9665 ms
2025-09-21 23:54:36.407 +06:00 [INF] Server desktop-c1paikg:15244:9a1b3b4d successfully announced in 736.6697 ms
2025-09-21 23:54:36.424 +06:00 [DBG] Execution loop ServerHeartbeatProcess:27370dc7 has started in 16.3588 ms
2025-09-21 23:54:36.427 +06:00 [INF] Server desktop-c1paikg:15244:9a1b3b4d is starting the registered dispatchers: ServerWatchdog, ServerJobCancellationWatcher, SqlServerHeartbeatProcess, ExpirationManager, CountersAggregator, Worker, DelayedJobScheduler, RecurringJobScheduler...
2025-09-21 23:54:36.436 +06:00 [DBG] Execution loop ServerWatchdog:b1a69ccb has started in 8.2901 ms
2025-09-21 23:54:36.441 +06:00 [DBG] Execution loop ServerJobCancellationWatcher:03707054 has started in 5.1257 ms
2025-09-21 23:54:36.469 +06:00 [DBG] Execution loop SqlServerHeartbeatProcess:8c8df574 has started in 32.4805 ms
2025-09-21 23:54:36.487 +06:00 [DBG] Execution loop ExpirationManager:f1a41136 has started in 18.1991 ms
2025-09-21 23:54:36.488 +06:00 [DBG] Removing outdated records from the 'AggregatedCounter' table...
2025-09-21 23:54:36.499 +06:00 [DBG] Execution loop CountersAggregator:5455219d has started in 12.6799 ms
2025-09-21 23:54:36.500 +06:00 [DBG] Aggregating records in 'Counter' table...
2025-09-21 23:54:36.519 +06:00 [DBG] Execution loop Worker:05d5272e has started in 28.8115 ms
2025-09-21 23:54:36.519 +06:00 [INF] 2 servers were removed due to timeout
2025-09-21 23:54:36.536 +06:00 [DBG] Execution loop Worker:bc6c0d38 has started in 45.4638 ms
2025-09-21 23:54:36.585 +06:00 [DBG] Execution loop Worker:32cd86d6 has started in 93.9723 ms
2025-09-21 23:54:36.611 +06:00 [DBG] Execution loop Worker:f48ba4f7 has started in 120.524 ms
2025-09-21 23:54:36.632 +06:00 [DBG] Execution loop Worker:543ba576 has started in 140.9708 ms
2025-09-21 23:54:36.670 +06:00 [DBG] Execution loop Worker:4ba7eb2b has started in 179.4379 ms
2025-09-21 23:54:36.676 +06:00 [DBG] Execution loop Worker:c7618c61 has started in 185.1088 ms
2025-09-21 23:54:36.677 +06:00 [DBG] Removing outdated records from the 'Job' table...
2025-09-21 23:54:36.684 +06:00 [DBG] Execution loop Worker:e4933d63 has started in 193.0657 ms
2025-09-21 23:54:36.689 +06:00 [DBG] Execution loop Worker:7deaab37 has started in 197.9276 ms
2025-09-21 23:54:36.716 +06:00 [DBG] Execution loop Worker:926706d3 has started in 225.5421 ms
2025-09-21 23:54:36.720 +06:00 [DBG] Execution loop Worker:e9a9b933 has started in 229.6254 ms
2025-09-21 23:54:36.724 +06:00 [DBG] Execution loop Worker:683db729 has started in 233.892 ms
2025-09-21 23:54:36.728 +06:00 [DBG] Removing outdated records from the 'List' table...
2025-09-21 23:54:36.740 +06:00 [DBG] Execution loop Worker:1641982c has started in 249.1013 ms
2025-09-21 23:54:36.744 +06:00 [DBG] Execution loop Worker:58cb815d has started in 253.6145 ms
2025-09-21 23:54:36.783 +06:00 [DBG] Execution loop Worker:d1cfea20 has started in 292.4165 ms
2025-09-21 23:54:36.783 +06:00 [DBG] Execution loop Worker:43962f9e has started in 292.4239 ms
2025-09-21 23:54:36.812 +06:00 [DBG] Execution loop Worker:391a7c07 has started in 321.2978 ms
2025-09-21 23:54:36.817 +06:00 [DBG] Execution loop Worker:f8cd4cb9 has started in 326.6512 ms
2025-09-21 23:54:36.842 +06:00 [DBG] Execution loop Worker:b8c6e4ef has started in 351.3034 ms
2025-09-21 23:54:36.847 +06:00 [DBG] Execution loop Worker:59d3e15b has started in 356.2703 ms
2025-09-21 23:54:36.849 +06:00 [DBG] Removing outdated records from the 'Set' table...
2025-09-21 23:54:36.852 +06:00 [DBG] Execution loop DelayedJobScheduler:ddd639e6 has started in 5.3027 ms
2025-09-21 23:54:36.852 +06:00 [INF] Server desktop-c1paikg:15244:9a1b3b4d all the dispatchers started
2025-09-21 23:54:36.889 +06:00 [DBG] Execution loop RecurringJobScheduler:c6c26213 has started in 41.0918 ms
2025-09-21 23:54:36.892 +06:00 [DBG] Removing outdated records from the 'Hash' table...
2025-09-21 23:54:44.420 +06:00 [WRN] You do not have a valid license key for the Lucky Penny software MediatR. This is allowed for development and testing scenarios. If you are running in production you are required to have a licensed version. Please visit https://luckypennysoftware.com to obtain a valid license.
2025-09-21 23:54:45.377 +06:00 [INF] Users fetched successfully
2025-09-21 23:55:06.644 +06:00 [DBG] Server desktop-c1paikg:15244:9a1b3b4d heartbeat successfully sent
2025-09-21 23:55:36.657 +06:00 [DBG] Server desktop-c1paikg:15244:9a1b3b4d heartbeat successfully sent
2025-09-21 23:56:06.684 +06:00 [DBG] Server desktop-c1paikg:15244:9a1b3b4d heartbeat successfully sent
2025-09-21 23:56:36.696 +06:00 [DBG] Server desktop-c1paikg:15244:9a1b3b4d heartbeat successfully sent
2025-09-21 23:57:06.720 +06:00 [DBG] Server desktop-c1paikg:15244:9a1b3b4d heartbeat successfully sent
2025-09-21 23:57:36.739 +06:00 [DBG] Server desktop-c1paikg:15244:9a1b3b4d heartbeat successfully sent
2025-09-21 23:58:06.752 +06:00 [DBG] Server desktop-c1paikg:15244:9a1b3b4d heartbeat successfully sent
2025-09-21 23:58:36.771 +06:00 [DBG] Server desktop-c1paikg:15244:9a1b3b4d heartbeat successfully sent
