2025-09-18 19:50:54.189 +06:00 [INF] Application Starting......
2025-09-18 19:50:57.153 +06:00 [INF] Start installing Hangfire SQL objects...
2025-09-18 19:50:58.959 +06:00 [INF] Hangfire SQL objects installed.
2025-09-18 19:50:59.416 +06:00 [INF] Starting Hangfire Server using job storage: 'SQL Server: DESKTOP-C1PAIKG\SQLEXPRESS01@UserManagementSystem'
2025-09-18 19:50:59.416 +06:00 [INF] Using the following options for SQL Server job storage: Queue poll interval: 00:00:00.
2025-09-18 19:50:59.416 +06:00 [INF] Using the following options for Hangfire Server:
    Worker count: 20
    Listening queues: 'default'
    Shutdown timeout: 00:00:15
    Schedule polling interval: 00:00:15
2025-09-18 19:50:59.435 +06:00 [DBG] Execution loop BackgroundServerProcess:109ba069 has started in 14.7526 ms
2025-09-18 19:50:59.596 +06:00 [INF] Server desktop-c1paikg:20120:e9d568a7 successfully announced in 152.5095 ms
2025-09-18 19:50:59.601 +06:00 [DBG] Execution loop ServerHeartbeatProcess:406ad1bd has started in 3.9211 ms
2025-09-18 19:50:59.601 +06:00 [INF] Server desktop-c1paikg:20120:e9d568a7 is starting the registered dispatchers: ServerWatchdog, ServerJobCancellationWatcher, SqlServerHeartbeatProcess, ExpirationManager, CountersAggregator, Worker, DelayedJobScheduler, RecurringJobScheduler...
2025-09-18 19:50:59.631 +06:00 [DBG] Execution loop ServerWatchdog:330a3428 has started in 29.0318 ms
2025-09-18 19:50:59.631 +06:00 [DBG] Execution loop ServerJobCancellationWatcher:cab30c04 has started in 28.736 ms
2025-09-18 19:50:59.634 +06:00 [DBG] Execution loop SqlServerHeartbeatProcess:0463c516 has started in 29.2195 ms
2025-09-18 19:50:59.660 +06:00 [DBG] Execution loop CountersAggregator:1ed9539a has started in 26.7925 ms
2025-09-18 19:50:59.660 +06:00 [DBG] Execution loop ExpirationManager:6847ed57 has started in 29.4973 ms
2025-09-18 19:50:59.661 +06:00 [DBG] Aggregating records in 'Counter' table...
2025-09-18 19:50:59.665 +06:00 [DBG] Execution loop Worker:b273df03 has started in 4.3541 ms
2025-09-18 19:50:59.692 +06:00 [DBG] Execution loop Worker:e9e4f047 has started in 31.236 ms
2025-09-18 19:50:59.692 +06:00 [DBG] Execution loop Worker:bf08aba9 has started in 31.2362 ms
2025-09-18 19:50:59.695 +06:00 [DBG] Execution loop Worker:aa7ec82e has started in 34.2814 ms
2025-09-18 19:50:59.692 +06:00 [DBG] Removing outdated records from the 'AggregatedCounter' table...
2025-09-18 19:50:59.699 +06:00 [DBG] Execution loop Worker:53284dc8 has started in 38.2275 ms
2025-09-18 19:50:59.701 +06:00 [DBG] Execution loop Worker:6d01ad96 has started in 40.6052 ms
2025-09-18 19:50:59.704 +06:00 [DBG] Execution loop Worker:702c859b has started in 43.3351 ms
2025-09-18 19:50:59.741 +06:00 [DBG] Execution loop Worker:670aebc9 has started in 80.6592 ms
2025-09-18 19:50:59.741 +06:00 [DBG] Execution loop Worker:6508ef29 has started in 80.6834 ms
2025-09-18 19:50:59.746 +06:00 [DBG] Execution loop Worker:f9d149cd has started in 85.4988 ms
2025-09-18 19:50:59.751 +06:00 [DBG] Execution loop Worker:0893c7ff has started in 90.2741 ms
2025-09-18 19:50:59.755 +06:00 [DBG] Execution loop Worker:79c33ff2 has started in 94.5235 ms
2025-09-18 19:50:59.768 +06:00 [DBG] Execution loop Worker:5d260b04 has started in 104.1954 ms
2025-09-18 19:50:59.805 +06:00 [DBG] Execution loop Worker:21b6d098 has started in 144.5401 ms
2025-09-18 19:50:59.805 +06:00 [DBG] Execution loop Worker:a6449ff3 has started in 144.5401 ms
2025-09-18 19:50:59.805 +06:00 [DBG] Execution loop Worker:e84ce383 has started in 144.6098 ms
2025-09-18 19:50:59.806 +06:00 [DBG] Execution loop Worker:69e470f6 has started in 145.822 ms
2025-09-18 19:51:00.239 +06:00 [INF] 3 servers were removed due to timeout
2025-09-18 19:51:00.240 +06:00 [DBG] Execution loop Worker:328a47fe has started in 579.4357 ms
2025-09-18 19:51:00.241 +06:00 [DBG] Execution loop Worker:eb48809d has started in 580.689 ms
2025-09-18 19:51:00.247 +06:00 [DBG] Execution loop Worker:4f8c1815 has started in 586.3332 ms
2025-09-18 19:51:00.286 +06:00 [DBG] Execution loop DelayedJobScheduler:0be0e78b has started in 42.9039 ms
2025-09-18 19:51:00.327 +06:00 [INF] Server desktop-c1paikg:20120:e9d568a7 all the dispatchers started
2025-09-18 19:51:00.327 +06:00 [DBG] Execution loop RecurringJobScheduler:28c278c5 has started in 79.8461 ms
2025-09-18 19:51:00.377 +06:00 [DBG] Removing outdated records from the 'Job' table...
2025-09-18 19:51:00.424 +06:00 [DBG] Removing outdated records from the 'List' table...
2025-09-18 19:51:00.443 +06:00 [DBG] Removing outdated records from the 'Set' table...
2025-09-18 19:51:00.449 +06:00 [DBG] Removing outdated records from the 'Hash' table...
2025-09-18 19:51:00.644 +06:00 [ERR] Failed to process the job '1': an exception occurred.
System.InvalidOperationException: The type `UserManagementSystem.Infrastructure.Repositories.SendEmailRepository` does not contain a method with signature `SendEmailAsync(String, String, String)`
   at Hangfire.Storage.InvocationData.<>c.<CachedDeserializeMethod>b__33_0(MethodDeserializerCacheKey key) in C:\projects\hangfire-525\src\Hangfire.Core\Storage\InvocationData.cs:line 350
   at System.Collections.Concurrent.ConcurrentDictionary`2.GetOrAdd(TKey key, Func`2 valueFactory)
   at Hangfire.Storage.InvocationData.CachedDeserializeMethod(Func`2 typeResolver, String typeName, String methodName, String parameterTypes, Type& type, MethodInfo& methodInfo) in C:\projects\hangfire-525\src\Hangfire.Core\Storage\InvocationData.cs:line 335
   at Hangfire.Storage.InvocationData.DeserializeJob() in C:\projects\hangfire-525\src\Hangfire.Core\Storage\InvocationData.cs:line 100
2025-09-18 19:51:00.875 +06:00 [DBG] 1 scheduled job(s) processed by scheduler.
2025-09-18 19:51:20.347 +06:00 [WRN] You do not have a valid license key for the Lucky Penny software MediatR. This is allowed for development and testing scenarios. If you are running in production you are required to have a licensed version. Please visit https://luckypennysoftware.com to obtain a valid license.
2025-09-18 19:51:29.839 +06:00 [DBG] Server desktop-c1paikg:20120:e9d568a7 heartbeat successfully sent
2025-09-18 19:51:59.857 +06:00 [DBG] Server desktop-c1paikg:20120:e9d568a7 heartbeat successfully sent
2025-09-18 19:52:29.895 +06:00 [DBG] Server desktop-c1paikg:20120:e9d568a7 heartbeat successfully sent
2025-09-18 19:52:59.915 +06:00 [DBG] Server desktop-c1paikg:20120:e9d568a7 heartbeat successfully sent
2025-09-18 19:53:29.924 +06:00 [DBG] Server desktop-c1paikg:20120:e9d568a7 heartbeat successfully sent
2025-09-18 19:53:59.938 +06:00 [DBG] Server desktop-c1paikg:20120:e9d568a7 heartbeat successfully sent
2025-09-18 19:54:30.005 +06:00 [DBG] Server desktop-c1paikg:20120:e9d568a7 heartbeat successfully sent
2025-09-18 19:55:00.033 +06:00 [DBG] Server desktop-c1paikg:20120:e9d568a7 heartbeat successfully sent
2025-09-18 19:55:30.043 +06:00 [DBG] Server desktop-c1paikg:20120:e9d568a7 heartbeat successfully sent
2025-09-18 19:56:00.016 +06:00 [DBG] Aggregating records in 'Counter' table...
2025-09-18 19:56:00.050 +06:00 [DBG] Server desktop-c1paikg:20120:e9d568a7 heartbeat successfully sent
2025-09-18 19:56:30.062 +06:00 [DBG] Server desktop-c1paikg:20120:e9d568a7 heartbeat successfully sent
2025-09-18 19:57:00.105 +06:00 [DBG] Server desktop-c1paikg:20120:e9d568a7 heartbeat successfully sent
2025-09-18 19:57:30.117 +06:00 [DBG] Server desktop-c1paikg:20120:e9d568a7 heartbeat successfully sent
2025-09-18 19:58:00.132 +06:00 [DBG] Server desktop-c1paikg:20120:e9d568a7 heartbeat successfully sent
2025-09-18 19:58:30.158 +06:00 [DBG] Server desktop-c1paikg:20120:e9d568a7 heartbeat successfully sent
2025-09-18 19:59:00.186 +06:00 [DBG] Server desktop-c1paikg:20120:e9d568a7 heartbeat successfully sent
2025-09-18 19:59:30.200 +06:00 [DBG] Server desktop-c1paikg:20120:e9d568a7 heartbeat successfully sent
2025-09-18 20:00:00.211 +06:00 [DBG] Server desktop-c1paikg:20120:e9d568a7 heartbeat successfully sent
2025-09-18 20:00:30.251 +06:00 [DBG] Server desktop-c1paikg:20120:e9d568a7 heartbeat successfully sent
2025-09-18 20:01:00.190 +06:00 [DBG] Aggregating records in 'Counter' table...
2025-09-18 20:01:00.272 +06:00 [DBG] Server desktop-c1paikg:20120:e9d568a7 heartbeat successfully sent
2025-09-18 20:01:30.290 +06:00 [DBG] Server desktop-c1paikg:20120:e9d568a7 heartbeat successfully sent
2025-09-18 20:02:00.327 +06:00 [DBG] Server desktop-c1paikg:20120:e9d568a7 heartbeat successfully sent
2025-09-18 20:02:30.349 +06:00 [DBG] Server desktop-c1paikg:20120:e9d568a7 heartbeat successfully sent
2025-09-18 20:03:00.374 +06:00 [DBG] Server desktop-c1paikg:20120:e9d568a7 heartbeat successfully sent
2025-09-18 20:03:30.396 +06:00 [DBG] Server desktop-c1paikg:20120:e9d568a7 heartbeat successfully sent
2025-09-18 20:04:00.408 +06:00 [DBG] Server desktop-c1paikg:20120:e9d568a7 heartbeat successfully sent
2025-09-18 20:04:30.422 +06:00 [DBG] Server desktop-c1paikg:20120:e9d568a7 heartbeat successfully sent
2025-09-18 20:05:00.439 +06:00 [DBG] Server desktop-c1paikg:20120:e9d568a7 heartbeat successfully sent
2025-09-18 20:05:30.475 +06:00 [DBG] Server desktop-c1paikg:20120:e9d568a7 heartbeat successfully sent
2025-09-18 20:06:00.295 +06:00 [DBG] Aggregating records in 'Counter' table...
2025-09-18 20:06:00.486 +06:00 [DBG] Server desktop-c1paikg:20120:e9d568a7 heartbeat successfully sent
2025-09-18 20:06:30.507 +06:00 [DBG] Server desktop-c1paikg:20120:e9d568a7 heartbeat successfully sent
2025-09-18 20:07:00.532 +06:00 [DBG] Server desktop-c1paikg:20120:e9d568a7 heartbeat successfully sent
2025-09-18 20:07:30.547 +06:00 [DBG] Server desktop-c1paikg:20120:e9d568a7 heartbeat successfully sent
2025-09-18 20:08:00.582 +06:00 [DBG] Server desktop-c1paikg:20120:e9d568a7 heartbeat successfully sent
2025-09-18 20:08:30.615 +06:00 [DBG] Server desktop-c1paikg:20120:e9d568a7 heartbeat successfully sent
2025-09-18 20:09:00.650 +06:00 [DBG] Server desktop-c1paikg:20120:e9d568a7 heartbeat successfully sent
2025-09-18 20:09:30.676 +06:00 [DBG] Server desktop-c1paikg:20120:e9d568a7 heartbeat successfully sent
2025-09-18 20:10:00.706 +06:00 [DBG] Server desktop-c1paikg:20120:e9d568a7 heartbeat successfully sent
2025-09-18 20:10:30.721 +06:00 [DBG] Server desktop-c1paikg:20120:e9d568a7 heartbeat successfully sent
2025-09-18 20:11:00.413 +06:00 [DBG] Aggregating records in 'Counter' table...
2025-09-18 20:11:00.746 +06:00 [DBG] Server desktop-c1paikg:20120:e9d568a7 heartbeat successfully sent
2025-09-18 20:11:30.773 +06:00 [DBG] Server desktop-c1paikg:20120:e9d568a7 heartbeat successfully sent
2025-09-18 20:12:00.810 +06:00 [DBG] Server desktop-c1paikg:20120:e9d568a7 heartbeat successfully sent
2025-09-18 20:12:30.833 +06:00 [DBG] Server desktop-c1paikg:20120:e9d568a7 heartbeat successfully sent
2025-09-18 20:13:00.855 +06:00 [DBG] Server desktop-c1paikg:20120:e9d568a7 heartbeat successfully sent
2025-09-18 20:13:30.872 +06:00 [DBG] Server desktop-c1paikg:20120:e9d568a7 heartbeat successfully sent
2025-09-18 20:14:00.885 +06:00 [DBG] Server desktop-c1paikg:20120:e9d568a7 heartbeat successfully sent
2025-09-18 20:14:30.899 +06:00 [DBG] Server desktop-c1paikg:20120:e9d568a7 heartbeat successfully sent
2025-09-18 20:15:01.062 +06:00 [DBG] Server desktop-c1paikg:20120:e9d568a7 heartbeat successfully sent
2025-09-18 20:15:31.087 +06:00 [DBG] Server desktop-c1paikg:20120:e9d568a7 heartbeat successfully sent
2025-09-18 20:16:00.607 +06:00 [DBG] Aggregating records in 'Counter' table...
2025-09-18 20:16:01.098 +06:00 [DBG] Server desktop-c1paikg:20120:e9d568a7 heartbeat successfully sent
2025-09-18 20:16:31.155 +06:00 [DBG] Server desktop-c1paikg:20120:e9d568a7 heartbeat successfully sent
2025-09-18 20:17:01.187 +06:00 [DBG] Server desktop-c1paikg:20120:e9d568a7 heartbeat successfully sent
2025-09-18 20:17:31.240 +06:00 [DBG] Server desktop-c1paikg:20120:e9d568a7 heartbeat successfully sent
2025-09-18 20:18:01.264 +06:00 [DBG] Server desktop-c1paikg:20120:e9d568a7 heartbeat successfully sent
2025-09-18 20:18:31.290 +06:00 [DBG] Server desktop-c1paikg:20120:e9d568a7 heartbeat successfully sent
2025-09-18 20:19:01.301 +06:00 [DBG] Server desktop-c1paikg:20120:e9d568a7 heartbeat successfully sent
2025-09-18 20:19:31.316 +06:00 [DBG] Server desktop-c1paikg:20120:e9d568a7 heartbeat successfully sent
2025-09-18 20:20:01.336 +06:00 [DBG] Server desktop-c1paikg:20120:e9d568a7 heartbeat successfully sent
2025-09-18 20:20:31.368 +06:00 [DBG] Server desktop-c1paikg:20120:e9d568a7 heartbeat successfully sent
2025-09-18 20:21:00.752 +06:00 [DBG] Aggregating records in 'Counter' table...
2025-09-18 20:21:01.265 +06:00 [DBG] Removing outdated records from the 'AggregatedCounter' table...
2025-09-18 20:21:01.272 +06:00 [DBG] Removing outdated records from the 'Job' table...
2025-09-18 20:21:01.286 +06:00 [DBG] Removing outdated records from the 'List' table...
2025-09-18 20:21:01.289 +06:00 [DBG] Removing outdated records from the 'Set' table...
2025-09-18 20:21:01.291 +06:00 [DBG] Removing outdated records from the 'Hash' table...
2025-09-18 20:21:01.376 +06:00 [DBG] Server desktop-c1paikg:20120:e9d568a7 heartbeat successfully sent
2025-09-18 20:21:31.393 +06:00 [DBG] Server desktop-c1paikg:20120:e9d568a7 heartbeat successfully sent
2025-09-18 20:22:01.418 +06:00 [DBG] Server desktop-c1paikg:20120:e9d568a7 heartbeat successfully sent
2025-09-18 20:22:31.431 +06:00 [DBG] Server desktop-c1paikg:20120:e9d568a7 heartbeat successfully sent
2025-09-18 20:23:01.458 +06:00 [DBG] Server desktop-c1paikg:20120:e9d568a7 heartbeat successfully sent
2025-09-18 20:23:31.470 +06:00 [DBG] Server desktop-c1paikg:20120:e9d568a7 heartbeat successfully sent
2025-09-18 20:24:01.479 +06:00 [DBG] Server desktop-c1paikg:20120:e9d568a7 heartbeat successfully sent
2025-09-18 20:24:31.496 +06:00 [DBG] Server desktop-c1paikg:20120:e9d568a7 heartbeat successfully sent
2025-09-18 20:25:01.504 +06:00 [DBG] Server desktop-c1paikg:20120:e9d568a7 heartbeat successfully sent
2025-09-18 20:25:31.524 +06:00 [DBG] Server desktop-c1paikg:20120:e9d568a7 heartbeat successfully sent
2025-09-18 20:26:00.874 +06:00 [DBG] Aggregating records in 'Counter' table...
2025-09-18 20:26:01.549 +06:00 [DBG] Server desktop-c1paikg:20120:e9d568a7 heartbeat successfully sent
2025-09-18 20:26:31.574 +06:00 [DBG] Server desktop-c1paikg:20120:e9d568a7 heartbeat successfully sent
2025-09-18 20:27:01.595 +06:00 [DBG] Server desktop-c1paikg:20120:e9d568a7 heartbeat successfully sent
2025-09-18 20:27:31.613 +06:00 [DBG] Server desktop-c1paikg:20120:e9d568a7 heartbeat successfully sent
2025-09-18 20:45:01.474 +06:00 [INF] Application Starting......
2025-09-18 20:45:02.635 +06:00 [INF] Start installing Hangfire SQL objects...
2025-09-18 20:45:03.081 +06:00 [INF] Hangfire SQL objects installed.
2025-09-18 20:45:03.486 +06:00 [INF] Starting Hangfire Server using job storage: 'SQL Server: DESKTOP-C1PAIKG\SQLEXPRESS01@UserManagementSystem'
2025-09-18 20:45:03.486 +06:00 [INF] Using the following options for SQL Server job storage: Queue poll interval: 00:00:00.
2025-09-18 20:45:03.487 +06:00 [INF] Using the following options for Hangfire Server:
    Worker count: 20
    Listening queues: 'default'
    Shutdown timeout: 00:00:15
    Schedule polling interval: 00:00:15
2025-09-18 20:45:03.505 +06:00 [DBG] Execution loop BackgroundServerProcess:b48d3955 has started in 9.0569 ms
2025-09-18 20:45:03.808 +06:00 [INF] Server desktop-c1paikg:22988:b3104d91 successfully announced in 288.67 ms
2025-09-18 20:45:03.814 +06:00 [DBG] Execution loop ServerHeartbeatProcess:ebc79108 has started in 4.4244 ms
2025-09-18 20:45:03.814 +06:00 [INF] Server desktop-c1paikg:22988:b3104d91 is starting the registered dispatchers: ServerWatchdog, ServerJobCancellationWatcher, SqlServerHeartbeatProcess, ExpirationManager, CountersAggregator, Worker, DelayedJobScheduler, RecurringJobScheduler...
2025-09-18 20:45:03.823 +06:00 [DBG] Execution loop ServerWatchdog:171c7a33 has started in 8.1626 ms
2025-09-18 20:45:03.857 +06:00 [DBG] Execution loop ServerJobCancellationWatcher:2867291b has started in 38.1031 ms
2025-09-18 20:45:03.858 +06:00 [DBG] Execution loop SqlServerHeartbeatProcess:6a86729d has started in 34.9151 ms
2025-09-18 20:45:03.897 +06:00 [DBG] Execution loop ExpirationManager:03295a78 has started in 40.5649 ms
2025-09-18 20:45:03.900 +06:00 [DBG] Removing outdated records from the 'AggregatedCounter' table...
2025-09-18 20:45:03.912 +06:00 [DBG] Execution loop CountersAggregator:b0c9837e has started in 13.4104 ms
2025-09-18 20:45:03.913 +06:00 [DBG] Aggregating records in 'Counter' table...
2025-09-18 20:45:03.914 +06:00 [INF] 1 servers were removed due to timeout
2025-09-18 20:45:03.950 +06:00 [DBG] Execution loop Worker:c3796682 has started in 40.334 ms
2025-09-18 20:45:03.959 +06:00 [DBG] Execution loop Worker:6c85660c has started in 49.6658 ms
2025-09-18 20:45:03.963 +06:00 [DBG] Execution loop Worker:0fe6a09d has started in 53.2626 ms
2025-09-18 20:45:03.967 +06:00 [DBG] Execution loop Worker:4822dc60 has started in 57.0723 ms
2025-09-18 20:45:03.970 +06:00 [DBG] Execution loop Worker:32b25ee3 has started in 60.8615 ms
2025-09-18 20:45:03.973 +06:00 [DBG] Execution loop Worker:733197f0 has started in 63.7059 ms
2025-09-18 20:45:04.011 +06:00 [DBG] Execution loop Worker:c55d4541 has started in 101.7648 ms
2025-09-18 20:45:04.011 +06:00 [DBG] Execution loop Worker:76abc935 has started in 101.8589 ms
2025-09-18 20:45:04.014 +06:00 [DBG] Execution loop Worker:da8e3a51 has started in 104.774 ms
2025-09-18 20:45:04.019 +06:00 [DBG] Execution loop Worker:d2719e85 has started in 109.1055 ms
2025-09-18 20:45:04.044 +06:00 [DBG] Execution loop Worker:f6d77109 has started in 134.0742 ms
2025-09-18 20:45:04.044 +06:00 [DBG] Execution loop Worker:bb80e86b has started in 134.0744 ms
2025-09-18 20:45:04.048 +06:00 [DBG] Execution loop Worker:5b0a1ff9 has started in 138.0454 ms
2025-09-18 20:45:04.076 +06:00 [DBG] Execution loop Worker:0e4f6672 has started in 166.7906 ms
2025-09-18 20:45:04.076 +06:00 [DBG] Execution loop Worker:d2532f26 has started in 167.0812 ms
2025-09-18 20:45:04.081 +06:00 [DBG] Execution loop Worker:562ef5a0 has started in 171.1475 ms
2025-09-18 20:45:04.086 +06:00 [DBG] Execution loop Worker:1780a361 has started in 176.1855 ms
2025-09-18 20:45:04.100 +06:00 [DBG] Execution loop Worker:7e4513ef has started in 190.8799 ms
2025-09-18 20:45:04.107 +06:00 [DBG] Execution loop Worker:2e6bb558 has started in 198.0398 ms
2025-09-18 20:45:04.140 +06:00 [DBG] Execution loop Worker:f27c24fd has started in 230.7841 ms
2025-09-18 20:45:04.144 +06:00 [DBG] Execution loop DelayedJobScheduler:4e6cd7e6 has started in 4.232 ms
2025-09-18 20:45:04.151 +06:00 [INF] Server desktop-c1paikg:22988:b3104d91 all the dispatchers started
2025-09-18 20:45:04.151 +06:00 [DBG] Execution loop RecurringJobScheduler:af0af1ba has started in 4.0668 ms
2025-09-18 20:45:04.359 +06:00 [DBG] Removing outdated records from the 'Job' table...
2025-09-18 20:45:04.413 +06:00 [DBG] Removing outdated records from the 'List' table...
2025-09-18 20:45:04.525 +06:00 [DBG] Removing outdated records from the 'Set' table...
2025-09-18 20:45:04.611 +06:00 [DBG] Removing outdated records from the 'Hash' table...
2025-09-18 20:45:33.972 +06:00 [DBG] Server desktop-c1paikg:22988:b3104d91 heartbeat successfully sent
2025-09-18 20:46:00.972 +06:00 [WRN] You do not have a valid license key for the Lucky Penny software MediatR. This is allowed for development and testing scenarios. If you are running in production you are required to have a licensed version. Please visit https://luckypennysoftware.com to obtain a valid license.
2025-09-18 20:46:02.198 +06:00 [INF] User logged in successfully
2025-09-18 20:46:03.984 +06:00 [INF] Users fetched successfully
2025-09-18 20:46:04.190 +06:00 [DBG] Server desktop-c1paikg:22988:b3104d91 heartbeat successfully sent
2025-09-18 20:47:42.931 +06:00 [INF] Application Starting......
2025-09-18 20:47:44.313 +06:00 [INF] Start installing Hangfire SQL objects...
2025-09-18 20:47:44.715 +06:00 [INF] Hangfire SQL objects installed.
2025-09-18 20:47:45.062 +06:00 [INF] Starting Hangfire Server using job storage: 'SQL Server: DESKTOP-C1PAIKG\SQLEXPRESS01@UserManagementSystem'
2025-09-18 20:47:45.062 +06:00 [INF] Using the following options for SQL Server job storage: Queue poll interval: 00:00:00.
2025-09-18 20:47:45.062 +06:00 [INF] Using the following options for Hangfire Server:
    Worker count: 20
    Listening queues: 'default'
    Shutdown timeout: 00:00:15
    Schedule polling interval: 00:00:15
2025-09-18 20:47:45.075 +06:00 [DBG] Execution loop BackgroundServerProcess:ecab2fcd has started in 4.5252 ms
2025-09-18 20:47:45.174 +06:00 [INF] Server desktop-c1paikg:20632:8f00ecdd successfully announced in 97.2324 ms
2025-09-18 20:47:45.178 +06:00 [DBG] Execution loop ServerHeartbeatProcess:376c86d7 has started in 3.247 ms
2025-09-18 20:47:45.178 +06:00 [INF] Server desktop-c1paikg:20632:8f00ecdd is starting the registered dispatchers: ServerWatchdog, ServerJobCancellationWatcher, SqlServerHeartbeatProcess, ExpirationManager, CountersAggregator, Worker, DelayedJobScheduler, RecurringJobScheduler...
2025-09-18 20:47:45.181 +06:00 [DBG] Execution loop ServerWatchdog:1e29b814 has started in 2.5111 ms
2025-09-18 20:47:45.183 +06:00 [DBG] Execution loop ServerJobCancellationWatcher:10774471 has started in 4.2187 ms
2025-09-18 20:47:45.186 +06:00 [DBG] Execution loop SqlServerHeartbeatProcess:58788c42 has started in 4.6318 ms
2025-09-18 20:47:45.217 +06:00 [DBG] Execution loop ExpirationManager:156f90a2 has started in 34.2914 ms
2025-09-18 20:47:45.219 +06:00 [DBG] Execution loop CountersAggregator:ee809f69 has started in 2.5897 ms
2025-09-18 20:47:45.220 +06:00 [DBG] Aggregating records in 'Counter' table...
2025-09-18 20:47:45.223 +06:00 [DBG] Execution loop Worker:9a129986 has started in 6.0567 ms
2025-09-18 20:47:45.224 +06:00 [DBG] Removing outdated records from the 'AggregatedCounter' table...
2025-09-18 20:47:45.248 +06:00 [DBG] Execution loop Worker:95f5f7bb has started in 31.0571 ms
2025-09-18 20:47:45.248 +06:00 [DBG] Execution loop Worker:e51b4bac has started in 31.039 ms
2025-09-18 20:47:45.251 +06:00 [DBG] Execution loop Worker:d8647b83 has started in 34.0804 ms
2025-09-18 20:47:45.285 +06:00 [DBG] Execution loop Worker:066cbfce has started in 67.7978 ms
2025-09-18 20:47:45.295 +06:00 [DBG] Execution loop Worker:9680591f has started in 78.1302 ms
2025-09-18 20:47:45.328 +06:00 [DBG] Execution loop Worker:daf3cc0d has started in 111.2319 ms
2025-09-18 20:47:45.332 +06:00 [DBG] Execution loop Worker:597660d9 has started in 114.5978 ms
2025-09-18 20:47:45.335 +06:00 [DBG] Execution loop Worker:ce1949b5 has started in 117.9749 ms
2025-09-18 20:47:45.339 +06:00 [DBG] Execution loop Worker:1b7c7d4c has started in 120.7667 ms
2025-09-18 20:47:45.374 +06:00 [DBG] Execution loop Worker:2c0ca720 has started in 156.4932 ms
2025-09-18 20:47:45.374 +06:00 [DBG] Execution loop Worker:1a8c968f has started in 156.5003 ms
2025-09-18 20:47:45.378 +06:00 [DBG] Execution loop Worker:7bc556e7 has started in 161.2474 ms
2025-09-18 20:47:45.382 +06:00 [DBG] Execution loop Worker:2af86491 has started in 164.6333 ms
2025-09-18 20:47:45.401 +06:00 [DBG] Execution loop Worker:b4e69b2b has started in 183.4352 ms
2025-09-18 20:47:45.435 +06:00 [DBG] Execution loop Worker:10e0d18e has started in 217.5218 ms
2025-09-18 20:47:45.446 +06:00 [DBG] Execution loop Worker:d889ed76 has started in 228.4789 ms
2025-09-18 20:47:45.465 +06:00 [DBG] Execution loop Worker:f094184b has started in 247.8522 ms
2025-09-18 20:47:45.480 +06:00 [DBG] Execution loop Worker:8fc93a64 has started in 262.4743 ms
2025-09-18 20:47:45.485 +06:00 [DBG] Execution loop Worker:4fce98ab has started in 267.7827 ms
2025-09-18 20:47:45.517 +06:00 [DBG] Execution loop DelayedJobScheduler:11f21bd3 has started in 32.6361 ms
2025-09-18 20:47:45.518 +06:00 [DBG] Removing outdated records from the 'Job' table...
2025-09-18 20:47:45.522 +06:00 [INF] Server desktop-c1paikg:20632:8f00ecdd all the dispatchers started
2025-09-18 20:47:45.522 +06:00 [DBG] Execution loop RecurringJobScheduler:bae9b1f9 has started in 34.8453 ms
2025-09-18 20:47:45.567 +06:00 [DBG] Removing outdated records from the 'List' table...
2025-09-18 20:47:45.717 +06:00 [DBG] Removing outdated records from the 'Set' table...
2025-09-18 20:47:45.777 +06:00 [DBG] Removing outdated records from the 'Hash' table...
2025-09-18 20:48:17.453 +06:00 [INF] Application Starting......
2025-09-18 20:48:18.675 +06:00 [INF] Start installing Hangfire SQL objects...
2025-09-18 20:48:19.054 +06:00 [INF] Hangfire SQL objects installed.
2025-09-18 20:48:19.443 +06:00 [INF] Starting Hangfire Server using job storage: 'SQL Server: DESKTOP-C1PAIKG\SQLEXPRESS01@UserManagementSystem'
2025-09-18 20:48:19.444 +06:00 [INF] Using the following options for SQL Server job storage: Queue poll interval: 00:00:00.
2025-09-18 20:48:19.444 +06:00 [INF] Using the following options for Hangfire Server:
    Worker count: 20
    Listening queues: 'default'
    Shutdown timeout: 00:00:15
    Schedule polling interval: 00:00:15
2025-09-18 20:48:19.465 +06:00 [DBG] Execution loop BackgroundServerProcess:c4a30312 has started in 6.5049 ms
2025-09-18 20:48:19.698 +06:00 [INF] Server desktop-c1paikg:10852:e1601945 successfully announced in 229.9047 ms
2025-09-18 20:48:19.705 +06:00 [DBG] Execution loop ServerHeartbeatProcess:2121df21 has started in 5.674 ms
2025-09-18 20:48:19.730 +06:00 [INF] Server desktop-c1paikg:10852:e1601945 is starting the registered dispatchers: ServerWatchdog, ServerJobCancellationWatcher, SqlServerHeartbeatProcess, ExpirationManager, CountersAggregator, Worker, DelayedJobScheduler, RecurringJobScheduler...
2025-09-18 20:48:19.770 +06:00 [DBG] Execution loop ServerWatchdog:e89116b8 has started in 39.6898 ms
2025-09-18 20:48:19.814 +06:00 [DBG] Execution loop ServerJobCancellationWatcher:07a6fc37 has started in 43.9415 ms
2025-09-18 20:48:19.822 +06:00 [DBG] Execution loop SqlServerHeartbeatProcess:b915bc07 has started in 9.4739 ms
2025-09-18 20:48:19.835 +06:00 [DBG] Execution loop ExpirationManager:3baeaef7 has started in 13.2046 ms
2025-09-18 20:48:19.837 +06:00 [DBG] Removing outdated records from the 'AggregatedCounter' table...
2025-09-18 20:48:19.849 +06:00 [DBG] Execution loop CountersAggregator:9b3fdfe5 has started in 13.3978 ms
2025-09-18 20:48:19.849 +06:00 [DBG] Aggregating records in 'Counter' table...
2025-09-18 20:48:19.881 +06:00 [DBG] Execution loop Worker:1fa97614 has started in 43.4521 ms
2025-09-18 20:48:19.950 +06:00 [DBG] Execution loop Worker:22d2357f has started in 112.1769 ms
2025-09-18 20:48:19.951 +06:00 [DBG] Execution loop Worker:1f91f84b has started in 113.186 ms
2025-09-18 20:48:19.907 +06:00 [DBG] Execution loop Worker:3c077314 has started in 66.3134 ms
2025-09-18 20:48:20.049 +06:00 [DBG] Execution loop Worker:d46f6b9c has started in 211.3675 ms
2025-09-18 20:48:20.061 +06:00 [DBG] Execution loop Worker:8ce6103a has started in 223.5555 ms
2025-09-18 20:48:20.129 +06:00 [DBG] Execution loop Worker:e45a484c has started in 290.6247 ms
2025-09-18 20:48:20.129 +06:00 [DBG] Execution loop Worker:9305d78a has started in 290.8832 ms
2025-09-18 20:48:20.135 +06:00 [DBG] Execution loop Worker:f78bb2ab has started in 296.6908 ms
2025-09-18 20:48:20.142 +06:00 [DBG] Execution loop Worker:1d2b8e6d has started in 304.3574 ms
2025-09-18 20:48:20.142 +06:00 [DBG] Removing outdated records from the 'Job' table...
2025-09-18 20:48:20.156 +06:00 [DBG] Execution loop Worker:3d7fa7e0 has started in 317.6991 ms
2025-09-18 20:48:20.158 +06:00 [DBG] Removing outdated records from the 'List' table...
2025-09-18 20:48:20.165 +06:00 [DBG] Execution loop Worker:eead5a2d has started in 326.8433 ms
2025-09-18 20:48:20.173 +06:00 [DBG] Execution loop Worker:50cb0253 has started in 335.0931 ms
2025-09-18 20:48:20.173 +06:00 [DBG] Removing outdated records from the 'Set' table...
2025-09-18 20:48:20.208 +06:00 [DBG] Execution loop Worker:21240cf4 has started in 370.2078 ms
2025-09-18 20:48:20.221 +06:00 [DBG] Execution loop Worker:2ff77a58 has started in 382.6028 ms
2025-09-18 20:48:20.252 +06:00 [DBG] Execution loop Worker:3bba636e has started in 414.1784 ms
2025-09-18 20:48:20.253 +06:00 [DBG] Removing outdated records from the 'Hash' table...
2025-09-18 20:48:20.257 +06:00 [DBG] Execution loop Worker:446c32de has started in 419.4072 ms
2025-09-18 20:48:20.263 +06:00 [DBG] Execution loop Worker:65688dea has started in 425.0247 ms
2025-09-18 20:48:20.272 +06:00 [DBG] Execution loop Worker:fb1e06b8 has started in 434.1349 ms
2025-09-18 20:48:20.301 +06:00 [DBG] Execution loop Worker:7c1190e1 has started in 463.3688 ms
2025-09-18 20:48:20.302 +06:00 [DBG] Execution loop DelayedJobScheduler:dbd20d24 has started in 29.4625 ms
2025-09-18 20:48:20.303 +06:00 [INF] Server desktop-c1paikg:10852:e1601945 all the dispatchers started
2025-09-18 20:48:20.333 +06:00 [DBG] Execution loop RecurringJobScheduler:7c990287 has started in 31.443 ms
2025-09-18 20:48:49.905 +06:00 [DBG] Server desktop-c1paikg:10852:e1601945 heartbeat successfully sent
2025-09-18 20:49:00.994 +06:00 [WRN] You do not have a valid license key for the Lucky Penny software MediatR. This is allowed for development and testing scenarios. If you are running in production you are required to have a licensed version. Please visit https://luckypennysoftware.com to obtain a valid license.
2025-09-18 20:49:01.123 +06:00 [INF] Email sent successfully
2025-09-18 22:14:46.954 +06:00 [INF] Application Starting......
2025-09-18 22:14:48.184 +06:00 [INF] Start installing Hangfire SQL objects...
2025-09-18 22:14:48.558 +06:00 [INF] Hangfire SQL objects installed.
2025-09-18 22:14:48.942 +06:00 [INF] Starting Hangfire Server using job storage: 'SQL Server: DESKTOP-C1PAIKG\SQLEXPRESS01@UserManagementSystem'
2025-09-18 22:14:48.942 +06:00 [INF] Using the following options for SQL Server job storage: Queue poll interval: 00:00:00.
2025-09-18 22:14:48.942 +06:00 [INF] Using the following options for Hangfire Server:
    Worker count: 20
    Listening queues: 'default'
    Shutdown timeout: 00:00:15
    Schedule polling interval: 00:00:15
2025-09-18 22:14:48.957 +06:00 [DBG] Execution loop BackgroundServerProcess:83f8c57d has started in 6.3772 ms
2025-09-18 22:14:49.066 +06:00 [INF] Server desktop-c1paikg:17164:cf39cf15 successfully announced in 106.233 ms
2025-09-18 22:14:49.071 +06:00 [DBG] Execution loop ServerHeartbeatProcess:f9642f59 has started in 4.682 ms
2025-09-18 22:14:49.071 +06:00 [INF] Server desktop-c1paikg:17164:cf39cf15 is starting the registered dispatchers: ServerWatchdog, ServerJobCancellationWatcher, SqlServerHeartbeatProcess, ExpirationManager, CountersAggregator, Worker, DelayedJobScheduler, RecurringJobScheduler...
2025-09-18 22:14:49.112 +06:00 [DBG] Execution loop ServerJobCancellationWatcher:0fed5542 has started in 40.5376 ms
2025-09-18 22:14:49.113 +06:00 [DBG] Execution loop ServerWatchdog:06482b3d has started in 41.2774 ms
2025-09-18 22:14:49.117 +06:00 [DBG] Execution loop SqlServerHeartbeatProcess:bba1b554 has started in 3.6188 ms
2025-09-18 22:14:49.145 +06:00 [DBG] Execution loop ExpirationManager:a30be274 has started in 31.9414 ms
2025-09-18 22:14:49.146 +06:00 [DBG] Removing outdated records from the 'AggregatedCounter' table...
2025-09-18 22:14:49.176 +06:00 [INF] 3 servers were removed due to timeout
2025-09-18 22:14:49.176 +06:00 [DBG] Execution loop CountersAggregator:8248c069 has started in 58.9498 ms
2025-09-18 22:14:49.176 +06:00 [DBG] Aggregating records in 'Counter' table...
2025-09-18 22:14:49.183 +06:00 [DBG] Execution loop Worker:e0d884d9 has started in 33.1787 ms
2025-09-18 22:14:49.212 +06:00 [DBG] Execution loop Worker:68c0a41c has started in 62.3242 ms
2025-09-18 22:14:49.226 +06:00 [DBG] Execution loop Worker:8e0ab1c2 has started in 76.7688 ms
2025-09-18 22:14:49.299 +06:00 [DBG] Execution loop Worker:dcd8062d has started in 149.4638 ms
2025-09-18 22:14:49.314 +06:00 [DBG] Execution loop Worker:4be523c8 has started in 164.268 ms
2025-09-18 22:14:49.347 +06:00 [DBG] Execution loop Worker:4d70c00b has started in 197.1782 ms
2025-09-18 22:14:49.364 +06:00 [DBG] Execution loop Worker:59bb9cd1 has started in 214.7362 ms
2025-09-18 22:14:49.365 +06:00 [DBG] Removing outdated records from the 'Job' table...
2025-09-18 22:14:49.378 +06:00 [DBG] Execution loop Worker:0b9e3c4a has started in 229.047 ms
2025-09-18 22:14:49.420 +06:00 [DBG] Execution loop Worker:e1764372 has started in 270.2099 ms
2025-09-18 22:14:49.434 +06:00 [DBG] Removing outdated records from the 'List' table...
2025-09-18 22:14:49.448 +06:00 [DBG] Execution loop Worker:2789dab2 has started in 295.5486 ms
2025-09-18 22:14:49.512 +06:00 [DBG] Execution loop Worker:e834cf57 has started in 362.554 ms
2025-09-18 22:14:49.548 +06:00 [DBG] Execution loop Worker:dca426e1 has started in 398.1828 ms
2025-09-18 22:14:49.548 +06:00 [DBG] Execution loop Worker:b996b4b2 has started in 398.7379 ms
2025-09-18 22:14:49.549 +06:00 [DBG] Removing outdated records from the 'Set' table...
2025-09-18 22:14:49.559 +06:00 [DBG] Execution loop Worker:4a464633 has started in 409.9354 ms
2025-09-18 22:14:49.564 +06:00 [DBG] Execution loop Worker:23058067 has started in 414.9973 ms
2025-09-18 22:14:49.568 +06:00 [DBG] Removing outdated records from the 'Hash' table...
2025-09-18 22:14:49.568 +06:00 [DBG] Execution loop Worker:a89121d9 has started in 418.7755 ms
2025-09-18 22:14:49.573 +06:00 [DBG] Execution loop Worker:e40992c2 has started in 423.8309 ms
2025-09-18 22:14:49.580 +06:00 [DBG] Execution loop Worker:3fec17ca has started in 430.5393 ms
2025-09-18 22:14:49.622 +06:00 [DBG] Execution loop Worker:b0405959 has started in 472.8608 ms
2025-09-18 22:14:49.623 +06:00 [DBG] Execution loop Worker:1f182ea3 has started in 473.9201 ms
2025-09-18 22:14:49.630 +06:00 [DBG] Execution loop DelayedJobScheduler:1cec2543 has started in 8.2333 ms
2025-09-18 22:14:49.633 +06:00 [INF] Server desktop-c1paikg:17164:cf39cf15 all the dispatchers started
2025-09-18 22:14:49.665 +06:00 [DBG] Execution loop RecurringJobScheduler:69da2c51 has started in 34.6955 ms
2025-09-18 22:15:19.353 +06:00 [DBG] Server desktop-c1paikg:17164:cf39cf15 heartbeat successfully sent
2025-09-18 22:15:49.377 +06:00 [DBG] Server desktop-c1paikg:17164:cf39cf15 heartbeat successfully sent
2025-09-18 22:16:19.406 +06:00 [DBG] Server desktop-c1paikg:17164:cf39cf15 heartbeat successfully sent
2025-09-18 22:16:28.594 +06:00 [WRN] You do not have a valid license key for the Lucky Penny software MediatR. This is allowed for development and testing scenarios. If you are running in production you are required to have a licensed version. Please visit https://luckypennysoftware.com to obtain a valid license.
2025-09-18 22:16:29.556 +06:00 [ERR] Failed to add User
System.InvalidOperationException: The current provider doesn't have a store type mapping for properties of type 'User'.
   at Microsoft.EntityFrameworkCore.Storage.RelationalTypeMappingSourceExtensions.GetMapping(IRelationalTypeMappingSource typeMappingSource, Type clrType, IModel model)
   at Microsoft.EntityFrameworkCore.Storage.Internal.RawSqlCommandBuilder.Build(String sql, IEnumerable`1 parameters, IModel model)
   at Microsoft.EntityFrameworkCore.RelationalDatabaseFacadeExtensions.ExecuteSqlRawAsync(DatabaseFacade databaseFacade, String sql, IEnumerable`1 parameters, CancellationToken cancellationToken)
   at UserManagementSystem.Infrastructure.Repositories.BaseRepository`1.CreateAsync(T entity) in D:\.Net Alamin\CRUD User\User-Management-System\src\UserManagementSystem\UserManagementSystem.Infrastructure\Repositories\BaseRepository.cs:line 48
   at UserManagementSystem.Application.Features.Users.Commands.UserAddCommandHandler.Handle(UserAddCommand request, CancellationToken cancellationToken) in D:\.Net Alamin\CRUD User\User-Management-System\src\UserManagementSystem\UserManagementSystem.Application\Features\Users\Commands\UserAddCommandHandler.cs:line 28
   at UserManagementSystem.Api.Controllers.UsersController.AddUser(UserAddCommand userAddCommand) in D:\.Net Alamin\CRUD User\User-Management-System\src\UserManagementSystem\UserManagementSystem.Api\Controllers\UsersController.cs:line 43
2025-09-18 22:16:29.582 +06:00 [ERR] An unhandled exception has occurred while executing the request.
System.NotSupportedException: Serialization and deserialization of 'System.Reflection.MethodBase' instances is not supported. Path: $.TargetSite.
 ---> System.NotSupportedException: Serialization and deserialization of 'System.Reflection.MethodBase' instances is not supported.
   at System.Text.Json.Serialization.Converters.UnsupportedTypeConverter`1.Write(Utf8JsonWriter writer, T value, JsonSerializerOptions options)
   at System.Text.Json.Serialization.JsonConverter`1.TryWrite(Utf8JsonWriter writer, T& value, JsonSerializerOptions options, WriteStack& state)
   at System.Text.Json.Serialization.Metadata.JsonPropertyInfo`1.GetMemberAndWriteJson(Object obj, WriteStack& state, Utf8JsonWriter writer)
   at System.Text.Json.Serialization.Converters.ObjectDefaultConverter`1.OnTryWrite(Utf8JsonWriter writer, T value, JsonSerializerOptions options, WriteStack& state)
   at System.Text.Json.Serialization.JsonConverter`1.TryWrite(Utf8JsonWriter writer, T& value, JsonSerializerOptions options, WriteStack& state)
   at System.Text.Json.Serialization.JsonConverter`1.WriteCore(Utf8JsonWriter writer, T& value, JsonSerializerOptions options, WriteStack& state)
   --- End of inner exception stack trace ---
   at System.Text.Json.ThrowHelper.ThrowNotSupportedException(WriteStack& state, Exception innerException)
   at System.Text.Json.Serialization.JsonConverter`1.WriteCore(Utf8JsonWriter writer, T& value, JsonSerializerOptions options, WriteStack& state)
   at System.Text.Json.Serialization.Metadata.JsonTypeInfo`1.SerializeAsync(PipeWriter pipeWriter, T rootValue, Int32 flushThreshold, CancellationToken cancellationToken, Object rootValueBoxed)
   at System.Text.Json.Serialization.Metadata.JsonTypeInfo`1.SerializeAsync(PipeWriter pipeWriter, T rootValue, Int32 flushThreshold, CancellationToken cancellationToken, Object rootValueBoxed)
   at System.Text.Json.Serialization.Metadata.JsonTypeInfo`1.SerializeAsync(PipeWriter pipeWriter, T rootValue, Int32 flushThreshold, CancellationToken cancellationToken, Object rootValueBoxed)
   at Microsoft.AspNetCore.Mvc.Formatters.SystemTextJsonOutputFormatter.WriteResponseBodyAsync(OutputFormatterWriteContext context, Encoding selectedEncoding)
   at Microsoft.AspNetCore.Mvc.Infrastructure.ResourceInvoker.<InvokeNextResultFilterAsync>g__Awaited|30_0[TFilter,TFilterAsync](ResourceInvoker invoker, Task lastTask, State next, Scope scope, Object state, Boolean isCompleted)
   at Microsoft.AspNetCore.Mvc.Infrastructure.ResourceInvoker.Rethrow(ResultExecutedContextSealed context)
   at Microsoft.AspNetCore.Mvc.Infrastructure.ResourceInvoker.ResultNext[TFilter,TFilterAsync](State& next, Scope& scope, Object& state, Boolean& isCompleted)
   at Microsoft.AspNetCore.Mvc.Infrastructure.ResourceInvoker.InvokeResultFilters()
--- End of stack trace from previous location ---
   at Microsoft.AspNetCore.Mvc.Infrastructure.ResourceInvoker.<InvokeFilterPipelineAsync>g__Awaited|20_0(ResourceInvoker invoker, Task lastTask, State next, Scope scope, Object state, Boolean isCompleted)
   at Microsoft.AspNetCore.Mvc.Infrastructure.ResourceInvoker.<InvokeAsync>g__Awaited|17_0(ResourceInvoker invoker, Task task, IDisposable scope)
   at Microsoft.AspNetCore.Mvc.Infrastructure.ResourceInvoker.<InvokeAsync>g__Awaited|17_0(ResourceInvoker invoker, Task task, IDisposable scope)
   at Microsoft.AspNetCore.Authorization.AuthorizationMiddleware.Invoke(HttpContext context)
   at Microsoft.AspNetCore.Authentication.AuthenticationMiddleware.Invoke(HttpContext context)
   at Swashbuckle.AspNetCore.SwaggerUI.SwaggerUIMiddleware.Invoke(HttpContext httpContext)
   at Microsoft.AspNetCore.Diagnostics.DeveloperExceptionPageMiddlewareImpl.Invoke(HttpContext context)
2025-09-18 22:16:49.455 +06:00 [DBG] Server desktop-c1paikg:17164:cf39cf15 heartbeat successfully sent
2025-09-18 22:17:19.477 +06:00 [DBG] Server desktop-c1paikg:17164:cf39cf15 heartbeat successfully sent
2025-09-18 22:17:29.373 +06:00 [INF] Application Starting......
2025-09-18 22:17:30.609 +06:00 [INF] Start installing Hangfire SQL objects...
2025-09-18 22:17:30.974 +06:00 [INF] Hangfire SQL objects installed.
2025-09-18 22:17:31.326 +06:00 [INF] Starting Hangfire Server using job storage: 'SQL Server: DESKTOP-C1PAIKG\SQLEXPRESS01@UserManagementSystem'
2025-09-18 22:17:31.326 +06:00 [INF] Using the following options for SQL Server job storage: Queue poll interval: 00:00:00.
2025-09-18 22:17:31.327 +06:00 [INF] Using the following options for Hangfire Server:
    Worker count: 20
    Listening queues: 'default'
    Shutdown timeout: 00:00:15
    Schedule polling interval: 00:00:15
2025-09-18 22:17:31.340 +06:00 [DBG] Execution loop BackgroundServerProcess:b5c44b15 has started in 5.575 ms
2025-09-18 22:17:31.443 +06:00 [INF] Server desktop-c1paikg:10972:83df2fba successfully announced in 101.4121 ms
2025-09-18 22:17:31.484 +06:00 [DBG] Execution loop ServerHeartbeatProcess:5d805df0 has started in 40.1823 ms
2025-09-18 22:17:31.485 +06:00 [INF] Server desktop-c1paikg:10972:83df2fba is starting the registered dispatchers: ServerWatchdog, ServerJobCancellationWatcher, SqlServerHeartbeatProcess, ExpirationManager, CountersAggregator, Worker, DelayedJobScheduler, RecurringJobScheduler...
2025-09-18 22:17:31.491 +06:00 [DBG] Execution loop ServerWatchdog:faf33912 has started in 5.6632 ms
2025-09-18 22:17:31.495 +06:00 [DBG] Execution loop ServerJobCancellationWatcher:908c9bef has started in 8.9482 ms
2025-09-18 22:17:31.526 +06:00 [DBG] Execution loop SqlServerHeartbeatProcess:2db98306 has started in 35.7842 ms
2025-09-18 22:17:31.529 +06:00 [DBG] Execution loop ExpirationManager:d1aa107d has started in 2.9015 ms
2025-09-18 22:17:31.559 +06:00 [DBG] Execution loop CountersAggregator:b77d2953 has started in 31.8399 ms
2025-09-18 22:17:31.561 +06:00 [DBG] Aggregating records in 'Counter' table...
2025-09-18 22:17:31.562 +06:00 [DBG] Removing outdated records from the 'AggregatedCounter' table...
2025-09-18 22:17:31.563 +06:00 [DBG] Execution loop Worker:73f40598 has started in 33.7003 ms
2025-09-18 22:17:31.565 +06:00 [DBG] Execution loop Worker:f6f1c44b has started in 36.1591 ms
2025-09-18 22:17:31.591 +06:00 [DBG] Execution loop Worker:cae4cf06 has started in 61.7133 ms
2025-09-18 22:17:31.594 +06:00 [DBG] Execution loop Worker:b1d3a9ce has started in 65.2375 ms
2025-09-18 22:17:31.599 +06:00 [DBG] Execution loop Worker:fd775ded has started in 69.2502 ms
2025-09-18 22:17:31.601 +06:00 [DBG] Execution loop Worker:38faeee0 has started in 72.2271 ms
2025-09-18 22:17:31.606 +06:00 [DBG] Execution loop Worker:7455681e has started in 76.6794 ms
2025-09-18 22:17:31.618 +06:00 [DBG] Execution loop Worker:7f0ac68a has started in 89.1673 ms
2025-09-18 22:17:31.655 +06:00 [DBG] Execution loop Worker:97a82ea1 has started in 125.6867 ms
2025-09-18 22:17:31.657 +06:00 [DBG] Removing outdated records from the 'Job' table...
2025-09-18 22:17:31.661 +06:00 [DBG] Execution loop Worker:25ff8189 has started in 131.2913 ms
2025-09-18 22:17:31.709 +06:00 [DBG] Execution loop Worker:482a7a78 has started in 179.9141 ms
2025-09-18 22:17:31.736 +06:00 [DBG] Removing outdated records from the 'List' table...
2025-09-18 22:17:31.766 +06:00 [DBG] Execution loop Worker:8970fa1f has started in 237.0818 ms
2025-09-18 22:17:31.777 +06:00 [DBG] Execution loop Worker:2506abe5 has started in 247.821 ms
2025-09-18 22:17:31.821 +06:00 [DBG] Removing outdated records from the 'Set' table...
2025-09-18 22:17:31.821 +06:00 [DBG] Execution loop Worker:af22b9c5 has started in 291.9191 ms
2025-09-18 22:17:31.822 +06:00 [DBG] Execution loop Worker:90f50296 has started in 292.5532 ms
2025-09-18 22:17:31.827 +06:00 [DBG] Execution loop Worker:45304af1 has started in 297.4784 ms
2025-09-18 22:17:31.833 +06:00 [DBG] Removing outdated records from the 'Hash' table...
2025-09-18 22:17:31.833 +06:00 [DBG] Execution loop Worker:45962893 has started in 303.9699 ms
2025-09-18 22:17:31.847 +06:00 [DBG] Execution loop Worker:6e140fdb has started in 318.0858 ms
2025-09-18 22:17:31.848 +06:00 [DBG] Execution loop Worker:99d66ecd has started in 318.4904 ms
2025-09-18 22:17:31.852 +06:00 [DBG] Execution loop Worker:d72193d7 has started in 323.1396 ms
2025-09-18 22:17:31.893 +06:00 [DBG] Execution loop DelayedJobScheduler:6a061888 has started in 40.736 ms
2025-09-18 22:17:31.908 +06:00 [INF] Server desktop-c1paikg:10972:83df2fba all the dispatchers started
2025-09-18 22:17:31.908 +06:00 [DBG] Execution loop RecurringJobScheduler:12b0c258 has started in 12.5812 ms
2025-09-18 22:17:47.335 +06:00 [WRN] You do not have a valid license key for the Lucky Penny software MediatR. This is allowed for development and testing scenarios. If you are running in production you are required to have a licensed version. Please visit https://luckypennysoftware.com to obtain a valid license.
2025-09-18 22:17:48.112 +06:00 [ERR] Failed to add User
System.InvalidOperationException: The current provider doesn't have a store type mapping for properties of type 'User'.
   at Microsoft.EntityFrameworkCore.Storage.RelationalTypeMappingSourceExtensions.GetMapping(IRelationalTypeMappingSource typeMappingSource, Type clrType, IModel model)
   at Microsoft.EntityFrameworkCore.Storage.Internal.RawSqlCommandBuilder.Build(String sql, IEnumerable`1 parameters, IModel model)
   at Microsoft.EntityFrameworkCore.RelationalDatabaseFacadeExtensions.ExecuteSqlRawAsync(DatabaseFacade databaseFacade, String sql, IEnumerable`1 parameters, CancellationToken cancellationToken)
   at UserManagementSystem.Infrastructure.Repositories.BaseRepository`1.CreateAsync(T entity) in D:\.Net Alamin\CRUD User\User-Management-System\src\UserManagementSystem\UserManagementSystem.Infrastructure\Repositories\BaseRepository.cs:line 48
   at UserManagementSystem.Application.Features.Users.Commands.UserAddCommandHandler.Handle(UserAddCommand request, CancellationToken cancellationToken) in D:\.Net Alamin\CRUD User\User-Management-System\src\UserManagementSystem\UserManagementSystem.Application\Features\Users\Commands\UserAddCommandHandler.cs:line 28
   at UserManagementSystem.Api.Controllers.UsersController.AddUser(UserAddCommand userAddCommand) in D:\.Net Alamin\CRUD User\User-Management-System\src\UserManagementSystem\UserManagementSystem.Api\Controllers\UsersController.cs:line 43
2025-09-18 22:17:48.131 +06:00 [ERR] An unhandled exception has occurred while executing the request.
System.NotSupportedException: Serialization and deserialization of 'System.Reflection.MethodBase' instances is not supported. Path: $.TargetSite.
 ---> System.NotSupportedException: Serialization and deserialization of 'System.Reflection.MethodBase' instances is not supported.
   at System.Text.Json.Serialization.Converters.UnsupportedTypeConverter`1.Write(Utf8JsonWriter writer, T value, JsonSerializerOptions options)
   at System.Text.Json.Serialization.JsonConverter`1.TryWrite(Utf8JsonWriter writer, T& value, JsonSerializerOptions options, WriteStack& state)
   at System.Text.Json.Serialization.Metadata.JsonPropertyInfo`1.GetMemberAndWriteJson(Object obj, WriteStack& state, Utf8JsonWriter writer)
   at System.Text.Json.Serialization.Converters.ObjectDefaultConverter`1.OnTryWrite(Utf8JsonWriter writer, T value, JsonSerializerOptions options, WriteStack& state)
   at System.Text.Json.Serialization.JsonConverter`1.TryWrite(Utf8JsonWriter writer, T& value, JsonSerializerOptions options, WriteStack& state)
   at System.Text.Json.Serialization.JsonConverter`1.WriteCore(Utf8JsonWriter writer, T& value, JsonSerializerOptions options, WriteStack& state)
   --- End of inner exception stack trace ---
   at System.Text.Json.ThrowHelper.ThrowNotSupportedException(WriteStack& state, Exception innerException)
   at System.Text.Json.Serialization.JsonConverter`1.WriteCore(Utf8JsonWriter writer, T& value, JsonSerializerOptions options, WriteStack& state)
   at System.Text.Json.Serialization.Metadata.JsonTypeInfo`1.SerializeAsync(PipeWriter pipeWriter, T rootValue, Int32 flushThreshold, CancellationToken cancellationToken, Object rootValueBoxed)
   at System.Text.Json.Serialization.Metadata.JsonTypeInfo`1.SerializeAsync(PipeWriter pipeWriter, T rootValue, Int32 flushThreshold, CancellationToken cancellationToken, Object rootValueBoxed)
   at System.Text.Json.Serialization.Metadata.JsonTypeInfo`1.SerializeAsync(PipeWriter pipeWriter, T rootValue, Int32 flushThreshold, CancellationToken cancellationToken, Object rootValueBoxed)
   at Microsoft.AspNetCore.Mvc.Formatters.SystemTextJsonOutputFormatter.WriteResponseBodyAsync(OutputFormatterWriteContext context, Encoding selectedEncoding)
   at Microsoft.AspNetCore.Mvc.Infrastructure.ResourceInvoker.<InvokeNextResultFilterAsync>g__Awaited|30_0[TFilter,TFilterAsync](ResourceInvoker invoker, Task lastTask, State next, Scope scope, Object state, Boolean isCompleted)
   at Microsoft.AspNetCore.Mvc.Infrastructure.ResourceInvoker.Rethrow(ResultExecutedContextSealed context)
   at Microsoft.AspNetCore.Mvc.Infrastructure.ResourceInvoker.ResultNext[TFilter,TFilterAsync](State& next, Scope& scope, Object& state, Boolean& isCompleted)
   at Microsoft.AspNetCore.Mvc.Infrastructure.ResourceInvoker.InvokeResultFilters()
--- End of stack trace from previous location ---
   at Microsoft.AspNetCore.Mvc.Infrastructure.ResourceInvoker.<InvokeFilterPipelineAsync>g__Awaited|20_0(ResourceInvoker invoker, Task lastTask, State next, Scope scope, Object state, Boolean isCompleted)
   at Microsoft.AspNetCore.Mvc.Infrastructure.ResourceInvoker.<InvokeAsync>g__Awaited|17_0(ResourceInvoker invoker, Task task, IDisposable scope)
   at Microsoft.AspNetCore.Mvc.Infrastructure.ResourceInvoker.<InvokeAsync>g__Awaited|17_0(ResourceInvoker invoker, Task task, IDisposable scope)
   at Microsoft.AspNetCore.Authorization.AuthorizationMiddleware.Invoke(HttpContext context)
   at Microsoft.AspNetCore.Authentication.AuthenticationMiddleware.Invoke(HttpContext context)
   at Swashbuckle.AspNetCore.SwaggerUI.SwaggerUIMiddleware.Invoke(HttpContext httpContext)
   at Microsoft.AspNetCore.Diagnostics.DeveloperExceptionPageMiddlewareImpl.Invoke(HttpContext context)
2025-09-18 22:18:01.711 +06:00 [DBG] Server desktop-c1paikg:10972:83df2fba heartbeat successfully sent
2025-09-18 22:18:31.728 +06:00 [DBG] Server desktop-c1paikg:10972:83df2fba heartbeat successfully sent
2025-09-18 22:19:01.754 +06:00 [DBG] Server desktop-c1paikg:10972:83df2fba heartbeat successfully sent
2025-09-18 22:19:31.784 +06:00 [DBG] Server desktop-c1paikg:10972:83df2fba heartbeat successfully sent
2025-09-18 22:20:01.804 +06:00 [DBG] Server desktop-c1paikg:10972:83df2fba heartbeat successfully sent
2025-09-18 22:20:59.393 +06:00 [INF] Application Starting......
2025-09-18 22:21:00.600 +06:00 [INF] Start installing Hangfire SQL objects...
2025-09-18 22:21:00.932 +06:00 [INF] Hangfire SQL objects installed.
2025-09-18 22:21:01.277 +06:00 [INF] Starting Hangfire Server using job storage: 'SQL Server: DESKTOP-C1PAIKG\SQLEXPRESS01@UserManagementSystem'
2025-09-18 22:21:01.278 +06:00 [INF] Using the following options for SQL Server job storage: Queue poll interval: 00:00:00.
2025-09-18 22:21:01.278 +06:00 [INF] Using the following options for Hangfire Server:
    Worker count: 20
    Listening queues: 'default'
    Shutdown timeout: 00:00:15
    Schedule polling interval: 00:00:15
2025-09-18 22:21:01.319 +06:00 [DBG] Execution loop BackgroundServerProcess:372ad36f has started in 5.8703 ms
2025-09-18 22:21:01.430 +06:00 [INF] Server desktop-c1paikg:15004:9091f62c successfully announced in 108.9408 ms
2025-09-18 22:21:01.434 +06:00 [DBG] Execution loop ServerHeartbeatProcess:4c7d77c5 has started in 3.4494 ms
2025-09-18 22:21:01.434 +06:00 [INF] Server desktop-c1paikg:15004:9091f62c is starting the registered dispatchers: ServerWatchdog, ServerJobCancellationWatcher, SqlServerHeartbeatProcess, ExpirationManager, CountersAggregator, Worker, DelayedJobScheduler, RecurringJobScheduler...
2025-09-18 22:21:01.438 +06:00 [DBG] Execution loop ServerWatchdog:73cb5100 has started in 3.6876 ms
2025-09-18 22:21:01.442 +06:00 [DBG] Execution loop ServerJobCancellationWatcher:36346ae4 has started in 6.7953 ms
2025-09-18 22:21:01.477 +06:00 [DBG] Execution loop SqlServerHeartbeatProcess:4099c7ba has started in 37.9053 ms
2025-09-18 22:21:01.480 +06:00 [DBG] Execution loop ExpirationManager:ffb8032c has started in 38.2346 ms
2025-09-18 22:21:01.508 +06:00 [DBG] Execution loop CountersAggregator:14d14ca8 has started in 31.1897 ms
2025-09-18 22:21:01.509 +06:00 [DBG] Aggregating records in 'Counter' table...
2025-09-18 22:21:01.540 +06:00 [DBG] Execution loop Worker:7b914200 has started in 59.7832 ms
2025-09-18 22:21:01.540 +06:00 [DBG] Execution loop Worker:b03f068b has started in 59.8586 ms
2025-09-18 22:21:01.572 +06:00 [DBG] Execution loop Worker:27f9cf75 has started in 91.7099 ms
2025-09-18 22:21:01.572 +06:00 [DBG] Execution loop Worker:0a2a9d80 has started in 91.7046 ms
2025-09-18 22:21:01.572 +06:00 [DBG] Removing outdated records from the 'AggregatedCounter' table...
2025-09-18 22:21:01.575 +06:00 [DBG] Execution loop Worker:faa0a80c has started in 94.8621 ms
2025-09-18 22:21:01.603 +06:00 [DBG] Execution loop Worker:ef3fa941 has started in 123.1118 ms
2025-09-18 22:21:01.603 +06:00 [DBG] Execution loop Worker:36c633da has started in 123.1053 ms
2025-09-18 22:21:01.609 +06:00 [DBG] Execution loop Worker:0f3a1ad8 has started in 127.4606 ms
2025-09-18 22:21:01.634 +06:00 [DBG] Execution loop Worker:32f0b368 has started in 154.0882 ms
2025-09-18 22:21:01.634 +06:00 [DBG] Execution loop Worker:bfa64d0c has started in 153.985 ms
2025-09-18 22:21:01.678 +06:00 [DBG] Execution loop Worker:dbe07a97 has started in 198.3533 ms
2025-09-18 22:21:01.678 +06:00 [DBG] Execution loop Worker:10959428 has started in 198.3504 ms
2025-09-18 22:21:01.712 +06:00 [DBG] Execution loop Worker:3aa46d59 has started in 231.7733 ms
2025-09-18 22:21:01.743 +06:00 [DBG] Execution loop Worker:2c0a65be has started in 263.0416 ms
2025-09-18 22:21:01.747 +06:00 [DBG] Execution loop Worker:7e5fb278 has started in 266.6836 ms
2025-09-18 22:21:01.751 +06:00 [DBG] Execution loop Worker:db68ba01 has started in 271.078 ms
2025-09-18 22:21:01.755 +06:00 [DBG] Execution loop Worker:04cb664d has started in 275.0655 ms
2025-09-18 22:21:01.784 +06:00 [DBG] Execution loop Worker:62f1231a has started in 304.6014 ms
2025-09-18 22:21:01.785 +06:00 [DBG] Removing outdated records from the 'Job' table...
2025-09-18 22:21:01.817 +06:00 [DBG] Removing outdated records from the 'List' table...
2025-09-18 22:21:01.861 +06:00 [DBG] Execution loop Worker:beacd9f2 has started in 380.8873 ms
2025-09-18 22:21:01.919 +06:00 [DBG] Execution loop Worker:42893e13 has started in 439.5969 ms
2025-09-18 22:21:01.920 +06:00 [DBG] Removing outdated records from the 'Set' table...
2025-09-18 22:21:01.984 +06:00 [DBG] Execution loop DelayedJobScheduler:173e03fc has started in 63.25 ms
2025-09-18 22:21:02.029 +06:00 [DBG] Removing outdated records from the 'Hash' table...
2025-09-18 22:21:02.029 +06:00 [INF] Server desktop-c1paikg:15004:9091f62c all the dispatchers started
2025-09-18 22:21:02.029 +06:00 [DBG] Execution loop RecurringJobScheduler:c1ef356f has started in 36.4823 ms
2025-09-18 22:21:31.687 +06:00 [DBG] Server desktop-c1paikg:15004:9091f62c heartbeat successfully sent
2025-09-18 22:21:50.056 +06:00 [WRN] You do not have a valid license key for the Lucky Penny software MediatR. This is allowed for development and testing scenarios. If you are running in production you are required to have a licensed version. Please visit https://luckypennysoftware.com to obtain a valid license.
2025-09-18 22:21:50.723 +06:00 [ERR] Failed executing DbCommand (44ms) [Parameters=[@p0='?' (Size = 4000), @p1='?' (Size = 4000), @p2='?' (Size = 4000)], CommandType='"Text"', CommandTimeout='30']
EXEC sp_AddUser @p0, @p1, @p2
2025-09-18 22:21:50.932 +06:00 [ERR] Failed to add User
Microsoft.Data.SqlClient.SqlException (0x80131904): 'Josim' is not a valid login or you do not have permission.
   at Microsoft.Data.SqlClient.SqlConnection.OnError(SqlException exception, Boolean breakConnection, Action`1 wrapCloseInAction)
   at Microsoft.Data.SqlClient.SqlInternalConnection.OnError(SqlException exception, Boolean breakConnection, Action`1 wrapCloseInAction)
   at Microsoft.Data.SqlClient.TdsParser.ThrowExceptionAndWarning(TdsParserStateObject stateObj, SqlCommand command, Boolean callerHasConnectionLock, Boolean asyncClose)
   at Microsoft.Data.SqlClient.TdsParser.TryRun(RunBehavior runBehavior, SqlCommand cmdHandler, SqlDataReader dataStream, BulkCopySimpleResultSet bulkCopyHandler, TdsParserStateObject stateObj, Boolean& dataReady)
   at Microsoft.Data.SqlClient.SqlCommand.FinishExecuteReader(SqlDataReader ds, RunBehavior runBehavior, String resetOptionsString, Boolean isInternal, Boolean forDescribeParameterEncryption, Boolean shouldCacheForAlwaysEncrypted)
   at Microsoft.Data.SqlClient.SqlCommand.CompleteAsyncExecuteReader(Boolean isInternal, Boolean forDescribeParameterEncryption)
   at Microsoft.Data.SqlClient.SqlCommand.InternalEndExecuteNonQuery(IAsyncResult asyncResult, Boolean isInternal, String endMethod)
   at Microsoft.Data.SqlClient.SqlCommand.EndExecuteNonQueryInternal(IAsyncResult asyncResult)
   at Microsoft.Data.SqlClient.SqlCommand.EndExecuteNonQueryAsync(IAsyncResult asyncResult)
   at Microsoft.Data.SqlClient.SqlCommand.<>c.<InternalExecuteNonQueryAsync>b__193_1(IAsyncResult asyncResult)
   at System.Threading.Tasks.TaskFactory`1.FromAsyncCoreLogic(IAsyncResult iar, Func`2 endFunction, Action`1 endAction, Task`1 promise, Boolean requiresSynchronization)
--- End of stack trace from previous location ---
   at Microsoft.EntityFrameworkCore.Storage.RelationalCommand.ExecuteNonQueryAsync(RelationalCommandParameterObject parameterObject, CancellationToken cancellationToken)
   at Microsoft.EntityFrameworkCore.Storage.RelationalCommand.ExecuteNonQueryAsync(RelationalCommandParameterObject parameterObject, CancellationToken cancellationToken)
   at Microsoft.EntityFrameworkCore.Storage.RelationalCommand.ExecuteNonQueryAsync(RelationalCommandParameterObject parameterObject, CancellationToken cancellationToken)
   at Microsoft.EntityFrameworkCore.RelationalDatabaseFacadeExtensions.ExecuteSqlRawAsync(DatabaseFacade databaseFacade, String sql, IEnumerable`1 parameters, CancellationToken cancellationToken)
   at UserManagementSystem.Infrastructure.Repositories.BaseRepository`1.CreateAsync(T entity) in D:\.Net Alamin\CRUD User\User-Management-System\src\UserManagementSystem\UserManagementSystem.Infrastructure\Repositories\BaseRepository.cs:line 54
   at UserManagementSystem.Application.Features.Users.Commands.UserAddCommandHandler.Handle(UserAddCommand request, CancellationToken cancellationToken) in D:\.Net Alamin\CRUD User\User-Management-System\src\UserManagementSystem\UserManagementSystem.Application\Features\Users\Commands\UserAddCommandHandler.cs:line 28
   at UserManagementSystem.Api.Controllers.UsersController.AddUser(UserAddCommand userAddCommand) in D:\.Net Alamin\CRUD User\User-Management-System\src\UserManagementSystem\UserManagementSystem.Api\Controllers\UsersController.cs:line 43
ClientConnectionId:0e09b44c-ebc6-4e88-aeef-fdee97e0b573
Error Number:15007,State:1,Class:16
2025-09-18 22:21:50.983 +06:00 [ERR] An unhandled exception has occurred while executing the request.
System.NotSupportedException: Serialization and deserialization of 'System.Reflection.MethodBase' instances is not supported. Path: $.TargetSite.
 ---> System.NotSupportedException: Serialization and deserialization of 'System.Reflection.MethodBase' instances is not supported.
   at System.Text.Json.Serialization.Converters.UnsupportedTypeConverter`1.Write(Utf8JsonWriter writer, T value, JsonSerializerOptions options)
   at System.Text.Json.Serialization.JsonConverter`1.TryWrite(Utf8JsonWriter writer, T& value, JsonSerializerOptions options, WriteStack& state)
   at System.Text.Json.Serialization.Metadata.JsonPropertyInfo`1.GetMemberAndWriteJson(Object obj, WriteStack& state, Utf8JsonWriter writer)
   at System.Text.Json.Serialization.Converters.ObjectDefaultConverter`1.OnTryWrite(Utf8JsonWriter writer, T value, JsonSerializerOptions options, WriteStack& state)
   at System.Text.Json.Serialization.JsonConverter`1.TryWrite(Utf8JsonWriter writer, T& value, JsonSerializerOptions options, WriteStack& state)
   at System.Text.Json.Serialization.JsonConverter`1.WriteCore(Utf8JsonWriter writer, T& value, JsonSerializerOptions options, WriteStack& state)
   --- End of inner exception stack trace ---
   at System.Text.Json.ThrowHelper.ThrowNotSupportedException(WriteStack& state, Exception innerException)
   at System.Text.Json.Serialization.JsonConverter`1.WriteCore(Utf8JsonWriter writer, T& value, JsonSerializerOptions options, WriteStack& state)
   at System.Text.Json.Serialization.Metadata.JsonTypeInfo`1.SerializeAsync(PipeWriter pipeWriter, T rootValue, Int32 flushThreshold, CancellationToken cancellationToken, Object rootValueBoxed)
   at System.Text.Json.Serialization.Metadata.JsonTypeInfo`1.SerializeAsync(PipeWriter pipeWriter, T rootValue, Int32 flushThreshold, CancellationToken cancellationToken, Object rootValueBoxed)
   at System.Text.Json.Serialization.Metadata.JsonTypeInfo`1.SerializeAsync(PipeWriter pipeWriter, T rootValue, Int32 flushThreshold, CancellationToken cancellationToken, Object rootValueBoxed)
   at Microsoft.AspNetCore.Mvc.Formatters.SystemTextJsonOutputFormatter.WriteResponseBodyAsync(OutputFormatterWriteContext context, Encoding selectedEncoding)
   at Microsoft.AspNetCore.Mvc.Infrastructure.ResourceInvoker.<InvokeNextResultFilterAsync>g__Awaited|30_0[TFilter,TFilterAsync](ResourceInvoker invoker, Task lastTask, State next, Scope scope, Object state, Boolean isCompleted)
   at Microsoft.AspNetCore.Mvc.Infrastructure.ResourceInvoker.Rethrow(ResultExecutedContextSealed context)
   at Microsoft.AspNetCore.Mvc.Infrastructure.ResourceInvoker.ResultNext[TFilter,TFilterAsync](State& next, Scope& scope, Object& state, Boolean& isCompleted)
   at Microsoft.AspNetCore.Mvc.Infrastructure.ResourceInvoker.InvokeResultFilters()
--- End of stack trace from previous location ---
   at Microsoft.AspNetCore.Mvc.Infrastructure.ResourceInvoker.<InvokeFilterPipelineAsync>g__Awaited|20_0(ResourceInvoker invoker, Task lastTask, State next, Scope scope, Object state, Boolean isCompleted)
   at Microsoft.AspNetCore.Mvc.Infrastructure.ResourceInvoker.<InvokeAsync>g__Awaited|17_0(ResourceInvoker invoker, Task task, IDisposable scope)
   at Microsoft.AspNetCore.Mvc.Infrastructure.ResourceInvoker.<InvokeAsync>g__Awaited|17_0(ResourceInvoker invoker, Task task, IDisposable scope)
   at Microsoft.AspNetCore.Authorization.AuthorizationMiddleware.Invoke(HttpContext context)
   at Microsoft.AspNetCore.Authentication.AuthenticationMiddleware.Invoke(HttpContext context)
   at Swashbuckle.AspNetCore.SwaggerUI.SwaggerUIMiddleware.Invoke(HttpContext httpContext)
   at Microsoft.AspNetCore.Diagnostics.DeveloperExceptionPageMiddlewareImpl.Invoke(HttpContext context)
2025-09-18 22:22:01.721 +06:00 [DBG] Server desktop-c1paikg:15004:9091f62c heartbeat successfully sent
2025-09-18 22:22:30.273 +06:00 [ERR] Failed executing DbCommand (113ms) [Parameters=[@p0='?' (Size = 4000), @p1='?' (Size = 4000), @p2='?' (Size = 4000)], CommandType='"Text"', CommandTimeout='30']
EXEC sp_AddUser @p0, @p1, @p2
2025-09-18 22:22:30.437 +06:00 [ERR] Failed to add User
Microsoft.Data.SqlClient.SqlException (0x80131904): 'Josim' is not a valid login or you do not have permission.
   at Microsoft.Data.SqlClient.SqlConnection.OnError(SqlException exception, Boolean breakConnection, Action`1 wrapCloseInAction)
   at Microsoft.Data.SqlClient.SqlInternalConnection.OnError(SqlException exception, Boolean breakConnection, Action`1 wrapCloseInAction)
   at Microsoft.Data.SqlClient.TdsParser.ThrowExceptionAndWarning(TdsParserStateObject stateObj, SqlCommand command, Boolean callerHasConnectionLock, Boolean asyncClose)
   at Microsoft.Data.SqlClient.TdsParser.TryRun(RunBehavior runBehavior, SqlCommand cmdHandler, SqlDataReader dataStream, BulkCopySimpleResultSet bulkCopyHandler, TdsParserStateObject stateObj, Boolean& dataReady)
   at Microsoft.Data.SqlClient.SqlCommand.FinishExecuteReader(SqlDataReader ds, RunBehavior runBehavior, String resetOptionsString, Boolean isInternal, Boolean forDescribeParameterEncryption, Boolean shouldCacheForAlwaysEncrypted)
   at Microsoft.Data.SqlClient.SqlCommand.CompleteAsyncExecuteReader(Boolean isInternal, Boolean forDescribeParameterEncryption)
   at Microsoft.Data.SqlClient.SqlCommand.InternalEndExecuteNonQuery(IAsyncResult asyncResult, Boolean isInternal, String endMethod)
   at Microsoft.Data.SqlClient.SqlCommand.EndExecuteNonQueryInternal(IAsyncResult asyncResult)
   at Microsoft.Data.SqlClient.SqlCommand.EndExecuteNonQueryAsync(IAsyncResult asyncResult)
   at Microsoft.Data.SqlClient.SqlCommand.<>c.<InternalExecuteNonQueryAsync>b__193_1(IAsyncResult asyncResult)
   at System.Threading.Tasks.TaskFactory`1.FromAsyncCoreLogic(IAsyncResult iar, Func`2 endFunction, Action`1 endAction, Task`1 promise, Boolean requiresSynchronization)
--- End of stack trace from previous location ---
   at Microsoft.EntityFrameworkCore.Storage.RelationalCommand.ExecuteNonQueryAsync(RelationalCommandParameterObject parameterObject, CancellationToken cancellationToken)
   at Microsoft.EntityFrameworkCore.Storage.RelationalCommand.ExecuteNonQueryAsync(RelationalCommandParameterObject parameterObject, CancellationToken cancellationToken)
   at Microsoft.EntityFrameworkCore.Storage.RelationalCommand.ExecuteNonQueryAsync(RelationalCommandParameterObject parameterObject, CancellationToken cancellationToken)
   at Microsoft.EntityFrameworkCore.RelationalDatabaseFacadeExtensions.ExecuteSqlRawAsync(DatabaseFacade databaseFacade, String sql, IEnumerable`1 parameters, CancellationToken cancellationToken)
   at UserManagementSystem.Infrastructure.Repositories.BaseRepository`1.CreateAsync(T entity) in D:\.Net Alamin\CRUD User\User-Management-System\src\UserManagementSystem\UserManagementSystem.Infrastructure\Repositories\BaseRepository.cs:line 54
   at UserManagementSystem.Application.Features.Users.Commands.UserAddCommandHandler.Handle(UserAddCommand request, CancellationToken cancellationToken) in D:\.Net Alamin\CRUD User\User-Management-System\src\UserManagementSystem\UserManagementSystem.Application\Features\Users\Commands\UserAddCommandHandler.cs:line 28
   at UserManagementSystem.Api.Controllers.UsersController.AddUser(UserAddCommand userAddCommand) in D:\.Net Alamin\CRUD User\User-Management-System\src\UserManagementSystem\UserManagementSystem.Api\Controllers\UsersController.cs:line 43
ClientConnectionId:0e09b44c-ebc6-4e88-aeef-fdee97e0b573
Error Number:15007,State:1,Class:16
2025-09-18 22:22:30.441 +06:00 [ERR] An unhandled exception has occurred while executing the request.
System.NotSupportedException: Serialization and deserialization of 'System.Reflection.MethodBase' instances is not supported. Path: $.TargetSite.
 ---> System.NotSupportedException: Serialization and deserialization of 'System.Reflection.MethodBase' instances is not supported.
   at System.Text.Json.Serialization.Converters.UnsupportedTypeConverter`1.Write(Utf8JsonWriter writer, T value, JsonSerializerOptions options)
   at System.Text.Json.Serialization.JsonConverter`1.TryWrite(Utf8JsonWriter writer, T& value, JsonSerializerOptions options, WriteStack& state)
   at System.Text.Json.Serialization.Metadata.JsonPropertyInfo`1.GetMemberAndWriteJson(Object obj, WriteStack& state, Utf8JsonWriter writer)
   at System.Text.Json.Serialization.Converters.ObjectDefaultConverter`1.OnTryWrite(Utf8JsonWriter writer, T value, JsonSerializerOptions options, WriteStack& state)
   at System.Text.Json.Serialization.JsonConverter`1.TryWrite(Utf8JsonWriter writer, T& value, JsonSerializerOptions options, WriteStack& state)
   at System.Text.Json.Serialization.JsonConverter`1.WriteCore(Utf8JsonWriter writer, T& value, JsonSerializerOptions options, WriteStack& state)
   --- End of inner exception stack trace ---
   at System.Text.Json.ThrowHelper.ThrowNotSupportedException(WriteStack& state, Exception innerException)
   at System.Text.Json.Serialization.JsonConverter`1.WriteCore(Utf8JsonWriter writer, T& value, JsonSerializerOptions options, WriteStack& state)
   at System.Text.Json.Serialization.Metadata.JsonTypeInfo`1.SerializeAsync(PipeWriter pipeWriter, T rootValue, Int32 flushThreshold, CancellationToken cancellationToken, Object rootValueBoxed)
   at System.Text.Json.Serialization.Metadata.JsonTypeInfo`1.SerializeAsync(PipeWriter pipeWriter, T rootValue, Int32 flushThreshold, CancellationToken cancellationToken, Object rootValueBoxed)
   at System.Text.Json.Serialization.Metadata.JsonTypeInfo`1.SerializeAsync(PipeWriter pipeWriter, T rootValue, Int32 flushThreshold, CancellationToken cancellationToken, Object rootValueBoxed)
   at Microsoft.AspNetCore.Mvc.Formatters.SystemTextJsonOutputFormatter.WriteResponseBodyAsync(OutputFormatterWriteContext context, Encoding selectedEncoding)
   at Microsoft.AspNetCore.Mvc.Infrastructure.ResourceInvoker.<InvokeNextResultFilterAsync>g__Awaited|30_0[TFilter,TFilterAsync](ResourceInvoker invoker, Task lastTask, State next, Scope scope, Object state, Boolean isCompleted)
   at Microsoft.AspNetCore.Mvc.Infrastructure.ResourceInvoker.Rethrow(ResultExecutedContextSealed context)
   at Microsoft.AspNetCore.Mvc.Infrastructure.ResourceInvoker.ResultNext[TFilter,TFilterAsync](State& next, Scope& scope, Object& state, Boolean& isCompleted)
   at Microsoft.AspNetCore.Mvc.Infrastructure.ResourceInvoker.InvokeResultFilters()
--- End of stack trace from previous location ---
   at Microsoft.AspNetCore.Mvc.Infrastructure.ResourceInvoker.<InvokeFilterPipelineAsync>g__Awaited|20_0(ResourceInvoker invoker, Task lastTask, State next, Scope scope, Object state, Boolean isCompleted)
   at Microsoft.AspNetCore.Mvc.Infrastructure.ResourceInvoker.<InvokeAsync>g__Awaited|17_0(ResourceInvoker invoker, Task task, IDisposable scope)
   at Microsoft.AspNetCore.Mvc.Infrastructure.ResourceInvoker.<InvokeAsync>g__Awaited|17_0(ResourceInvoker invoker, Task task, IDisposable scope)
   at Microsoft.AspNetCore.Authorization.AuthorizationMiddleware.Invoke(HttpContext context)
   at Microsoft.AspNetCore.Authentication.AuthenticationMiddleware.Invoke(HttpContext context)
   at Swashbuckle.AspNetCore.SwaggerUI.SwaggerUIMiddleware.Invoke(HttpContext httpContext)
   at Microsoft.AspNetCore.Diagnostics.DeveloperExceptionPageMiddlewareImpl.Invoke(HttpContext context)
2025-09-18 22:22:31.760 +06:00 [DBG] Server desktop-c1paikg:15004:9091f62c heartbeat successfully sent
2025-09-18 22:23:01.787 +06:00 [DBG] Server desktop-c1paikg:15004:9091f62c heartbeat successfully sent
2025-09-18 22:23:31.809 +06:00 [DBG] Server desktop-c1paikg:15004:9091f62c heartbeat successfully sent
2025-09-18 22:24:01.824 +06:00 [DBG] Server desktop-c1paikg:15004:9091f62c heartbeat successfully sent
2025-09-18 22:24:31.842 +06:00 [DBG] Server desktop-c1paikg:15004:9091f62c heartbeat successfully sent
2025-09-18 22:24:46.553 +06:00 [INF] Application Starting......
2025-09-18 22:24:47.647 +06:00 [INF] Start installing Hangfire SQL objects...
2025-09-18 22:24:48.028 +06:00 [INF] Hangfire SQL objects installed.
2025-09-18 22:24:48.347 +06:00 [INF] Starting Hangfire Server using job storage: 'SQL Server: DESKTOP-C1PAIKG\SQLEXPRESS01@UserManagementSystem'
2025-09-18 22:24:48.348 +06:00 [INF] Using the following options for SQL Server job storage: Queue poll interval: 00:00:00.
2025-09-18 22:24:48.348 +06:00 [INF] Using the following options for Hangfire Server:
    Worker count: 20
    Listening queues: 'default'
    Shutdown timeout: 00:00:15
    Schedule polling interval: 00:00:15
2025-09-18 22:24:48.361 +06:00 [DBG] Execution loop BackgroundServerProcess:050d8877 has started in 8.6036 ms
2025-09-18 22:24:48.465 +06:00 [INF] Server desktop-c1paikg:13000:227bd533 successfully announced in 102.6896 ms
2025-09-18 22:24:48.495 +06:00 [DBG] Execution loop ServerHeartbeatProcess:05157f9f has started in 29.2288 ms
2025-09-18 22:24:48.495 +06:00 [INF] Server desktop-c1paikg:13000:227bd533 is starting the registered dispatchers: ServerWatchdog, ServerJobCancellationWatcher, SqlServerHeartbeatProcess, ExpirationManager, CountersAggregator, Worker, DelayedJobScheduler, RecurringJobScheduler...
2025-09-18 22:24:48.498 +06:00 [DBG] Execution loop ServerWatchdog:5732e1cd has started in 2.626 ms
2025-09-18 22:24:48.501 +06:00 [DBG] Execution loop ServerJobCancellationWatcher:ea46e3bb has started in 4.9426 ms
2025-09-18 22:24:48.503 +06:00 [DBG] Execution loop SqlServerHeartbeatProcess:3534a7f1 has started in 4.6996 ms
2025-09-18 22:24:48.543 +06:00 [DBG] Execution loop CountersAggregator:cd93f03b has started in 39.7359 ms
2025-09-18 22:24:48.543 +06:00 [DBG] Execution loop ExpirationManager:b49f3a7f has started in 41.9953 ms
2025-09-18 22:24:48.546 +06:00 [DBG] Execution loop Worker:346f0e99 has started in 2.8786 ms
2025-09-18 22:24:48.573 +06:00 [DBG] Aggregating records in 'Counter' table...
2025-09-18 22:24:48.574 +06:00 [DBG] Execution loop Worker:0c09d621 has started in 30.9074 ms
2025-09-18 22:24:48.574 +06:00 [DBG] Execution loop Worker:0c2e031d has started in 31.2648 ms
2025-09-18 22:24:48.605 +06:00 [DBG] Execution loop Worker:0cf66229 has started in 61.7264 ms
2025-09-18 22:24:48.606 +06:00 [DBG] Removing outdated records from the 'AggregatedCounter' table...
2025-09-18 22:24:48.636 +06:00 [DBG] Execution loop Worker:e77bd171 has started in 93.4808 ms
2025-09-18 22:24:48.637 +06:00 [DBG] Execution loop Worker:e3af8bc5 has started in 93.7473 ms
2025-09-18 22:24:48.637 +06:00 [DBG] Execution loop Worker:9298590f has started in 93.8462 ms
2025-09-18 22:24:48.666 +06:00 [INF] 1 servers were removed due to timeout
2025-09-18 22:24:48.667 +06:00 [DBG] Execution loop Worker:7b0d3ca4 has started in 123.7609 ms
2025-09-18 22:24:48.641 +06:00 [DBG] Execution loop Worker:60236c33 has started in 98.2616 ms
2025-09-18 22:24:48.666 +06:00 [DBG] Execution loop Worker:2f7a7040 has started in 123.6614 ms
2025-09-18 22:24:48.697 +06:00 [DBG] Execution loop Worker:296c7dc7 has started in 154.446 ms
2025-09-18 22:24:48.697 +06:00 [DBG] Execution loop Worker:b6d7ae66 has started in 154.4474 ms
2025-09-18 22:24:48.700 +06:00 [DBG] Execution loop Worker:723627a2 has started in 157.554 ms
2025-09-18 22:24:48.703 +06:00 [DBG] Execution loop Worker:5a4d018e has started in 159.8868 ms
2025-09-18 22:24:48.706 +06:00 [DBG] Execution loop Worker:c7d52514 has started in 162.6996 ms
2025-09-18 22:24:48.746 +06:00 [DBG] Execution loop Worker:cd3902c0 has started in 203.3278 ms
2025-09-18 22:24:48.746 +06:00 [DBG] Execution loop Worker:b8ab71bd has started in 203.3179 ms
2025-09-18 22:24:48.750 +06:00 [DBG] Execution loop Worker:ebaf4b02 has started in 206.8964 ms
2025-09-18 22:24:48.753 +06:00 [DBG] Execution loop Worker:33453064 has started in 210.1534 ms
2025-09-18 22:24:48.792 +06:00 [DBG] Removing outdated records from the 'Job' table...
2025-09-18 22:24:48.792 +06:00 [DBG] Execution loop Worker:369538f3 has started in 248.7207 ms
2025-09-18 22:24:48.795 +06:00 [INF] Server desktop-c1paikg:13000:227bd533 all the dispatchers started
2025-09-18 22:24:48.795 +06:00 [DBG] Execution loop DelayedJobScheduler:15ec486a has started in 3.7477 ms
2025-09-18 22:24:48.797 +06:00 [DBG] Execution loop RecurringJobScheduler:e01af52a has started in 5.1039 ms
2025-09-18 22:24:48.815 +06:00 [DBG] Removing outdated records from the 'List' table...
2025-09-18 22:24:48.817 +06:00 [DBG] Removing outdated records from the 'Set' table...
2025-09-18 22:24:48.820 +06:00 [DBG] Removing outdated records from the 'Hash' table...
2025-09-18 22:25:07.680 +06:00 [WRN] You do not have a valid license key for the Lucky Penny software MediatR. This is allowed for development and testing scenarios. If you are running in production you are required to have a licensed version. Please visit https://luckypennysoftware.com to obtain a valid license.
2025-09-18 22:25:13.213 +06:00 [ERR] Failed executing DbCommand (37ms) [Parameters=[@p0='?' (Size = 4000), @p1='?' (Size = 4000), @p2='?' (Size = 4000)], CommandType='"Text"', CommandTimeout='30']
EXEC sp_AddUser @p0, @p1, @p2
2025-09-18 22:25:13.417 +06:00 [ERR] Failed to add User
Microsoft.Data.SqlClient.SqlException (0x80131904): 'string' is not a valid login or you do not have permission.
   at Microsoft.Data.SqlClient.SqlConnection.OnError(SqlException exception, Boolean breakConnection, Action`1 wrapCloseInAction)
   at Microsoft.Data.SqlClient.SqlInternalConnection.OnError(SqlException exception, Boolean breakConnection, Action`1 wrapCloseInAction)
   at Microsoft.Data.SqlClient.TdsParser.ThrowExceptionAndWarning(TdsParserStateObject stateObj, SqlCommand command, Boolean callerHasConnectionLock, Boolean asyncClose)
   at Microsoft.Data.SqlClient.TdsParser.TryRun(RunBehavior runBehavior, SqlCommand cmdHandler, SqlDataReader dataStream, BulkCopySimpleResultSet bulkCopyHandler, TdsParserStateObject stateObj, Boolean& dataReady)
   at Microsoft.Data.SqlClient.SqlCommand.FinishExecuteReader(SqlDataReader ds, RunBehavior runBehavior, String resetOptionsString, Boolean isInternal, Boolean forDescribeParameterEncryption, Boolean shouldCacheForAlwaysEncrypted)
   at Microsoft.Data.SqlClient.SqlCommand.CompleteAsyncExecuteReader(Boolean isInternal, Boolean forDescribeParameterEncryption)
   at Microsoft.Data.SqlClient.SqlCommand.InternalEndExecuteNonQuery(IAsyncResult asyncResult, Boolean isInternal, String endMethod)
   at Microsoft.Data.SqlClient.SqlCommand.EndExecuteNonQueryInternal(IAsyncResult asyncResult)
   at Microsoft.Data.SqlClient.SqlCommand.EndExecuteNonQueryAsync(IAsyncResult asyncResult)
   at Microsoft.Data.SqlClient.SqlCommand.<>c.<InternalExecuteNonQueryAsync>b__193_1(IAsyncResult asyncResult)
   at System.Threading.Tasks.TaskFactory`1.FromAsyncCoreLogic(IAsyncResult iar, Func`2 endFunction, Action`1 endAction, Task`1 promise, Boolean requiresSynchronization)
--- End of stack trace from previous location ---
   at Microsoft.EntityFrameworkCore.Storage.RelationalCommand.ExecuteNonQueryAsync(RelationalCommandParameterObject parameterObject, CancellationToken cancellationToken)
   at Microsoft.EntityFrameworkCore.Storage.RelationalCommand.ExecuteNonQueryAsync(RelationalCommandParameterObject parameterObject, CancellationToken cancellationToken)
   at Microsoft.EntityFrameworkCore.Storage.RelationalCommand.ExecuteNonQueryAsync(RelationalCommandParameterObject parameterObject, CancellationToken cancellationToken)
   at Microsoft.EntityFrameworkCore.RelationalDatabaseFacadeExtensions.ExecuteSqlRawAsync(DatabaseFacade databaseFacade, String sql, IEnumerable`1 parameters, CancellationToken cancellationToken)
   at UserManagementSystem.Infrastructure.Repositories.BaseRepository`1.CreateAsync(T entity) in D:\.Net Alamin\CRUD User\User-Management-System\src\UserManagementSystem\UserManagementSystem.Infrastructure\Repositories\BaseRepository.cs:line 54
   at UserManagementSystem.Application.Features.Users.Commands.UserAddCommandHandler.Handle(UserAddCommand request, CancellationToken cancellationToken) in D:\.Net Alamin\CRUD User\User-Management-System\src\UserManagementSystem\UserManagementSystem.Application\Features\Users\Commands\UserAddCommandHandler.cs:line 28
   at UserManagementSystem.Api.Controllers.UsersController.AddUser(UserAddCommand userAddCommand) in D:\.Net Alamin\CRUD User\User-Management-System\src\UserManagementSystem\UserManagementSystem.Api\Controllers\UsersController.cs:line 43
ClientConnectionId:4eaae108-47a0-4927-83ad-ebece2d1c1b5
Error Number:15007,State:1,Class:16
2025-09-18 22:25:13.479 +06:00 [ERR] An unhandled exception has occurred while executing the request.
System.NotSupportedException: Serialization and deserialization of 'System.Reflection.MethodBase' instances is not supported. Path: $.TargetSite.
 ---> System.NotSupportedException: Serialization and deserialization of 'System.Reflection.MethodBase' instances is not supported.
   at System.Text.Json.Serialization.Converters.UnsupportedTypeConverter`1.Write(Utf8JsonWriter writer, T value, JsonSerializerOptions options)
   at System.Text.Json.Serialization.JsonConverter`1.TryWrite(Utf8JsonWriter writer, T& value, JsonSerializerOptions options, WriteStack& state)
   at System.Text.Json.Serialization.Metadata.JsonPropertyInfo`1.GetMemberAndWriteJson(Object obj, WriteStack& state, Utf8JsonWriter writer)
   at System.Text.Json.Serialization.Converters.ObjectDefaultConverter`1.OnTryWrite(Utf8JsonWriter writer, T value, JsonSerializerOptions options, WriteStack& state)
   at System.Text.Json.Serialization.JsonConverter`1.TryWrite(Utf8JsonWriter writer, T& value, JsonSerializerOptions options, WriteStack& state)
   at System.Text.Json.Serialization.JsonConverter`1.WriteCore(Utf8JsonWriter writer, T& value, JsonSerializerOptions options, WriteStack& state)
   --- End of inner exception stack trace ---
   at System.Text.Json.ThrowHelper.ThrowNotSupportedException(WriteStack& state, Exception innerException)
   at System.Text.Json.Serialization.JsonConverter`1.WriteCore(Utf8JsonWriter writer, T& value, JsonSerializerOptions options, WriteStack& state)
   at System.Text.Json.Serialization.Metadata.JsonTypeInfo`1.SerializeAsync(PipeWriter pipeWriter, T rootValue, Int32 flushThreshold, CancellationToken cancellationToken, Object rootValueBoxed)
   at System.Text.Json.Serialization.Metadata.JsonTypeInfo`1.SerializeAsync(PipeWriter pipeWriter, T rootValue, Int32 flushThreshold, CancellationToken cancellationToken, Object rootValueBoxed)
   at System.Text.Json.Serialization.Metadata.JsonTypeInfo`1.SerializeAsync(PipeWriter pipeWriter, T rootValue, Int32 flushThreshold, CancellationToken cancellationToken, Object rootValueBoxed)
   at Microsoft.AspNetCore.Mvc.Formatters.SystemTextJsonOutputFormatter.WriteResponseBodyAsync(OutputFormatterWriteContext context, Encoding selectedEncoding)
   at Microsoft.AspNetCore.Mvc.Infrastructure.ResourceInvoker.<InvokeNextResultFilterAsync>g__Awaited|30_0[TFilter,TFilterAsync](ResourceInvoker invoker, Task lastTask, State next, Scope scope, Object state, Boolean isCompleted)
   at Microsoft.AspNetCore.Mvc.Infrastructure.ResourceInvoker.Rethrow(ResultExecutedContextSealed context)
   at Microsoft.AspNetCore.Mvc.Infrastructure.ResourceInvoker.ResultNext[TFilter,TFilterAsync](State& next, Scope& scope, Object& state, Boolean& isCompleted)
   at Microsoft.AspNetCore.Mvc.Infrastructure.ResourceInvoker.InvokeResultFilters()
--- End of stack trace from previous location ---
   at Microsoft.AspNetCore.Mvc.Infrastructure.ResourceInvoker.<InvokeFilterPipelineAsync>g__Awaited|20_0(ResourceInvoker invoker, Task lastTask, State next, Scope scope, Object state, Boolean isCompleted)
   at Microsoft.AspNetCore.Mvc.Infrastructure.ResourceInvoker.<InvokeAsync>g__Awaited|17_0(ResourceInvoker invoker, Task task, IDisposable scope)
   at Microsoft.AspNetCore.Mvc.Infrastructure.ResourceInvoker.<InvokeAsync>g__Awaited|17_0(ResourceInvoker invoker, Task task, IDisposable scope)
   at Microsoft.AspNetCore.Authorization.AuthorizationMiddleware.Invoke(HttpContext context)
   at Microsoft.AspNetCore.Authentication.AuthenticationMiddleware.Invoke(HttpContext context)
   at Swashbuckle.AspNetCore.SwaggerUI.SwaggerUIMiddleware.Invoke(HttpContext httpContext)
   at Microsoft.AspNetCore.Diagnostics.DeveloperExceptionPageMiddlewareImpl.Invoke(HttpContext context)
2025-09-18 22:27:44.345 +06:00 [INF] Application Starting......
2025-09-18 22:27:45.478 +06:00 [INF] Start installing Hangfire SQL objects...
2025-09-18 22:27:45.812 +06:00 [INF] Hangfire SQL objects installed.
2025-09-18 22:27:46.149 +06:00 [INF] Starting Hangfire Server using job storage: 'SQL Server: DESKTOP-C1PAIKG\SQLEXPRESS01@UserManagementSystem'
2025-09-18 22:27:46.149 +06:00 [INF] Using the following options for SQL Server job storage: Queue poll interval: 00:00:00.
2025-09-18 22:27:46.150 +06:00 [INF] Using the following options for Hangfire Server:
    Worker count: 20
    Listening queues: 'default'
    Shutdown timeout: 00:00:15
    Schedule polling interval: 00:00:15
2025-09-18 22:27:46.164 +06:00 [DBG] Execution loop BackgroundServerProcess:a8755f51 has started in 9.4989 ms
2025-09-18 22:27:46.265 +06:00 [INF] Server desktop-c1paikg:24156:a0c8028a successfully announced in 98.9261 ms
2025-09-18 22:27:46.269 +06:00 [DBG] Execution loop ServerHeartbeatProcess:657a6815 has started in 3.7187 ms
2025-09-18 22:27:46.270 +06:00 [INF] Server desktop-c1paikg:24156:a0c8028a is starting the registered dispatchers: ServerWatchdog, ServerJobCancellationWatcher, SqlServerHeartbeatProcess, ExpirationManager, CountersAggregator, Worker, DelayedJobScheduler, RecurringJobScheduler...
2025-09-18 22:27:46.273 +06:00 [DBG] Execution loop ServerWatchdog:452a87ae has started in 2.9277 ms
2025-09-18 22:27:46.308 +06:00 [DBG] Execution loop SqlServerHeartbeatProcess:77fd1eed has started in 34.6827 ms
2025-09-18 22:27:46.308 +06:00 [DBG] Execution loop ServerJobCancellationWatcher:2d89a8d5 has started in 37.3094 ms
2025-09-18 22:27:46.311 +06:00 [DBG] Execution loop ExpirationManager:a41c0684 has started in 34.1718 ms
2025-09-18 22:27:46.343 +06:00 [DBG] Execution loop CountersAggregator:69694284 has started in 34.5532 ms
2025-09-18 22:27:46.344 +06:00 [DBG] Aggregating records in 'Counter' table...
2025-09-18 22:27:46.345 +06:00 [DBG] Removing outdated records from the 'AggregatedCounter' table...
2025-09-18 22:27:46.372 +06:00 [DBG] Execution loop Worker:c5bb8ea4 has started in 60.8754 ms
2025-09-18 22:27:46.372 +06:00 [DBG] Execution loop Worker:5a197e3e has started in 61.1194 ms
2025-09-18 22:27:46.376 +06:00 [DBG] Execution loop Worker:d4ab7c9e has started in 64.652 ms
2025-09-18 22:27:46.380 +06:00 [DBG] Execution loop Worker:fae835d6 has started in 68.6858 ms
2025-09-18 22:27:46.419 +06:00 [DBG] Execution loop Worker:c3ca0ae0 has started in 108.0084 ms
2025-09-18 22:27:46.419 +06:00 [DBG] Execution loop Worker:3776159d has started in 108.142 ms
2025-09-18 22:27:46.424 +06:00 [INF] 1 servers were removed due to timeout
2025-09-18 22:27:46.424 +06:00 [DBG] Execution loop Worker:9762027c has started in 112.8927 ms
2025-09-18 22:27:46.429 +06:00 [DBG] Execution loop Worker:a081e460 has started in 117.8102 ms
2025-09-18 22:27:46.465 +06:00 [DBG] Execution loop Worker:595b8f64 has started in 153.5345 ms
2025-09-18 22:27:46.465 +06:00 [DBG] Execution loop Worker:fa9314c3 has started in 153.6059 ms
2025-09-18 22:27:46.469 +06:00 [DBG] Execution loop Worker:4682932e has started in 158.258 ms
2025-09-18 22:27:46.477 +06:00 [DBG] Execution loop Worker:3630f13e has started in 165.7258 ms
2025-09-18 22:27:46.483 +06:00 [DBG] Execution loop Worker:29d6c7de has started in 172.1588 ms
2025-09-18 22:27:46.487 +06:00 [DBG] Execution loop Worker:9ff3fba8 has started in 175.8373 ms
2025-09-18 22:27:46.564 +06:00 [DBG] Execution loop Worker:b9fa8f8b has started in 253.1554 ms
2025-09-18 22:27:46.616 +06:00 [DBG] Execution loop Worker:3a6c2153 has started in 304.4353 ms
2025-09-18 22:27:46.616 +06:00 [DBG] Removing outdated records from the 'Job' table...
2025-09-18 22:27:46.623 +06:00 [DBG] Execution loop Worker:9b798516 has started in 312.2165 ms
2025-09-18 22:27:46.651 +06:00 [DBG] Execution loop Worker:1c6bf55a has started in 339.6764 ms
2025-09-18 22:27:46.652 +06:00 [DBG] Removing outdated records from the 'List' table...
2025-09-18 22:27:46.688 +06:00 [DBG] Execution loop Worker:833deec1 has started in 376.8091 ms
2025-09-18 22:27:46.694 +06:00 [DBG] Execution loop DelayedJobScheduler:e6e7c2a0 has started in 6.2652 ms
2025-09-18 22:27:46.695 +06:00 [DBG] Execution loop Worker:b79b4213 has started in 383.8862 ms
2025-09-18 22:27:46.702 +06:00 [INF] Server desktop-c1paikg:24156:a0c8028a all the dispatchers started
2025-09-18 22:27:46.702 +06:00 [DBG] Execution loop RecurringJobScheduler:c419db71 has started in 7.5021 ms
2025-09-18 22:27:46.702 +06:00 [DBG] Removing outdated records from the 'Set' table...
2025-09-18 22:27:46.769 +06:00 [DBG] Removing outdated records from the 'Hash' table...
2025-09-18 22:27:54.345 +06:00 [WRN] You do not have a valid license key for the Lucky Penny software MediatR. This is allowed for development and testing scenarios. If you are running in production you are required to have a licensed version. Please visit https://luckypennysoftware.com to obtain a valid license.
2025-09-18 22:27:58.324 +06:00 [ERR] Failed executing DbCommand (37ms) [Parameters=[@p0='?' (Size = 4000), @p1='?' (Size = 4000), @p2='?' (Size = 4000)], CommandType='"Text"', CommandTimeout='30']
EXEC sp_AddUser @p0, @p1, @p2
2025-09-18 22:27:58.484 +06:00 [ERR] Failed to add User
Microsoft.Data.SqlClient.SqlException (0x80131904): 'string' is not a valid login or you do not have permission.
   at Microsoft.Data.SqlClient.SqlConnection.OnError(SqlException exception, Boolean breakConnection, Action`1 wrapCloseInAction)
   at Microsoft.Data.SqlClient.SqlInternalConnection.OnError(SqlException exception, Boolean breakConnection, Action`1 wrapCloseInAction)
   at Microsoft.Data.SqlClient.TdsParser.ThrowExceptionAndWarning(TdsParserStateObject stateObj, SqlCommand command, Boolean callerHasConnectionLock, Boolean asyncClose)
   at Microsoft.Data.SqlClient.TdsParser.TryRun(RunBehavior runBehavior, SqlCommand cmdHandler, SqlDataReader dataStream, BulkCopySimpleResultSet bulkCopyHandler, TdsParserStateObject stateObj, Boolean& dataReady)
   at Microsoft.Data.SqlClient.SqlCommand.FinishExecuteReader(SqlDataReader ds, RunBehavior runBehavior, String resetOptionsString, Boolean isInternal, Boolean forDescribeParameterEncryption, Boolean shouldCacheForAlwaysEncrypted)
   at Microsoft.Data.SqlClient.SqlCommand.CompleteAsyncExecuteReader(Boolean isInternal, Boolean forDescribeParameterEncryption)
   at Microsoft.Data.SqlClient.SqlCommand.InternalEndExecuteNonQuery(IAsyncResult asyncResult, Boolean isInternal, String endMethod)
   at Microsoft.Data.SqlClient.SqlCommand.EndExecuteNonQueryInternal(IAsyncResult asyncResult)
   at Microsoft.Data.SqlClient.SqlCommand.EndExecuteNonQueryAsync(IAsyncResult asyncResult)
   at Microsoft.Data.SqlClient.SqlCommand.<>c.<InternalExecuteNonQueryAsync>b__193_1(IAsyncResult asyncResult)
   at System.Threading.Tasks.TaskFactory`1.FromAsyncCoreLogic(IAsyncResult iar, Func`2 endFunction, Action`1 endAction, Task`1 promise, Boolean requiresSynchronization)
--- End of stack trace from previous location ---
   at Microsoft.EntityFrameworkCore.Storage.RelationalCommand.ExecuteNonQueryAsync(RelationalCommandParameterObject parameterObject, CancellationToken cancellationToken)
   at Microsoft.EntityFrameworkCore.Storage.RelationalCommand.ExecuteNonQueryAsync(RelationalCommandParameterObject parameterObject, CancellationToken cancellationToken)
   at Microsoft.EntityFrameworkCore.Storage.RelationalCommand.ExecuteNonQueryAsync(RelationalCommandParameterObject parameterObject, CancellationToken cancellationToken)
   at Microsoft.EntityFrameworkCore.RelationalDatabaseFacadeExtensions.ExecuteSqlRawAsync(DatabaseFacade databaseFacade, String sql, IEnumerable`1 parameters, CancellationToken cancellationToken)
   at UserManagementSystem.Infrastructure.Repositories.BaseRepository`1.CreateAsync(T entity) in D:\.Net Alamin\CRUD User\User-Management-System\src\UserManagementSystem\UserManagementSystem.Infrastructure\Repositories\BaseRepository.cs:line 54
   at UserManagementSystem.Application.Features.Users.Commands.UserAddCommandHandler.Handle(UserAddCommand request, CancellationToken cancellationToken) in D:\.Net Alamin\CRUD User\User-Management-System\src\UserManagementSystem\UserManagementSystem.Application\Features\Users\Commands\UserAddCommandHandler.cs:line 28
   at UserManagementSystem.Api.Controllers.UsersController.AddUser(UserAddCommand userAddCommand) in D:\.Net Alamin\CRUD User\User-Management-System\src\UserManagementSystem\UserManagementSystem.Api\Controllers\UsersController.cs:line 43
ClientConnectionId:2218ca11-66f8-437b-8605-3ee6f856fe76
Error Number:15007,State:1,Class:16
2025-09-18 22:27:58.527 +06:00 [ERR] An unhandled exception has occurred while executing the request.
System.NotSupportedException: Serialization and deserialization of 'System.Reflection.MethodBase' instances is not supported. Path: $.TargetSite.
 ---> System.NotSupportedException: Serialization and deserialization of 'System.Reflection.MethodBase' instances is not supported.
   at System.Text.Json.Serialization.Converters.UnsupportedTypeConverter`1.Write(Utf8JsonWriter writer, T value, JsonSerializerOptions options)
   at System.Text.Json.Serialization.JsonConverter`1.TryWrite(Utf8JsonWriter writer, T& value, JsonSerializerOptions options, WriteStack& state)
   at System.Text.Json.Serialization.Metadata.JsonPropertyInfo`1.GetMemberAndWriteJson(Object obj, WriteStack& state, Utf8JsonWriter writer)
   at System.Text.Json.Serialization.Converters.ObjectDefaultConverter`1.OnTryWrite(Utf8JsonWriter writer, T value, JsonSerializerOptions options, WriteStack& state)
   at System.Text.Json.Serialization.JsonConverter`1.TryWrite(Utf8JsonWriter writer, T& value, JsonSerializerOptions options, WriteStack& state)
   at System.Text.Json.Serialization.JsonConverter`1.WriteCore(Utf8JsonWriter writer, T& value, JsonSerializerOptions options, WriteStack& state)
   --- End of inner exception stack trace ---
   at System.Text.Json.ThrowHelper.ThrowNotSupportedException(WriteStack& state, Exception innerException)
   at System.Text.Json.Serialization.JsonConverter`1.WriteCore(Utf8JsonWriter writer, T& value, JsonSerializerOptions options, WriteStack& state)
   at System.Text.Json.Serialization.Metadata.JsonTypeInfo`1.SerializeAsync(PipeWriter pipeWriter, T rootValue, Int32 flushThreshold, CancellationToken cancellationToken, Object rootValueBoxed)
   at System.Text.Json.Serialization.Metadata.JsonTypeInfo`1.SerializeAsync(PipeWriter pipeWriter, T rootValue, Int32 flushThreshold, CancellationToken cancellationToken, Object rootValueBoxed)
   at System.Text.Json.Serialization.Metadata.JsonTypeInfo`1.SerializeAsync(PipeWriter pipeWriter, T rootValue, Int32 flushThreshold, CancellationToken cancellationToken, Object rootValueBoxed)
   at Microsoft.AspNetCore.Mvc.Formatters.SystemTextJsonOutputFormatter.WriteResponseBodyAsync(OutputFormatterWriteContext context, Encoding selectedEncoding)
   at Microsoft.AspNetCore.Mvc.Infrastructure.ResourceInvoker.<InvokeNextResultFilterAsync>g__Awaited|30_0[TFilter,TFilterAsync](ResourceInvoker invoker, Task lastTask, State next, Scope scope, Object state, Boolean isCompleted)
   at Microsoft.AspNetCore.Mvc.Infrastructure.ResourceInvoker.Rethrow(ResultExecutedContextSealed context)
   at Microsoft.AspNetCore.Mvc.Infrastructure.ResourceInvoker.ResultNext[TFilter,TFilterAsync](State& next, Scope& scope, Object& state, Boolean& isCompleted)
   at Microsoft.AspNetCore.Mvc.Infrastructure.ResourceInvoker.InvokeResultFilters()
--- End of stack trace from previous location ---
   at Microsoft.AspNetCore.Mvc.Infrastructure.ResourceInvoker.<InvokeFilterPipelineAsync>g__Awaited|20_0(ResourceInvoker invoker, Task lastTask, State next, Scope scope, Object state, Boolean isCompleted)
   at Microsoft.AspNetCore.Mvc.Infrastructure.ResourceInvoker.<InvokeAsync>g__Awaited|17_0(ResourceInvoker invoker, Task task, IDisposable scope)
   at Microsoft.AspNetCore.Mvc.Infrastructure.ResourceInvoker.<InvokeAsync>g__Awaited|17_0(ResourceInvoker invoker, Task task, IDisposable scope)
   at Microsoft.AspNetCore.Authorization.AuthorizationMiddleware.Invoke(HttpContext context)
   at Microsoft.AspNetCore.Authentication.AuthenticationMiddleware.Invoke(HttpContext context)
   at Swashbuckle.AspNetCore.SwaggerUI.SwaggerUIMiddleware.Invoke(HttpContext httpContext)
   at Microsoft.AspNetCore.Diagnostics.DeveloperExceptionPageMiddlewareImpl.Invoke(HttpContext context)
2025-09-18 22:32:19.011 +06:00 [INF] Application Starting......
2025-09-18 22:32:20.447 +06:00 [INF] Start installing Hangfire SQL objects...
2025-09-18 22:32:20.767 +06:00 [INF] Hangfire SQL objects installed.
2025-09-18 22:32:21.127 +06:00 [INF] Starting Hangfire Server using job storage: 'SQL Server: DESKTOP-C1PAIKG\SQLEXPRESS01@UserManagementSystem'
2025-09-18 22:32:21.127 +06:00 [INF] Using the following options for SQL Server job storage: Queue poll interval: 00:00:00.
2025-09-18 22:32:21.127 +06:00 [INF] Using the following options for Hangfire Server:
    Worker count: 20
    Listening queues: 'default'
    Shutdown timeout: 00:00:15
    Schedule polling interval: 00:00:15
2025-09-18 22:32:21.142 +06:00 [DBG] Execution loop BackgroundServerProcess:148d816a has started in 10.2215 ms
2025-09-18 22:32:21.359 +06:00 [INF] Server desktop-c1paikg:8968:b5884e8f successfully announced in 212.807 ms
2025-09-18 22:32:21.422 +06:00 [DBG] Execution loop ServerHeartbeatProcess:82c5d6bf has started in 52.5936 ms
2025-09-18 22:32:21.422 +06:00 [INF] Server desktop-c1paikg:8968:b5884e8f is starting the registered dispatchers: ServerWatchdog, ServerJobCancellationWatcher, SqlServerHeartbeatProcess, ExpirationManager, CountersAggregator, Worker, DelayedJobScheduler, RecurringJobScheduler...
2025-09-18 22:32:21.455 +06:00 [DBG] Execution loop ServerWatchdog:d26c267c has started in 32.3102 ms
2025-09-18 22:32:21.468 +06:00 [DBG] Execution loop ServerJobCancellationWatcher:a9e97237 has started in 43.8563 ms
2025-09-18 22:32:21.519 +06:00 [DBG] Execution loop SqlServerHeartbeatProcess:87ca396d has started in 57.5474 ms
2025-09-18 22:32:21.519 +06:00 [INF] 2 servers were removed due to timeout
2025-09-18 22:32:21.528 +06:00 [DBG] Execution loop ExpirationManager:d88c527c has started in 8.5463 ms
2025-09-18 22:32:21.559 +06:00 [DBG] Execution loop CountersAggregator:8f6ed53c has started in 31.253 ms
2025-09-18 22:32:21.559 +06:00 [DBG] Removing outdated records from the 'AggregatedCounter' table...
2025-09-18 22:32:21.560 +06:00 [DBG] Aggregating records in 'Counter' table...
2025-09-18 22:32:21.605 +06:00 [DBG] Execution loop Worker:bcc1b2b2 has started in 76.3506 ms
2025-09-18 22:32:21.605 +06:00 [DBG] Execution loop Worker:c08f9d54 has started in 76.461 ms
2025-09-18 22:32:21.636 +06:00 [DBG] Execution loop Worker:638275c1 has started in 107.3167 ms
2025-09-18 22:32:21.639 +06:00 [DBG] Execution loop Worker:6157b13d has started in 111.0286 ms
2025-09-18 22:32:21.670 +06:00 [DBG] Execution loop Worker:2bc9907e has started in 141.1896 ms
2025-09-18 22:32:21.670 +06:00 [DBG] Execution loop Worker:5b78ea57 has started in 141.3656 ms
2025-09-18 22:32:21.678 +06:00 [DBG] Removing outdated records from the 'Job' table...
2025-09-18 22:32:21.678 +06:00 [DBG] Execution loop Worker:263ae414 has started in 146.6351 ms
2025-09-18 22:32:21.678 +06:00 [DBG] Execution loop Worker:a6d7992f has started in 149.543 ms
2025-09-18 22:32:21.717 +06:00 [DBG] Execution loop Worker:a41dbb83 has started in 188.702 ms
2025-09-18 22:32:21.717 +06:00 [DBG] Execution loop Worker:bafd65cf has started in 188.7081 ms
2025-09-18 22:32:21.723 +06:00 [DBG] Execution loop Worker:19754366 has started in 194.389 ms
2025-09-18 22:32:21.763 +06:00 [DBG] Execution loop Worker:4c424cf5 has started in 234.8254 ms
2025-09-18 22:32:21.763 +06:00 [DBG] Execution loop Worker:ce0caf22 has started in 234.844 ms
2025-09-18 22:32:21.768 +06:00 [DBG] Removing outdated records from the 'List' table...
2025-09-18 22:32:21.768 +06:00 [DBG] Execution loop Worker:0e3b968f has started in 239.3958 ms
2025-09-18 22:32:21.771 +06:00 [DBG] Execution loop Worker:9988cf62 has started in 242.376 ms
2025-09-18 22:32:21.774 +06:00 [DBG] Execution loop Worker:4a53a9b2 has started in 246.0262 ms
2025-09-18 22:32:21.812 +06:00 [DBG] Execution loop Worker:e6c80396 has started in 283.5058 ms
2025-09-18 22:32:21.842 +06:00 [DBG] Execution loop Worker:cbab916e has started in 314.0362 ms
2025-09-18 22:32:21.842 +06:00 [DBG] Execution loop Worker:c695aad9 has started in 314.1013 ms
2025-09-18 22:32:21.847 +06:00 [DBG] Execution loop Worker:72baa975 has started in 318.7693 ms
2025-09-18 22:32:21.888 +06:00 [DBG] Execution loop DelayedJobScheduler:b89eb317 has started in 40.8305 ms
2025-09-18 22:32:21.892 +06:00 [INF] Server desktop-c1paikg:8968:b5884e8f all the dispatchers started
2025-09-18 22:32:21.892 +06:00 [DBG] Execution loop RecurringJobScheduler:d4d0f0de has started in 43.9094 ms
2025-09-18 22:32:21.903 +06:00 [DBG] Removing outdated records from the 'Set' table...
2025-09-18 22:32:21.941 +06:00 [DBG] Removing outdated records from the 'Hash' table...
2025-09-18 22:32:28.597 +06:00 [WRN] You do not have a valid license key for the Lucky Penny software MediatR. This is allowed for development and testing scenarios. If you are running in production you are required to have a licensed version. Please visit https://luckypennysoftware.com to obtain a valid license.
2025-09-18 22:32:29.371 +06:00 [WRN] The query uses the 'First'/'FirstOrDefault' operator without 'OrderBy' and filter operators. This may lead to unpredictable results.
2025-09-18 22:32:29.489 +06:00 [ERR] An exception occurred while iterating over the results of a query for context type 'UserManagementSystem.Infrastructure.UserManagementSystemContext'.
System.InvalidOperationException: 'FromSql' or 'SqlQuery' was called with non-composable SQL and with a query composing over it. Consider calling 'AsEnumerable' after the method to perform the composition on the client side.
   at Microsoft.EntityFrameworkCore.Query.QuerySqlGenerator.CheckComposableSqlTrimmed(ReadOnlySpan`1 sql)
   at Microsoft.EntityFrameworkCore.SqlServer.Query.Internal.SqlServerQuerySqlGenerator.CheckComposableSqlTrimmed(ReadOnlySpan`1 sql)
   at Microsoft.EntityFrameworkCore.Query.QuerySqlGenerator.CheckComposableSql(String sql)
   at Microsoft.EntityFrameworkCore.Query.QuerySqlGenerator.VisitFromSql(FromSqlExpression fromSqlExpression)
   at Microsoft.EntityFrameworkCore.Query.SqlExpressionVisitor.VisitExtension(Expression extensionExpression)
   at Microsoft.EntityFrameworkCore.SqlServer.Query.Internal.SqlServerQuerySqlGenerator.VisitExtension(Expression extensionExpression)
   at Microsoft.EntityFrameworkCore.Query.QuerySqlGenerator.<GenerateFrom>b__51_0(TableExpressionBase e)
   at Microsoft.EntityFrameworkCore.Query.QuerySqlGenerator.GenerateList[T](IReadOnlyList`1 items, Action`1 generationAction, Action`1 joinAction)
   at Microsoft.EntityFrameworkCore.Query.QuerySqlGenerator.GenerateFrom(SelectExpression selectExpression)
   at Microsoft.EntityFrameworkCore.SqlServer.Query.Internal.SqlServerQuerySqlGenerator.GenerateFrom(SelectExpression selectExpression)
   at Microsoft.EntityFrameworkCore.Query.QuerySqlGenerator.VisitSelect(SelectExpression selectExpression)
   at Microsoft.EntityFrameworkCore.SqlServer.Query.Internal.SqlServerQuerySqlGenerator.VisitSelect(SelectExpression selectExpression)
   at Microsoft.EntityFrameworkCore.Query.QuerySqlGenerator.GenerateRootCommand(Expression queryExpression)
   at Microsoft.EntityFrameworkCore.Query.QuerySqlGenerator.GetCommand(Expression queryExpression)
   at Microsoft.EntityFrameworkCore.Query.Internal.RelationalCommandCache.GetRelationalCommandTemplate(IReadOnlyDictionary`2 parameters)
   at Microsoft.EntityFrameworkCore.Internal.RelationalCommandResolverExtensions.RentAndPopulateRelationalCommand(RelationalCommandResolver relationalCommandResolver, RelationalQueryContext queryContext)
   at Microsoft.EntityFrameworkCore.Query.Internal.SingleQueryingEnumerable`1.AsyncEnumerator.InitializeReaderAsync(AsyncEnumerator enumerator, CancellationToken cancellationToken)
   at Microsoft.EntityFrameworkCore.SqlServer.Storage.Internal.SqlServerExecutionStrategy.ExecuteAsync[TState,TResult](TState state, Func`4 operation, Func`4 verifySucceeded, CancellationToken cancellationToken)
   at Microsoft.EntityFrameworkCore.Query.Internal.SingleQueryingEnumerable`1.AsyncEnumerator.MoveNextAsync()
System.InvalidOperationException: 'FromSql' or 'SqlQuery' was called with non-composable SQL and with a query composing over it. Consider calling 'AsEnumerable' after the method to perform the composition on the client side.
   at Microsoft.EntityFrameworkCore.Query.QuerySqlGenerator.CheckComposableSqlTrimmed(ReadOnlySpan`1 sql)
   at Microsoft.EntityFrameworkCore.SqlServer.Query.Internal.SqlServerQuerySqlGenerator.CheckComposableSqlTrimmed(ReadOnlySpan`1 sql)
   at Microsoft.EntityFrameworkCore.Query.QuerySqlGenerator.CheckComposableSql(String sql)
   at Microsoft.EntityFrameworkCore.Query.QuerySqlGenerator.VisitFromSql(FromSqlExpression fromSqlExpression)
   at Microsoft.EntityFrameworkCore.Query.SqlExpressionVisitor.VisitExtension(Expression extensionExpression)
   at Microsoft.EntityFrameworkCore.SqlServer.Query.Internal.SqlServerQuerySqlGenerator.VisitExtension(Expression extensionExpression)
   at Microsoft.EntityFrameworkCore.Query.QuerySqlGenerator.<GenerateFrom>b__51_0(TableExpressionBase e)
   at Microsoft.EntityFrameworkCore.Query.QuerySqlGenerator.GenerateList[T](IReadOnlyList`1 items, Action`1 generationAction, Action`1 joinAction)
   at Microsoft.EntityFrameworkCore.Query.QuerySqlGenerator.GenerateFrom(SelectExpression selectExpression)
   at Microsoft.EntityFrameworkCore.SqlServer.Query.Internal.SqlServerQuerySqlGenerator.GenerateFrom(SelectExpression selectExpression)
   at Microsoft.EntityFrameworkCore.Query.QuerySqlGenerator.VisitSelect(SelectExpression selectExpression)
   at Microsoft.EntityFrameworkCore.SqlServer.Query.Internal.SqlServerQuerySqlGenerator.VisitSelect(SelectExpression selectExpression)
   at Microsoft.EntityFrameworkCore.Query.QuerySqlGenerator.GenerateRootCommand(Expression queryExpression)
   at Microsoft.EntityFrameworkCore.Query.QuerySqlGenerator.GetCommand(Expression queryExpression)
   at Microsoft.EntityFrameworkCore.Query.Internal.RelationalCommandCache.GetRelationalCommandTemplate(IReadOnlyDictionary`2 parameters)
   at Microsoft.EntityFrameworkCore.Internal.RelationalCommandResolverExtensions.RentAndPopulateRelationalCommand(RelationalCommandResolver relationalCommandResolver, RelationalQueryContext queryContext)
   at Microsoft.EntityFrameworkCore.Query.Internal.SingleQueryingEnumerable`1.AsyncEnumerator.InitializeReaderAsync(AsyncEnumerator enumerator, CancellationToken cancellationToken)
   at Microsoft.EntityFrameworkCore.SqlServer.Storage.Internal.SqlServerExecutionStrategy.ExecuteAsync[TState,TResult](TState state, Func`4 operation, Func`4 verifySucceeded, CancellationToken cancellationToken)
   at Microsoft.EntityFrameworkCore.Query.Internal.SingleQueryingEnumerable`1.AsyncEnumerator.MoveNextAsync()
2025-09-18 22:32:29.702 +06:00 [ERR] Failed to add User
System.InvalidOperationException: 'FromSql' or 'SqlQuery' was called with non-composable SQL and with a query composing over it. Consider calling 'AsEnumerable' after the method to perform the composition on the client side.
   at Microsoft.EntityFrameworkCore.Query.QuerySqlGenerator.CheckComposableSqlTrimmed(ReadOnlySpan`1 sql)
   at Microsoft.EntityFrameworkCore.SqlServer.Query.Internal.SqlServerQuerySqlGenerator.CheckComposableSqlTrimmed(ReadOnlySpan`1 sql)
   at Microsoft.EntityFrameworkCore.Query.QuerySqlGenerator.CheckComposableSql(String sql)
   at Microsoft.EntityFrameworkCore.Query.QuerySqlGenerator.VisitFromSql(FromSqlExpression fromSqlExpression)
   at Microsoft.EntityFrameworkCore.Query.SqlExpressionVisitor.VisitExtension(Expression extensionExpression)
   at Microsoft.EntityFrameworkCore.SqlServer.Query.Internal.SqlServerQuerySqlGenerator.VisitExtension(Expression extensionExpression)
   at Microsoft.EntityFrameworkCore.Query.QuerySqlGenerator.<GenerateFrom>b__51_0(TableExpressionBase e)
   at Microsoft.EntityFrameworkCore.Query.QuerySqlGenerator.GenerateList[T](IReadOnlyList`1 items, Action`1 generationAction, Action`1 joinAction)
   at Microsoft.EntityFrameworkCore.Query.QuerySqlGenerator.GenerateFrom(SelectExpression selectExpression)
   at Microsoft.EntityFrameworkCore.SqlServer.Query.Internal.SqlServerQuerySqlGenerator.GenerateFrom(SelectExpression selectExpression)
   at Microsoft.EntityFrameworkCore.Query.QuerySqlGenerator.VisitSelect(SelectExpression selectExpression)
   at Microsoft.EntityFrameworkCore.SqlServer.Query.Internal.SqlServerQuerySqlGenerator.VisitSelect(SelectExpression selectExpression)
   at Microsoft.EntityFrameworkCore.Query.QuerySqlGenerator.GenerateRootCommand(Expression queryExpression)
   at Microsoft.EntityFrameworkCore.Query.QuerySqlGenerator.GetCommand(Expression queryExpression)
   at Microsoft.EntityFrameworkCore.Query.Internal.RelationalCommandCache.GetRelationalCommandTemplate(IReadOnlyDictionary`2 parameters)
   at Microsoft.EntityFrameworkCore.Internal.RelationalCommandResolverExtensions.RentAndPopulateRelationalCommand(RelationalCommandResolver relationalCommandResolver, RelationalQueryContext queryContext)
   at Microsoft.EntityFrameworkCore.Query.Internal.SingleQueryingEnumerable`1.AsyncEnumerator.InitializeReaderAsync(AsyncEnumerator enumerator, CancellationToken cancellationToken)
   at Microsoft.EntityFrameworkCore.SqlServer.Storage.Internal.SqlServerExecutionStrategy.ExecuteAsync[TState,TResult](TState state, Func`4 operation, Func`4 verifySucceeded, CancellationToken cancellationToken)
   at Microsoft.EntityFrameworkCore.Query.Internal.SingleQueryingEnumerable`1.AsyncEnumerator.MoveNextAsync()
   at Microsoft.EntityFrameworkCore.Query.ShapedQueryCompilingExpressionVisitor.SingleOrDefaultAsync[TSource](IAsyncEnumerable`1 asyncEnumerable, CancellationToken cancellationToken)
   at Microsoft.EntityFrameworkCore.Query.ShapedQueryCompilingExpressionVisitor.SingleOrDefaultAsync[TSource](IAsyncEnumerable`1 asyncEnumerable, CancellationToken cancellationToken)
   at UserManagementSystem.Infrastructure.Repositories.BaseRepository`1.CreateAsync(T entity) in D:\.Net Alamin\CRUD User\User-Management-System\src\UserManagementSystem\UserManagementSystem.Infrastructure\Repositories\BaseRepository.cs:line 54
   at UserManagementSystem.Application.Features.Users.Commands.UserAddCommandHandler.Handle(UserAddCommand request, CancellationToken cancellationToken) in D:\.Net Alamin\CRUD User\User-Management-System\src\UserManagementSystem\UserManagementSystem.Application\Features\Users\Commands\UserAddCommandHandler.cs:line 28
   at UserManagementSystem.Api.Controllers.UsersController.AddUser(UserAddCommand userAddCommand) in D:\.Net Alamin\CRUD User\User-Management-System\src\UserManagementSystem\UserManagementSystem.Api\Controllers\UsersController.cs:line 43
2025-09-18 22:32:29.718 +06:00 [ERR] An unhandled exception has occurred while executing the request.
System.NotSupportedException: Serialization and deserialization of 'System.Reflection.MethodBase' instances is not supported. Path: $.TargetSite.
 ---> System.NotSupportedException: Serialization and deserialization of 'System.Reflection.MethodBase' instances is not supported.
   at System.Text.Json.Serialization.Converters.UnsupportedTypeConverter`1.Write(Utf8JsonWriter writer, T value, JsonSerializerOptions options)
   at System.Text.Json.Serialization.JsonConverter`1.TryWrite(Utf8JsonWriter writer, T& value, JsonSerializerOptions options, WriteStack& state)
   at System.Text.Json.Serialization.Metadata.JsonPropertyInfo`1.GetMemberAndWriteJson(Object obj, WriteStack& state, Utf8JsonWriter writer)
   at System.Text.Json.Serialization.Converters.ObjectDefaultConverter`1.OnTryWrite(Utf8JsonWriter writer, T value, JsonSerializerOptions options, WriteStack& state)
   at System.Text.Json.Serialization.JsonConverter`1.TryWrite(Utf8JsonWriter writer, T& value, JsonSerializerOptions options, WriteStack& state)
   at System.Text.Json.Serialization.JsonConverter`1.WriteCore(Utf8JsonWriter writer, T& value, JsonSerializerOptions options, WriteStack& state)
   --- End of inner exception stack trace ---
   at System.Text.Json.ThrowHelper.ThrowNotSupportedException(WriteStack& state, Exception innerException)
   at System.Text.Json.Serialization.JsonConverter`1.WriteCore(Utf8JsonWriter writer, T& value, JsonSerializerOptions options, WriteStack& state)
   at System.Text.Json.Serialization.Metadata.JsonTypeInfo`1.SerializeAsync(PipeWriter pipeWriter, T rootValue, Int32 flushThreshold, CancellationToken cancellationToken, Object rootValueBoxed)
   at System.Text.Json.Serialization.Metadata.JsonTypeInfo`1.SerializeAsync(PipeWriter pipeWriter, T rootValue, Int32 flushThreshold, CancellationToken cancellationToken, Object rootValueBoxed)
   at System.Text.Json.Serialization.Metadata.JsonTypeInfo`1.SerializeAsync(PipeWriter pipeWriter, T rootValue, Int32 flushThreshold, CancellationToken cancellationToken, Object rootValueBoxed)
   at Microsoft.AspNetCore.Mvc.Formatters.SystemTextJsonOutputFormatter.WriteResponseBodyAsync(OutputFormatterWriteContext context, Encoding selectedEncoding)
   at Microsoft.AspNetCore.Mvc.Infrastructure.ResourceInvoker.<InvokeNextResultFilterAsync>g__Awaited|30_0[TFilter,TFilterAsync](ResourceInvoker invoker, Task lastTask, State next, Scope scope, Object state, Boolean isCompleted)
   at Microsoft.AspNetCore.Mvc.Infrastructure.ResourceInvoker.Rethrow(ResultExecutedContextSealed context)
   at Microsoft.AspNetCore.Mvc.Infrastructure.ResourceInvoker.ResultNext[TFilter,TFilterAsync](State& next, Scope& scope, Object& state, Boolean& isCompleted)
   at Microsoft.AspNetCore.Mvc.Infrastructure.ResourceInvoker.InvokeResultFilters()
--- End of stack trace from previous location ---
   at Microsoft.AspNetCore.Mvc.Infrastructure.ResourceInvoker.<InvokeFilterPipelineAsync>g__Awaited|20_0(ResourceInvoker invoker, Task lastTask, State next, Scope scope, Object state, Boolean isCompleted)
   at Microsoft.AspNetCore.Mvc.Infrastructure.ResourceInvoker.<InvokeAsync>g__Awaited|17_0(ResourceInvoker invoker, Task task, IDisposable scope)
   at Microsoft.AspNetCore.Mvc.Infrastructure.ResourceInvoker.<InvokeAsync>g__Awaited|17_0(ResourceInvoker invoker, Task task, IDisposable scope)
   at Microsoft.AspNetCore.Authorization.AuthorizationMiddleware.Invoke(HttpContext context)
   at Microsoft.AspNetCore.Authentication.AuthenticationMiddleware.Invoke(HttpContext context)
   at Swashbuckle.AspNetCore.SwaggerUI.SwaggerUIMiddleware.Invoke(HttpContext httpContext)
   at Microsoft.AspNetCore.Diagnostics.DeveloperExceptionPageMiddlewareImpl.Invoke(HttpContext context)
2025-09-18 22:32:51.573 +06:00 [DBG] Server desktop-c1paikg:8968:b5884e8f heartbeat successfully sent
2025-09-18 22:33:21.587 +06:00 [DBG] Server desktop-c1paikg:8968:b5884e8f heartbeat successfully sent
2025-09-18 22:33:51.612 +06:00 [DBG] Server desktop-c1paikg:8968:b5884e8f heartbeat successfully sent
2025-09-18 22:34:21.625 +06:00 [DBG] Server desktop-c1paikg:8968:b5884e8f heartbeat successfully sent
2025-09-18 22:34:51.644 +06:00 [DBG] Server desktop-c1paikg:8968:b5884e8f heartbeat successfully sent
2025-09-18 22:35:21.663 +06:00 [DBG] Server desktop-c1paikg:8968:b5884e8f heartbeat successfully sent
2025-09-18 22:35:34.667 +06:00 [INF] Application Starting......
2025-09-18 22:35:35.817 +06:00 [INF] Start installing Hangfire SQL objects...
2025-09-18 22:35:36.250 +06:00 [INF] Hangfire SQL objects installed.
2025-09-18 22:35:36.630 +06:00 [INF] Starting Hangfire Server using job storage: 'SQL Server: DESKTOP-C1PAIKG\SQLEXPRESS01@UserManagementSystem'
2025-09-18 22:35:36.630 +06:00 [INF] Using the following options for SQL Server job storage: Queue poll interval: 00:00:00.
2025-09-18 22:35:36.630 +06:00 [INF] Using the following options for Hangfire Server:
    Worker count: 20
    Listening queues: 'default'
    Shutdown timeout: 00:00:15
    Schedule polling interval: 00:00:15
2025-09-18 22:35:36.644 +06:00 [DBG] Execution loop BackgroundServerProcess:3868b011 has started in 8.8094 ms
2025-09-18 22:35:36.748 +06:00 [INF] Server desktop-c1paikg:16724:a55dd80a successfully announced in 102.1721 ms
2025-09-18 22:35:36.752 +06:00 [DBG] Execution loop ServerHeartbeatProcess:c00edf49 has started in 3.3763 ms
2025-09-18 22:35:36.752 +06:00 [INF] Server desktop-c1paikg:16724:a55dd80a is starting the registered dispatchers: ServerWatchdog, ServerJobCancellationWatcher, SqlServerHeartbeatProcess, ExpirationManager, CountersAggregator, Worker, DelayedJobScheduler, RecurringJobScheduler...
2025-09-18 22:35:36.784 +06:00 [DBG] Execution loop ServerJobCancellationWatcher:fba8f433 has started in 31.3752 ms
2025-09-18 22:35:36.784 +06:00 [DBG] Execution loop ServerWatchdog:2284c596 has started in 31.7281 ms
2025-09-18 22:35:36.787 +06:00 [DBG] Execution loop SqlServerHeartbeatProcess:5f60807a has started in 31.6142 ms
2025-09-18 22:35:36.789 +06:00 [DBG] Execution loop ExpirationManager:f84bb599 has started in 5.0987 ms
2025-09-18 22:35:36.815 +06:00 [DBG] Execution loop CountersAggregator:592bf69f has started in 27.6434 ms
2025-09-18 22:35:36.816 +06:00 [DBG] Aggregating records in 'Counter' table...
2025-09-18 22:35:36.819 +06:00 [DBG] Execution loop Worker:cf218b05 has started in 29.7991 ms
2025-09-18 22:35:36.819 +06:00 [DBG] Removing outdated records from the 'AggregatedCounter' table...
2025-09-18 22:35:36.848 +06:00 [DBG] Execution loop Worker:5eeab540 has started in 58.866 ms
2025-09-18 22:35:36.849 +06:00 [DBG] Execution loop Worker:e369f651 has started in 59.4292 ms
2025-09-18 22:35:36.853 +06:00 [DBG] Execution loop Worker:2673e134 has started in 63.1804 ms
2025-09-18 22:35:36.895 +06:00 [INF] 1 servers were removed due to timeout
2025-09-18 22:35:36.895 +06:00 [DBG] Execution loop Worker:005ad4a5 has started in 105.7309 ms
2025-09-18 22:35:36.895 +06:00 [DBG] Execution loop Worker:38ae3025 has started in 106.0557 ms
2025-09-18 22:35:36.901 +06:00 [DBG] Execution loop Worker:018d8a41 has started in 111.6604 ms
2025-09-18 22:35:36.934 +06:00 [DBG] Execution loop Worker:700b926b has started in 144.6875 ms
2025-09-18 22:35:36.942 +06:00 [DBG] Execution loop Worker:6685434f has started in 152.6129 ms
2025-09-18 22:35:36.988 +06:00 [DBG] Execution loop Worker:15f7a784 has started in 198.3993 ms
2025-09-18 22:35:36.999 +06:00 [DBG] Execution loop Worker:34d83488 has started in 209.833 ms
2025-09-18 22:35:37.025 +06:00 [DBG] Removing outdated records from the 'Job' table...
2025-09-18 22:35:37.059 +06:00 [DBG] Execution loop Worker:cf7612bf has started in 269.4105 ms
2025-09-18 22:35:37.101 +06:00 [DBG] Execution loop Worker:498c0b37 has started in 312.0604 ms
2025-09-18 22:35:37.111 +06:00 [DBG] Execution loop Worker:3d13f232 has started in 321.3552 ms
2025-09-18 22:35:37.118 +06:00 [DBG] Removing outdated records from the 'List' table...
2025-09-18 22:35:37.118 +06:00 [DBG] Execution loop Worker:11b5acb9 has started in 329.1031 ms
2025-09-18 22:35:37.124 +06:00 [DBG] Execution loop Worker:d797704d has started in 334.2522 ms
2025-09-18 22:35:37.140 +06:00 [DBG] Execution loop Worker:e0334152 has started in 350.5339 ms
2025-09-18 22:35:37.145 +06:00 [DBG] Removing outdated records from the 'Set' table...
2025-09-18 22:35:37.145 +06:00 [DBG] Execution loop Worker:b3e4bf1b has started in 355.6588 ms
2025-09-18 22:35:37.176 +06:00 [DBG] Execution loop Worker:a726e2af has started in 386.2273 ms
2025-09-18 22:35:37.177 +06:00 [DBG] Removing outdated records from the 'Hash' table...
2025-09-18 22:35:37.184 +06:00 [DBG] Execution loop Worker:62bbc4f2 has started in 394.8278 ms
2025-09-18 22:35:37.228 +06:00 [DBG] Execution loop DelayedJobScheduler:dc751706 has started in 44.1055 ms
2025-09-18 22:35:37.238 +06:00 [INF] Server desktop-c1paikg:16724:a55dd80a all the dispatchers started
2025-09-18 22:35:37.238 +06:00 [DBG] Execution loop RecurringJobScheduler:917e24a3 has started in 53.9526 ms
2025-09-18 22:35:45.483 +06:00 [WRN] You do not have a valid license key for the Lucky Penny software MediatR. This is allowed for development and testing scenarios. If you are running in production you are required to have a licensed version. Please visit https://luckypennysoftware.com to obtain a valid license.
2025-09-18 22:35:46.350 +06:00 [ERR] Failed executing DbCommand (22ms) [Parameters=[p0='?' (Size = 4000), p1='?' (Size = 4000), p2='?' (Size = 4000)], CommandType='"Text"', CommandTimeout='30']
EXEC sp_AddUser @p0, @p1, @p2
2025-09-18 22:35:46.361 +06:00 [ERR] An exception occurred while iterating over the results of a query for context type 'UserManagementSystem.Infrastructure.UserManagementSystemContext'.
Microsoft.Data.SqlClient.SqlException (0x80131904): 'string' is not a valid login or you do not have permission.
   at Microsoft.Data.SqlClient.SqlConnection.OnError(SqlException exception, Boolean breakConnection, Action`1 wrapCloseInAction)
   at Microsoft.Data.SqlClient.SqlInternalConnection.OnError(SqlException exception, Boolean breakConnection, Action`1 wrapCloseInAction)
   at Microsoft.Data.SqlClient.TdsParser.ThrowExceptionAndWarning(TdsParserStateObject stateObj, SqlCommand command, Boolean callerHasConnectionLock, Boolean asyncClose)
   at Microsoft.Data.SqlClient.TdsParser.TryRun(RunBehavior runBehavior, SqlCommand cmdHandler, SqlDataReader dataStream, BulkCopySimpleResultSet bulkCopyHandler, TdsParserStateObject stateObj, Boolean& dataReady)
   at Microsoft.Data.SqlClient.SqlDataReader.TryConsumeMetaData()
   at Microsoft.Data.SqlClient.SqlDataReader.get_MetaData()
   at Microsoft.Data.SqlClient.SqlCommand.FinishExecuteReader(SqlDataReader ds, RunBehavior runBehavior, String resetOptionsString, Boolean isInternal, Boolean forDescribeParameterEncryption, Boolean shouldCacheForAlwaysEncrypted)
   at Microsoft.Data.SqlClient.SqlCommand.RunExecuteReaderTds(CommandBehavior cmdBehavior, RunBehavior runBehavior, Boolean returnStream, Boolean isAsync, Int32 timeout, Task& task, Boolean asyncWrite, Boolean inRetry, SqlDataReader ds, Boolean describeParameterEncryptionRequest)
   at Microsoft.Data.SqlClient.SqlCommand.RunExecuteReader(CommandBehavior cmdBehavior, RunBehavior runBehavior, Boolean returnStream, TaskCompletionSource`1 completion, Int32 timeout, Task& task, Boolean& usedCache, Boolean asyncWrite, Boolean inRetry, String method)
   at Microsoft.Data.SqlClient.SqlCommand.RunExecuteReader(CommandBehavior cmdBehavior, RunBehavior runBehavior, Boolean returnStream, String method)
   at Microsoft.Data.SqlClient.SqlCommand.ExecuteReader(CommandBehavior behavior)
   at Microsoft.Data.SqlClient.SqlCommand.ExecuteDbDataReader(CommandBehavior behavior)
   at Microsoft.EntityFrameworkCore.Storage.RelationalCommand.ExecuteReader(RelationalCommandParameterObject parameterObject)
   at Microsoft.EntityFrameworkCore.Query.Internal.FromSqlQueryingEnumerable`1.Enumerator.InitializeReader(Enumerator enumerator)
   at Microsoft.EntityFrameworkCore.Query.Internal.FromSqlQueryingEnumerable`1.Enumerator.<>c.<MoveNext>b__21_0(DbContext _, Enumerator enumerator)
   at Microsoft.EntityFrameworkCore.SqlServer.Storage.Internal.SqlServerExecutionStrategy.Execute[TState,TResult](TState state, Func`3 operation, Func`3 verifySucceeded)
   at Microsoft.EntityFrameworkCore.Query.Internal.FromSqlQueryingEnumerable`1.Enumerator.MoveNext()
ClientConnectionId:573823ea-6454-49a7-a38f-af0d9c4917e4
Error Number:15007,State:1,Class:16
Microsoft.Data.SqlClient.SqlException (0x80131904): 'string' is not a valid login or you do not have permission.
   at Microsoft.Data.SqlClient.SqlConnection.OnError(SqlException exception, Boolean breakConnection, Action`1 wrapCloseInAction)
   at Microsoft.Data.SqlClient.SqlInternalConnection.OnError(SqlException exception, Boolean breakConnection, Action`1 wrapCloseInAction)
   at Microsoft.Data.SqlClient.TdsParser.ThrowExceptionAndWarning(TdsParserStateObject stateObj, SqlCommand command, Boolean callerHasConnectionLock, Boolean asyncClose)
   at Microsoft.Data.SqlClient.TdsParser.TryRun(RunBehavior runBehavior, SqlCommand cmdHandler, SqlDataReader dataStream, BulkCopySimpleResultSet bulkCopyHandler, TdsParserStateObject stateObj, Boolean& dataReady)
   at Microsoft.Data.SqlClient.SqlDataReader.TryConsumeMetaData()
   at Microsoft.Data.SqlClient.SqlDataReader.get_MetaData()
   at Microsoft.Data.SqlClient.SqlCommand.FinishExecuteReader(SqlDataReader ds, RunBehavior runBehavior, String resetOptionsString, Boolean isInternal, Boolean forDescribeParameterEncryption, Boolean shouldCacheForAlwaysEncrypted)
   at Microsoft.Data.SqlClient.SqlCommand.RunExecuteReaderTds(CommandBehavior cmdBehavior, RunBehavior runBehavior, Boolean returnStream, Boolean isAsync, Int32 timeout, Task& task, Boolean asyncWrite, Boolean inRetry, SqlDataReader ds, Boolean describeParameterEncryptionRequest)
   at Microsoft.Data.SqlClient.SqlCommand.RunExecuteReader(CommandBehavior cmdBehavior, RunBehavior runBehavior, Boolean returnStream, TaskCompletionSource`1 completion, Int32 timeout, Task& task, Boolean& usedCache, Boolean asyncWrite, Boolean inRetry, String method)
   at Microsoft.Data.SqlClient.SqlCommand.RunExecuteReader(CommandBehavior cmdBehavior, RunBehavior runBehavior, Boolean returnStream, String method)
   at Microsoft.Data.SqlClient.SqlCommand.ExecuteReader(CommandBehavior behavior)
   at Microsoft.Data.SqlClient.SqlCommand.ExecuteDbDataReader(CommandBehavior behavior)
   at Microsoft.EntityFrameworkCore.Storage.RelationalCommand.ExecuteReader(RelationalCommandParameterObject parameterObject)
   at Microsoft.EntityFrameworkCore.Query.Internal.FromSqlQueryingEnumerable`1.Enumerator.InitializeReader(Enumerator enumerator)
   at Microsoft.EntityFrameworkCore.Query.Internal.FromSqlQueryingEnumerable`1.Enumerator.<>c.<MoveNext>b__21_0(DbContext _, Enumerator enumerator)
   at Microsoft.EntityFrameworkCore.SqlServer.Storage.Internal.SqlServerExecutionStrategy.Execute[TState,TResult](TState state, Func`3 operation, Func`3 verifySucceeded)
   at Microsoft.EntityFrameworkCore.Query.Internal.FromSqlQueryingEnumerable`1.Enumerator.MoveNext()
ClientConnectionId:573823ea-6454-49a7-a38f-af0d9c4917e4
Error Number:15007,State:1,Class:16
2025-09-18 22:35:46.570 +06:00 [ERR] Failed to add User
Microsoft.Data.SqlClient.SqlException (0x80131904): 'string' is not a valid login or you do not have permission.
   at Microsoft.Data.SqlClient.SqlConnection.OnError(SqlException exception, Boolean breakConnection, Action`1 wrapCloseInAction)
   at Microsoft.Data.SqlClient.SqlInternalConnection.OnError(SqlException exception, Boolean breakConnection, Action`1 wrapCloseInAction)
   at Microsoft.Data.SqlClient.TdsParser.ThrowExceptionAndWarning(TdsParserStateObject stateObj, SqlCommand command, Boolean callerHasConnectionLock, Boolean asyncClose)
   at Microsoft.Data.SqlClient.TdsParser.TryRun(RunBehavior runBehavior, SqlCommand cmdHandler, SqlDataReader dataStream, BulkCopySimpleResultSet bulkCopyHandler, TdsParserStateObject stateObj, Boolean& dataReady)
   at Microsoft.Data.SqlClient.SqlDataReader.TryConsumeMetaData()
   at Microsoft.Data.SqlClient.SqlDataReader.get_MetaData()
   at Microsoft.Data.SqlClient.SqlCommand.FinishExecuteReader(SqlDataReader ds, RunBehavior runBehavior, String resetOptionsString, Boolean isInternal, Boolean forDescribeParameterEncryption, Boolean shouldCacheForAlwaysEncrypted)
   at Microsoft.Data.SqlClient.SqlCommand.RunExecuteReaderTds(CommandBehavior cmdBehavior, RunBehavior runBehavior, Boolean returnStream, Boolean isAsync, Int32 timeout, Task& task, Boolean asyncWrite, Boolean inRetry, SqlDataReader ds, Boolean describeParameterEncryptionRequest)
   at Microsoft.Data.SqlClient.SqlCommand.RunExecuteReader(CommandBehavior cmdBehavior, RunBehavior runBehavior, Boolean returnStream, TaskCompletionSource`1 completion, Int32 timeout, Task& task, Boolean& usedCache, Boolean asyncWrite, Boolean inRetry, String method)
   at Microsoft.Data.SqlClient.SqlCommand.RunExecuteReader(CommandBehavior cmdBehavior, RunBehavior runBehavior, Boolean returnStream, String method)
   at Microsoft.Data.SqlClient.SqlCommand.ExecuteReader(CommandBehavior behavior)
   at Microsoft.Data.SqlClient.SqlCommand.ExecuteDbDataReader(CommandBehavior behavior)
   at Microsoft.EntityFrameworkCore.Storage.RelationalCommand.ExecuteReader(RelationalCommandParameterObject parameterObject)
   at Microsoft.EntityFrameworkCore.Query.Internal.FromSqlQueryingEnumerable`1.Enumerator.InitializeReader(Enumerator enumerator)
   at Microsoft.EntityFrameworkCore.Query.Internal.FromSqlQueryingEnumerable`1.Enumerator.<>c.<MoveNext>b__21_0(DbContext _, Enumerator enumerator)
   at Microsoft.EntityFrameworkCore.SqlServer.Storage.Internal.SqlServerExecutionStrategy.Execute[TState,TResult](TState state, Func`3 operation, Func`3 verifySucceeded)
   at Microsoft.EntityFrameworkCore.Query.Internal.FromSqlQueryingEnumerable`1.Enumerator.MoveNext()
   at System.Linq.Enumerable.TryGetFirstNonIterator[TSource](IEnumerable`1 source, Boolean& found)
   at System.Linq.Enumerable.FirstOrDefault[TSource](IEnumerable`1 source)
   at UserManagementSystem.Infrastructure.Repositories.BaseRepository`1.CreateAsync(T entity) in D:\.Net Alamin\CRUD User\User-Management-System\src\UserManagementSystem\UserManagementSystem.Infrastructure\Repositories\BaseRepository.cs:line 53
   at UserManagementSystem.Application.Features.Users.Commands.UserAddCommandHandler.Handle(UserAddCommand request, CancellationToken cancellationToken) in D:\.Net Alamin\CRUD User\User-Management-System\src\UserManagementSystem\UserManagementSystem.Application\Features\Users\Commands\UserAddCommandHandler.cs:line 28
   at UserManagementSystem.Api.Controllers.UsersController.AddUser(UserAddCommand userAddCommand) in D:\.Net Alamin\CRUD User\User-Management-System\src\UserManagementSystem\UserManagementSystem.Api\Controllers\UsersController.cs:line 43
ClientConnectionId:573823ea-6454-49a7-a38f-af0d9c4917e4
Error Number:15007,State:1,Class:16
2025-09-18 22:35:46.612 +06:00 [ERR] An unhandled exception has occurred while executing the request.
System.NotSupportedException: Serialization and deserialization of 'System.Reflection.MethodBase' instances is not supported. Path: $.TargetSite.
 ---> System.NotSupportedException: Serialization and deserialization of 'System.Reflection.MethodBase' instances is not supported.
   at System.Text.Json.Serialization.Converters.UnsupportedTypeConverter`1.Write(Utf8JsonWriter writer, T value, JsonSerializerOptions options)
   at System.Text.Json.Serialization.JsonConverter`1.TryWrite(Utf8JsonWriter writer, T& value, JsonSerializerOptions options, WriteStack& state)
   at System.Text.Json.Serialization.Metadata.JsonPropertyInfo`1.GetMemberAndWriteJson(Object obj, WriteStack& state, Utf8JsonWriter writer)
   at System.Text.Json.Serialization.Converters.ObjectDefaultConverter`1.OnTryWrite(Utf8JsonWriter writer, T value, JsonSerializerOptions options, WriteStack& state)
   at System.Text.Json.Serialization.JsonConverter`1.TryWrite(Utf8JsonWriter writer, T& value, JsonSerializerOptions options, WriteStack& state)
   at System.Text.Json.Serialization.JsonConverter`1.WriteCore(Utf8JsonWriter writer, T& value, JsonSerializerOptions options, WriteStack& state)
   --- End of inner exception stack trace ---
   at System.Text.Json.ThrowHelper.ThrowNotSupportedException(WriteStack& state, Exception innerException)
   at System.Text.Json.Serialization.JsonConverter`1.WriteCore(Utf8JsonWriter writer, T& value, JsonSerializerOptions options, WriteStack& state)
   at System.Text.Json.Serialization.Metadata.JsonTypeInfo`1.SerializeAsync(PipeWriter pipeWriter, T rootValue, Int32 flushThreshold, CancellationToken cancellationToken, Object rootValueBoxed)
   at System.Text.Json.Serialization.Metadata.JsonTypeInfo`1.SerializeAsync(PipeWriter pipeWriter, T rootValue, Int32 flushThreshold, CancellationToken cancellationToken, Object rootValueBoxed)
   at System.Text.Json.Serialization.Metadata.JsonTypeInfo`1.SerializeAsync(PipeWriter pipeWriter, T rootValue, Int32 flushThreshold, CancellationToken cancellationToken, Object rootValueBoxed)
   at Microsoft.AspNetCore.Mvc.Formatters.SystemTextJsonOutputFormatter.WriteResponseBodyAsync(OutputFormatterWriteContext context, Encoding selectedEncoding)
   at Microsoft.AspNetCore.Mvc.Infrastructure.ResourceInvoker.<InvokeNextResultFilterAsync>g__Awaited|30_0[TFilter,TFilterAsync](ResourceInvoker invoker, Task lastTask, State next, Scope scope, Object state, Boolean isCompleted)
   at Microsoft.AspNetCore.Mvc.Infrastructure.ResourceInvoker.Rethrow(ResultExecutedContextSealed context)
   at Microsoft.AspNetCore.Mvc.Infrastructure.ResourceInvoker.ResultNext[TFilter,TFilterAsync](State& next, Scope& scope, Object& state, Boolean& isCompleted)
   at Microsoft.AspNetCore.Mvc.Infrastructure.ResourceInvoker.InvokeResultFilters()
--- End of stack trace from previous location ---
   at Microsoft.AspNetCore.Mvc.Infrastructure.ResourceInvoker.<InvokeFilterPipelineAsync>g__Awaited|20_0(ResourceInvoker invoker, Task lastTask, State next, Scope scope, Object state, Boolean isCompleted)
   at Microsoft.AspNetCore.Mvc.Infrastructure.ResourceInvoker.<InvokeAsync>g__Awaited|17_0(ResourceInvoker invoker, Task task, IDisposable scope)
   at Microsoft.AspNetCore.Mvc.Infrastructure.ResourceInvoker.<InvokeAsync>g__Awaited|17_0(ResourceInvoker invoker, Task task, IDisposable scope)
   at Microsoft.AspNetCore.Authorization.AuthorizationMiddleware.Invoke(HttpContext context)
   at Microsoft.AspNetCore.Authentication.AuthenticationMiddleware.Invoke(HttpContext context)
   at Swashbuckle.AspNetCore.SwaggerUI.SwaggerUIMiddleware.Invoke(HttpContext httpContext)
   at Microsoft.AspNetCore.Diagnostics.DeveloperExceptionPageMiddlewareImpl.Invoke(HttpContext context)
2025-09-18 22:36:06.992 +06:00 [DBG] Server desktop-c1paikg:16724:a55dd80a heartbeat successfully sent
2025-09-18 22:36:37.012 +06:00 [DBG] Server desktop-c1paikg:16724:a55dd80a heartbeat successfully sent
2025-09-18 22:39:04.846 +06:00 [INF] Application Starting......
2025-09-18 22:39:06.026 +06:00 [INF] Start installing Hangfire SQL objects...
2025-09-18 22:39:06.384 +06:00 [INF] Hangfire SQL objects installed.
2025-09-18 22:39:06.727 +06:00 [INF] Starting Hangfire Server using job storage: 'SQL Server: DESKTOP-C1PAIKG\SQLEXPRESS01@UserManagementSystem'
2025-09-18 22:39:06.727 +06:00 [INF] Using the following options for SQL Server job storage: Queue poll interval: 00:00:00.
2025-09-18 22:39:06.728 +06:00 [INF] Using the following options for Hangfire Server:
    Worker count: 20
    Listening queues: 'default'
    Shutdown timeout: 00:00:15
    Schedule polling interval: 00:00:15
2025-09-18 22:39:06.742 +06:00 [DBG] Execution loop BackgroundServerProcess:e2be0a6c has started in 8.9697 ms
2025-09-18 22:39:06.840 +06:00 [INF] Server desktop-c1paikg:9236:518b65d4 successfully announced in 96.2247 ms
2025-09-18 22:39:06.844 +06:00 [DBG] Execution loop ServerHeartbeatProcess:c3105d27 has started in 3.4575 ms
2025-09-18 22:39:06.844 +06:00 [INF] Server desktop-c1paikg:9236:518b65d4 is starting the registered dispatchers: ServerWatchdog, ServerJobCancellationWatcher, SqlServerHeartbeatProcess, ExpirationManager, CountersAggregator, Worker, DelayedJobScheduler, RecurringJobScheduler...
2025-09-18 22:39:06.847 +06:00 [DBG] Execution loop ServerWatchdog:8f575397 has started in 2.9108 ms
2025-09-18 22:39:06.850 +06:00 [DBG] Execution loop ServerJobCancellationWatcher:39390c23 has started in 4.8418 ms
2025-09-18 22:39:06.852 +06:00 [DBG] Execution loop SqlServerHeartbeatProcess:eccd6c0c has started in 4.9291 ms
2025-09-18 22:39:06.858 +06:00 [DBG] Execution loop CountersAggregator:03f271c4 has started in 6.0587 ms
2025-09-18 22:39:06.858 +06:00 [DBG] Execution loop ExpirationManager:a1f1edf2 has started in 8.4099 ms
2025-09-18 22:39:06.861 +06:00 [DBG] Execution loop Worker:b36cd7d0 has started in 2.9365 ms
2025-09-18 22:39:06.864 +06:00 [DBG] Execution loop Worker:e219081b has started in 5.5601 ms
2025-09-18 22:39:06.866 +06:00 [DBG] Aggregating records in 'Counter' table...
2025-09-18 22:39:06.866 +06:00 [DBG] Execution loop Worker:a40eeb53 has started in 8.2498 ms
2025-09-18 22:39:06.869 +06:00 [DBG] Execution loop Worker:fb23f981 has started in 10.7222 ms
2025-09-18 22:39:06.870 +06:00 [DBG] Removing outdated records from the 'AggregatedCounter' table...
2025-09-18 22:39:06.903 +06:00 [DBG] Execution loop Worker:61a1b235 has started in 44.5794 ms
2025-09-18 22:39:06.903 +06:00 [DBG] Execution loop Worker:6d3b9ae2 has started in 44.6054 ms
2025-09-18 22:39:06.908 +06:00 [DBG] Execution loop Worker:ca50d167 has started in 48.4288 ms
2025-09-18 22:39:06.936 +06:00 [DBG] Execution loop Worker:86ba2afe has started in 77.4225 ms
2025-09-18 22:39:06.966 +06:00 [DBG] Execution loop Worker:dbd18410 has started in 107.5887 ms
2025-09-18 22:39:06.966 +06:00 [DBG] Execution loop Worker:2c145587 has started in 107.5886 ms
2025-09-18 22:39:06.969 +06:00 [DBG] Execution loop Worker:b2c4c125 has started in 110.8871 ms
2025-09-18 22:39:06.972 +06:00 [DBG] Execution loop Worker:04dd1e5c has started in 114.1686 ms
2025-09-18 22:39:07.013 +06:00 [DBG] Execution loop Worker:9a699f7b has started in 155.0112 ms
2025-09-18 22:39:07.013 +06:00 [DBG] Execution loop Worker:1e110ab5 has started in 155.0782 ms
2025-09-18 22:39:07.013 +06:00 [DBG] Execution loop Worker:20e5fefd has started in 155.0909 ms
2025-09-18 22:39:07.016 +06:00 [DBG] Execution loop Worker:0fb43b16 has started in 158.1924 ms
2025-09-18 22:39:07.043 +06:00 [DBG] Execution loop Worker:76e60d49 has started in 185.1378 ms
2025-09-18 22:39:07.044 +06:00 [DBG] Execution loop Worker:725f938c has started in 185.7644 ms
2025-09-18 22:39:07.053 +06:00 [DBG] Execution loop Worker:87fd73cc has started in 194.7531 ms
2025-09-18 22:39:07.064 +06:00 [DBG] Removing outdated records from the 'Job' table...
2025-09-18 22:39:07.065 +06:00 [DBG] Execution loop Worker:7c081879 has started in 206.9465 ms
2025-09-18 22:39:07.070 +06:00 [DBG] Execution loop DelayedJobScheduler:babf5dc9 has started in 6.1553 ms
2025-09-18 22:39:07.090 +06:00 [DBG] Execution loop RecurringJobScheduler:481bb66a has started in 24.0042 ms
2025-09-18 22:39:07.093 +06:00 [INF] Server desktop-c1paikg:9236:518b65d4 all the dispatchers started
2025-09-18 22:39:07.246 +06:00 [DBG] Removing outdated records from the 'List' table...
2025-09-18 22:39:07.253 +06:00 [DBG] Removing outdated records from the 'Set' table...
2025-09-18 22:39:07.297 +06:00 [DBG] Removing outdated records from the 'Hash' table...
2025-09-18 22:39:14.210 +06:00 [WRN] You do not have a valid license key for the Lucky Penny software MediatR. This is allowed for development and testing scenarios. If you are running in production you are required to have a licensed version. Please visit https://luckypennysoftware.com to obtain a valid license.
2025-09-18 22:39:15.085 +06:00 [ERR] Failed executing DbCommand (22ms) [Parameters=[p0='?' (Size = 4000), p1='?' (Size = 4000), p2='?' (Size = 4000)], CommandType='"Text"', CommandTimeout='30']
EXEC sp_AddUser @p0, @p1, @p2
2025-09-18 22:39:15.095 +06:00 [ERR] An exception occurred while iterating over the results of a query for context type 'UserManagementSystem.Infrastructure.UserManagementSystemContext'.
Microsoft.Data.SqlClient.SqlException (0x80131904): 'string' is not a valid login or you do not have permission.
   at Microsoft.Data.SqlClient.SqlConnection.OnError(SqlException exception, Boolean breakConnection, Action`1 wrapCloseInAction)
   at Microsoft.Data.SqlClient.SqlInternalConnection.OnError(SqlException exception, Boolean breakConnection, Action`1 wrapCloseInAction)
   at Microsoft.Data.SqlClient.TdsParser.ThrowExceptionAndWarning(TdsParserStateObject stateObj, SqlCommand command, Boolean callerHasConnectionLock, Boolean asyncClose)
   at Microsoft.Data.SqlClient.TdsParser.TryRun(RunBehavior runBehavior, SqlCommand cmdHandler, SqlDataReader dataStream, BulkCopySimpleResultSet bulkCopyHandler, TdsParserStateObject stateObj, Boolean& dataReady)
   at Microsoft.Data.SqlClient.SqlDataReader.TryConsumeMetaData()
   at Microsoft.Data.SqlClient.SqlDataReader.get_MetaData()
   at Microsoft.Data.SqlClient.SqlCommand.FinishExecuteReader(SqlDataReader ds, RunBehavior runBehavior, String resetOptionsString, Boolean isInternal, Boolean forDescribeParameterEncryption, Boolean shouldCacheForAlwaysEncrypted)
   at Microsoft.Data.SqlClient.SqlCommand.RunExecuteReaderTds(CommandBehavior cmdBehavior, RunBehavior runBehavior, Boolean returnStream, Boolean isAsync, Int32 timeout, Task& task, Boolean asyncWrite, Boolean inRetry, SqlDataReader ds, Boolean describeParameterEncryptionRequest)
   at Microsoft.Data.SqlClient.SqlCommand.RunExecuteReader(CommandBehavior cmdBehavior, RunBehavior runBehavior, Boolean returnStream, TaskCompletionSource`1 completion, Int32 timeout, Task& task, Boolean& usedCache, Boolean asyncWrite, Boolean inRetry, String method)
   at Microsoft.Data.SqlClient.SqlCommand.RunExecuteReader(CommandBehavior cmdBehavior, RunBehavior runBehavior, Boolean returnStream, String method)
   at Microsoft.Data.SqlClient.SqlCommand.ExecuteReader(CommandBehavior behavior)
   at Microsoft.Data.SqlClient.SqlCommand.ExecuteDbDataReader(CommandBehavior behavior)
   at Microsoft.EntityFrameworkCore.Storage.RelationalCommand.ExecuteReader(RelationalCommandParameterObject parameterObject)
   at Microsoft.EntityFrameworkCore.Query.Internal.FromSqlQueryingEnumerable`1.Enumerator.InitializeReader(Enumerator enumerator)
   at Microsoft.EntityFrameworkCore.Query.Internal.FromSqlQueryingEnumerable`1.Enumerator.<>c.<MoveNext>b__21_0(DbContext _, Enumerator enumerator)
   at Microsoft.EntityFrameworkCore.SqlServer.Storage.Internal.SqlServerExecutionStrategy.Execute[TState,TResult](TState state, Func`3 operation, Func`3 verifySucceeded)
   at Microsoft.EntityFrameworkCore.Query.Internal.FromSqlQueryingEnumerable`1.Enumerator.MoveNext()
ClientConnectionId:50e8683c-f2a2-4eb2-ae2e-5e4ecd04ff0a
Error Number:15007,State:1,Class:16
Microsoft.Data.SqlClient.SqlException (0x80131904): 'string' is not a valid login or you do not have permission.
   at Microsoft.Data.SqlClient.SqlConnection.OnError(SqlException exception, Boolean breakConnection, Action`1 wrapCloseInAction)
   at Microsoft.Data.SqlClient.SqlInternalConnection.OnError(SqlException exception, Boolean breakConnection, Action`1 wrapCloseInAction)
   at Microsoft.Data.SqlClient.TdsParser.ThrowExceptionAndWarning(TdsParserStateObject stateObj, SqlCommand command, Boolean callerHasConnectionLock, Boolean asyncClose)
   at Microsoft.Data.SqlClient.TdsParser.TryRun(RunBehavior runBehavior, SqlCommand cmdHandler, SqlDataReader dataStream, BulkCopySimpleResultSet bulkCopyHandler, TdsParserStateObject stateObj, Boolean& dataReady)
   at Microsoft.Data.SqlClient.SqlDataReader.TryConsumeMetaData()
   at Microsoft.Data.SqlClient.SqlDataReader.get_MetaData()
   at Microsoft.Data.SqlClient.SqlCommand.FinishExecuteReader(SqlDataReader ds, RunBehavior runBehavior, String resetOptionsString, Boolean isInternal, Boolean forDescribeParameterEncryption, Boolean shouldCacheForAlwaysEncrypted)
   at Microsoft.Data.SqlClient.SqlCommand.RunExecuteReaderTds(CommandBehavior cmdBehavior, RunBehavior runBehavior, Boolean returnStream, Boolean isAsync, Int32 timeout, Task& task, Boolean asyncWrite, Boolean inRetry, SqlDataReader ds, Boolean describeParameterEncryptionRequest)
   at Microsoft.Data.SqlClient.SqlCommand.RunExecuteReader(CommandBehavior cmdBehavior, RunBehavior runBehavior, Boolean returnStream, TaskCompletionSource`1 completion, Int32 timeout, Task& task, Boolean& usedCache, Boolean asyncWrite, Boolean inRetry, String method)
   at Microsoft.Data.SqlClient.SqlCommand.RunExecuteReader(CommandBehavior cmdBehavior, RunBehavior runBehavior, Boolean returnStream, String method)
   at Microsoft.Data.SqlClient.SqlCommand.ExecuteReader(CommandBehavior behavior)
   at Microsoft.Data.SqlClient.SqlCommand.ExecuteDbDataReader(CommandBehavior behavior)
   at Microsoft.EntityFrameworkCore.Storage.RelationalCommand.ExecuteReader(RelationalCommandParameterObject parameterObject)
   at Microsoft.EntityFrameworkCore.Query.Internal.FromSqlQueryingEnumerable`1.Enumerator.InitializeReader(Enumerator enumerator)
   at Microsoft.EntityFrameworkCore.Query.Internal.FromSqlQueryingEnumerable`1.Enumerator.<>c.<MoveNext>b__21_0(DbContext _, Enumerator enumerator)
   at Microsoft.EntityFrameworkCore.SqlServer.Storage.Internal.SqlServerExecutionStrategy.Execute[TState,TResult](TState state, Func`3 operation, Func`3 verifySucceeded)
   at Microsoft.EntityFrameworkCore.Query.Internal.FromSqlQueryingEnumerable`1.Enumerator.MoveNext()
ClientConnectionId:50e8683c-f2a2-4eb2-ae2e-5e4ecd04ff0a
Error Number:15007,State:1,Class:16
2025-09-18 22:39:15.331 +06:00 [ERR] Failed to add User
Microsoft.Data.SqlClient.SqlException (0x80131904): 'string' is not a valid login or you do not have permission.
   at Microsoft.Data.SqlClient.SqlConnection.OnError(SqlException exception, Boolean breakConnection, Action`1 wrapCloseInAction)
   at Microsoft.Data.SqlClient.SqlInternalConnection.OnError(SqlException exception, Boolean breakConnection, Action`1 wrapCloseInAction)
   at Microsoft.Data.SqlClient.TdsParser.ThrowExceptionAndWarning(TdsParserStateObject stateObj, SqlCommand command, Boolean callerHasConnectionLock, Boolean asyncClose)
   at Microsoft.Data.SqlClient.TdsParser.TryRun(RunBehavior runBehavior, SqlCommand cmdHandler, SqlDataReader dataStream, BulkCopySimpleResultSet bulkCopyHandler, TdsParserStateObject stateObj, Boolean& dataReady)
   at Microsoft.Data.SqlClient.SqlDataReader.TryConsumeMetaData()
   at Microsoft.Data.SqlClient.SqlDataReader.get_MetaData()
   at Microsoft.Data.SqlClient.SqlCommand.FinishExecuteReader(SqlDataReader ds, RunBehavior runBehavior, String resetOptionsString, Boolean isInternal, Boolean forDescribeParameterEncryption, Boolean shouldCacheForAlwaysEncrypted)
   at Microsoft.Data.SqlClient.SqlCommand.RunExecuteReaderTds(CommandBehavior cmdBehavior, RunBehavior runBehavior, Boolean returnStream, Boolean isAsync, Int32 timeout, Task& task, Boolean asyncWrite, Boolean inRetry, SqlDataReader ds, Boolean describeParameterEncryptionRequest)
   at Microsoft.Data.SqlClient.SqlCommand.RunExecuteReader(CommandBehavior cmdBehavior, RunBehavior runBehavior, Boolean returnStream, TaskCompletionSource`1 completion, Int32 timeout, Task& task, Boolean& usedCache, Boolean asyncWrite, Boolean inRetry, String method)
   at Microsoft.Data.SqlClient.SqlCommand.RunExecuteReader(CommandBehavior cmdBehavior, RunBehavior runBehavior, Boolean returnStream, String method)
   at Microsoft.Data.SqlClient.SqlCommand.ExecuteReader(CommandBehavior behavior)
   at Microsoft.Data.SqlClient.SqlCommand.ExecuteDbDataReader(CommandBehavior behavior)
   at Microsoft.EntityFrameworkCore.Storage.RelationalCommand.ExecuteReader(RelationalCommandParameterObject parameterObject)
   at Microsoft.EntityFrameworkCore.Query.Internal.FromSqlQueryingEnumerable`1.Enumerator.InitializeReader(Enumerator enumerator)
   at Microsoft.EntityFrameworkCore.Query.Internal.FromSqlQueryingEnumerable`1.Enumerator.<>c.<MoveNext>b__21_0(DbContext _, Enumerator enumerator)
   at Microsoft.EntityFrameworkCore.SqlServer.Storage.Internal.SqlServerExecutionStrategy.Execute[TState,TResult](TState state, Func`3 operation, Func`3 verifySucceeded)
   at Microsoft.EntityFrameworkCore.Query.Internal.FromSqlQueryingEnumerable`1.Enumerator.MoveNext()
   at System.Linq.Enumerable.TryGetFirstNonIterator[TSource](IEnumerable`1 source, Boolean& found)
   at System.Linq.Enumerable.FirstOrDefault[TSource](IEnumerable`1 source)
   at UserManagementSystem.Infrastructure.Repositories.BaseRepository`1.CreateAsync(T entity) in D:\.Net Alamin\CRUD User\User-Management-System\src\UserManagementSystem\UserManagementSystem.Infrastructure\Repositories\BaseRepository.cs:line 53
   at UserManagementSystem.Application.Features.Users.Commands.UserAddCommandHandler.Handle(UserAddCommand request, CancellationToken cancellationToken) in D:\.Net Alamin\CRUD User\User-Management-System\src\UserManagementSystem\UserManagementSystem.Application\Features\Users\Commands\UserAddCommandHandler.cs:line 28
   at UserManagementSystem.Api.Controllers.UsersController.AddUser(UserAddCommand userAddCommand) in D:\.Net Alamin\CRUD User\User-Management-System\src\UserManagementSystem\UserManagementSystem.Api\Controllers\UsersController.cs:line 43
ClientConnectionId:50e8683c-f2a2-4eb2-ae2e-5e4ecd04ff0a
Error Number:15007,State:1,Class:16
2025-09-18 22:39:15.373 +06:00 [ERR] An unhandled exception has occurred while executing the request.
System.NotSupportedException: Serialization and deserialization of 'System.Reflection.MethodBase' instances is not supported. Path: $.TargetSite.
 ---> System.NotSupportedException: Serialization and deserialization of 'System.Reflection.MethodBase' instances is not supported.
   at System.Text.Json.Serialization.Converters.UnsupportedTypeConverter`1.Write(Utf8JsonWriter writer, T value, JsonSerializerOptions options)
   at System.Text.Json.Serialization.JsonConverter`1.TryWrite(Utf8JsonWriter writer, T& value, JsonSerializerOptions options, WriteStack& state)
   at System.Text.Json.Serialization.Metadata.JsonPropertyInfo`1.GetMemberAndWriteJson(Object obj, WriteStack& state, Utf8JsonWriter writer)
   at System.Text.Json.Serialization.Converters.ObjectDefaultConverter`1.OnTryWrite(Utf8JsonWriter writer, T value, JsonSerializerOptions options, WriteStack& state)
   at System.Text.Json.Serialization.JsonConverter`1.TryWrite(Utf8JsonWriter writer, T& value, JsonSerializerOptions options, WriteStack& state)
   at System.Text.Json.Serialization.JsonConverter`1.WriteCore(Utf8JsonWriter writer, T& value, JsonSerializerOptions options, WriteStack& state)
   --- End of inner exception stack trace ---
   at System.Text.Json.ThrowHelper.ThrowNotSupportedException(WriteStack& state, Exception innerException)
   at System.Text.Json.Serialization.JsonConverter`1.WriteCore(Utf8JsonWriter writer, T& value, JsonSerializerOptions options, WriteStack& state)
   at System.Text.Json.Serialization.Metadata.JsonTypeInfo`1.SerializeAsync(PipeWriter pipeWriter, T rootValue, Int32 flushThreshold, CancellationToken cancellationToken, Object rootValueBoxed)
   at System.Text.Json.Serialization.Metadata.JsonTypeInfo`1.SerializeAsync(PipeWriter pipeWriter, T rootValue, Int32 flushThreshold, CancellationToken cancellationToken, Object rootValueBoxed)
   at System.Text.Json.Serialization.Metadata.JsonTypeInfo`1.SerializeAsync(PipeWriter pipeWriter, T rootValue, Int32 flushThreshold, CancellationToken cancellationToken, Object rootValueBoxed)
   at Microsoft.AspNetCore.Mvc.Formatters.SystemTextJsonOutputFormatter.WriteResponseBodyAsync(OutputFormatterWriteContext context, Encoding selectedEncoding)
   at Microsoft.AspNetCore.Mvc.Infrastructure.ResourceInvoker.<InvokeNextResultFilterAsync>g__Awaited|30_0[TFilter,TFilterAsync](ResourceInvoker invoker, Task lastTask, State next, Scope scope, Object state, Boolean isCompleted)
   at Microsoft.AspNetCore.Mvc.Infrastructure.ResourceInvoker.Rethrow(ResultExecutedContextSealed context)
   at Microsoft.AspNetCore.Mvc.Infrastructure.ResourceInvoker.ResultNext[TFilter,TFilterAsync](State& next, Scope& scope, Object& state, Boolean& isCompleted)
   at Microsoft.AspNetCore.Mvc.Infrastructure.ResourceInvoker.InvokeResultFilters()
--- End of stack trace from previous location ---
   at Microsoft.AspNetCore.Mvc.Infrastructure.ResourceInvoker.<InvokeFilterPipelineAsync>g__Awaited|20_0(ResourceInvoker invoker, Task lastTask, State next, Scope scope, Object state, Boolean isCompleted)
   at Microsoft.AspNetCore.Mvc.Infrastructure.ResourceInvoker.<InvokeAsync>g__Awaited|17_0(ResourceInvoker invoker, Task task, IDisposable scope)
   at Microsoft.AspNetCore.Mvc.Infrastructure.ResourceInvoker.<InvokeAsync>g__Awaited|17_0(ResourceInvoker invoker, Task task, IDisposable scope)
   at Microsoft.AspNetCore.Authorization.AuthorizationMiddleware.Invoke(HttpContext context)
   at Microsoft.AspNetCore.Authentication.AuthenticationMiddleware.Invoke(HttpContext context)
   at Swashbuckle.AspNetCore.SwaggerUI.SwaggerUIMiddleware.Invoke(HttpContext httpContext)
   at Microsoft.AspNetCore.Diagnostics.DeveloperExceptionPageMiddlewareImpl.Invoke(HttpContext context)
2025-09-18 22:40:59.363 +06:00 [INF] Application Starting......
2025-09-18 22:41:00.517 +06:00 [INF] Start installing Hangfire SQL objects...
2025-09-18 22:41:00.853 +06:00 [INF] Hangfire SQL objects installed.
2025-09-18 22:41:01.237 +06:00 [INF] Starting Hangfire Server using job storage: 'SQL Server: DESKTOP-C1PAIKG\SQLEXPRESS01@UserManagementSystem'
2025-09-18 22:41:01.237 +06:00 [INF] Using the following options for SQL Server job storage: Queue poll interval: 00:00:00.
2025-09-18 22:41:01.237 +06:00 [INF] Using the following options for Hangfire Server:
    Worker count: 20
    Listening queues: 'default'
    Shutdown timeout: 00:00:15
    Schedule polling interval: 00:00:15
2025-09-18 22:41:01.294 +06:00 [DBG] Execution loop BackgroundServerProcess:80f29d26 has started in 4.9256 ms
2025-09-18 22:41:01.414 +06:00 [INF] Server desktop-c1paikg:19716:3f332124 successfully announced in 113.5232 ms
2025-09-18 22:41:01.452 +06:00 [DBG] Execution loop ServerHeartbeatProcess:ceb13300 has started in 36.3791 ms
2025-09-18 22:41:01.452 +06:00 [INF] Server desktop-c1paikg:19716:3f332124 is starting the registered dispatchers: ServerWatchdog, ServerJobCancellationWatcher, SqlServerHeartbeatProcess, ExpirationManager, CountersAggregator, Worker, DelayedJobScheduler, RecurringJobScheduler...
2025-09-18 22:41:01.455 +06:00 [DBG] Execution loop ServerWatchdog:f5c2a852 has started in 3.0641 ms
2025-09-18 22:41:01.458 +06:00 [DBG] Execution loop ServerJobCancellationWatcher:bd093c5e has started in 5.5433 ms
2025-09-18 22:41:01.461 +06:00 [DBG] Execution loop SqlServerHeartbeatProcess:ef18774d has started in 3.1659 ms
2025-09-18 22:41:01.464 +06:00 [DBG] Execution loop ExpirationManager:92cce902 has started in 5.228 ms
2025-09-18 22:41:01.499 +06:00 [DBG] Execution loop Worker:d288a54a has started in 34.5752 ms
2025-09-18 22:41:01.499 +06:00 [DBG] Execution loop CountersAggregator:a88573c6 has started in 37.1744 ms
2025-09-18 22:41:01.529 +06:00 [DBG] Execution loop Worker:ce7729de has started in 64.7378 ms
2025-09-18 22:41:01.529 +06:00 [DBG] Aggregating records in 'Counter' table...
2025-09-18 22:41:01.529 +06:00 [DBG] Execution loop Worker:a53aea5a has started in 65.1637 ms
2025-09-18 22:41:01.530 +06:00 [DBG] Removing outdated records from the 'AggregatedCounter' table...
2025-09-18 22:41:01.534 +06:00 [DBG] Execution loop Worker:48c05e24 has started in 69.8649 ms
2025-09-18 22:41:01.537 +06:00 [DBG] Execution loop Worker:bdc97124 has started in 72.8218 ms
2025-09-18 22:41:01.598 +06:00 [DBG] Execution loop Worker:65a363f9 has started in 134.2596 ms
2025-09-18 22:41:01.722 +06:00 [DBG] Execution loop Worker:fd9d8de7 has started in 226.0297 ms
2025-09-18 22:41:01.734 +06:00 [DBG] Execution loop Worker:acc54e23 has started in 269.6975 ms
2025-09-18 22:41:01.743 +06:00 [INF] 1 servers were removed due to timeout
2025-09-18 22:41:01.744 +06:00 [DBG] Removing outdated records from the 'Job' table...
2025-09-18 22:41:01.744 +06:00 [DBG] Execution loop Worker:56510f67 has started in 280.1628 ms
2025-09-18 22:41:01.754 +06:00 [DBG] Execution loop Worker:1295f616 has started in 289.8474 ms
2025-09-18 22:41:01.772 +06:00 [DBG] Execution loop Worker:c3eba2a3 has started in 307.5868 ms
2025-09-18 22:41:01.785 +06:00 [DBG] Execution loop Worker:c22292a6 has started in 320.5403 ms
2025-09-18 22:41:01.812 +06:00 [DBG] Execution loop Worker:eb5f3ddf has started in 346.8251 ms
2025-09-18 22:41:01.817 +06:00 [DBG] Execution loop Worker:99f8e3c3 has started in 352.9964 ms
2025-09-18 22:41:01.823 +06:00 [DBG] Execution loop Worker:e0eb9760 has started in 359.1823 ms
2025-09-18 22:41:01.831 +06:00 [DBG] Execution loop Worker:7a896ae5 has started in 367.0019 ms
2025-09-18 22:41:01.862 +06:00 [DBG] Removing outdated records from the 'List' table...
2025-09-18 22:41:01.867 +06:00 [DBG] Execution loop Worker:46034034 has started in 403.3278 ms
2025-09-18 22:41:01.905 +06:00 [DBG] Execution loop Worker:b0f846a9 has started in 441.0429 ms
2025-09-18 22:41:01.905 +06:00 [DBG] Execution loop Worker:d025bb67 has started in 441.0724 ms
2025-09-18 22:41:01.910 +06:00 [DBG] Execution loop Worker:5f8b938f has started in 445.9096 ms
2025-09-18 22:41:01.910 +06:00 [DBG] Removing outdated records from the 'Set' table...
2025-09-18 22:41:01.915 +06:00 [DBG] Execution loop DelayedJobScheduler:25593b8f has started in 5.1851 ms
2025-09-18 22:41:01.916 +06:00 [INF] Server desktop-c1paikg:19716:3f332124 all the dispatchers started
2025-09-18 22:41:01.922 +06:00 [DBG] Removing outdated records from the 'Hash' table...
2025-09-18 22:41:01.922 +06:00 [DBG] Execution loop RecurringJobScheduler:91df7a72 has started in 6.8644 ms
2025-09-18 22:41:08.851 +06:00 [WRN] You do not have a valid license key for the Lucky Penny software MediatR. This is allowed for development and testing scenarios. If you are running in production you are required to have a licensed version. Please visit https://luckypennysoftware.com to obtain a valid license.
2025-09-18 22:41:09.736 +06:00 [ERR] Failed executing DbCommand (23ms) [Parameters=[p0='?' (Size = 4000), p1='?' (Size = 4000), p2='?' (Size = 4000)], CommandType='"Text"', CommandTimeout='30']
EXEC sp_AddUser @p0, @p1, @p2
2025-09-18 22:41:09.745 +06:00 [ERR] An exception occurred while iterating over the results of a query for context type 'UserManagementSystem.Infrastructure.UserManagementSystemContext'.
Microsoft.Data.SqlClient.SqlException (0x80131904): 'string' is not a valid login or you do not have permission.
   at Microsoft.Data.SqlClient.SqlConnection.OnError(SqlException exception, Boolean breakConnection, Action`1 wrapCloseInAction)
   at Microsoft.Data.SqlClient.SqlInternalConnection.OnError(SqlException exception, Boolean breakConnection, Action`1 wrapCloseInAction)
   at Microsoft.Data.SqlClient.TdsParser.ThrowExceptionAndWarning(TdsParserStateObject stateObj, SqlCommand command, Boolean callerHasConnectionLock, Boolean asyncClose)
   at Microsoft.Data.SqlClient.TdsParser.TryRun(RunBehavior runBehavior, SqlCommand cmdHandler, SqlDataReader dataStream, BulkCopySimpleResultSet bulkCopyHandler, TdsParserStateObject stateObj, Boolean& dataReady)
   at Microsoft.Data.SqlClient.SqlDataReader.TryConsumeMetaData()
   at Microsoft.Data.SqlClient.SqlDataReader.get_MetaData()
   at Microsoft.Data.SqlClient.SqlCommand.FinishExecuteReader(SqlDataReader ds, RunBehavior runBehavior, String resetOptionsString, Boolean isInternal, Boolean forDescribeParameterEncryption, Boolean shouldCacheForAlwaysEncrypted)
   at Microsoft.Data.SqlClient.SqlCommand.RunExecuteReaderTds(CommandBehavior cmdBehavior, RunBehavior runBehavior, Boolean returnStream, Boolean isAsync, Int32 timeout, Task& task, Boolean asyncWrite, Boolean inRetry, SqlDataReader ds, Boolean describeParameterEncryptionRequest)
   at Microsoft.Data.SqlClient.SqlCommand.RunExecuteReader(CommandBehavior cmdBehavior, RunBehavior runBehavior, Boolean returnStream, TaskCompletionSource`1 completion, Int32 timeout, Task& task, Boolean& usedCache, Boolean asyncWrite, Boolean inRetry, String method)
   at Microsoft.Data.SqlClient.SqlCommand.RunExecuteReader(CommandBehavior cmdBehavior, RunBehavior runBehavior, Boolean returnStream, String method)
   at Microsoft.Data.SqlClient.SqlCommand.ExecuteReader(CommandBehavior behavior)
   at Microsoft.Data.SqlClient.SqlCommand.ExecuteDbDataReader(CommandBehavior behavior)
   at Microsoft.EntityFrameworkCore.Storage.RelationalCommand.ExecuteReader(RelationalCommandParameterObject parameterObject)
   at Microsoft.EntityFrameworkCore.Query.Internal.FromSqlQueryingEnumerable`1.Enumerator.InitializeReader(Enumerator enumerator)
   at Microsoft.EntityFrameworkCore.Query.Internal.FromSqlQueryingEnumerable`1.Enumerator.<>c.<MoveNext>b__21_0(DbContext _, Enumerator enumerator)
   at Microsoft.EntityFrameworkCore.SqlServer.Storage.Internal.SqlServerExecutionStrategy.Execute[TState,TResult](TState state, Func`3 operation, Func`3 verifySucceeded)
   at Microsoft.EntityFrameworkCore.Query.Internal.FromSqlQueryingEnumerable`1.Enumerator.MoveNext()
ClientConnectionId:d6a86982-8bb6-43b1-a857-114b1e804821
Error Number:15007,State:1,Class:16
Microsoft.Data.SqlClient.SqlException (0x80131904): 'string' is not a valid login or you do not have permission.
   at Microsoft.Data.SqlClient.SqlConnection.OnError(SqlException exception, Boolean breakConnection, Action`1 wrapCloseInAction)
   at Microsoft.Data.SqlClient.SqlInternalConnection.OnError(SqlException exception, Boolean breakConnection, Action`1 wrapCloseInAction)
   at Microsoft.Data.SqlClient.TdsParser.ThrowExceptionAndWarning(TdsParserStateObject stateObj, SqlCommand command, Boolean callerHasConnectionLock, Boolean asyncClose)
   at Microsoft.Data.SqlClient.TdsParser.TryRun(RunBehavior runBehavior, SqlCommand cmdHandler, SqlDataReader dataStream, BulkCopySimpleResultSet bulkCopyHandler, TdsParserStateObject stateObj, Boolean& dataReady)
   at Microsoft.Data.SqlClient.SqlDataReader.TryConsumeMetaData()
   at Microsoft.Data.SqlClient.SqlDataReader.get_MetaData()
   at Microsoft.Data.SqlClient.SqlCommand.FinishExecuteReader(SqlDataReader ds, RunBehavior runBehavior, String resetOptionsString, Boolean isInternal, Boolean forDescribeParameterEncryption, Boolean shouldCacheForAlwaysEncrypted)
   at Microsoft.Data.SqlClient.SqlCommand.RunExecuteReaderTds(CommandBehavior cmdBehavior, RunBehavior runBehavior, Boolean returnStream, Boolean isAsync, Int32 timeout, Task& task, Boolean asyncWrite, Boolean inRetry, SqlDataReader ds, Boolean describeParameterEncryptionRequest)
   at Microsoft.Data.SqlClient.SqlCommand.RunExecuteReader(CommandBehavior cmdBehavior, RunBehavior runBehavior, Boolean returnStream, TaskCompletionSource`1 completion, Int32 timeout, Task& task, Boolean& usedCache, Boolean asyncWrite, Boolean inRetry, String method)
   at Microsoft.Data.SqlClient.SqlCommand.RunExecuteReader(CommandBehavior cmdBehavior, RunBehavior runBehavior, Boolean returnStream, String method)
   at Microsoft.Data.SqlClient.SqlCommand.ExecuteReader(CommandBehavior behavior)
   at Microsoft.Data.SqlClient.SqlCommand.ExecuteDbDataReader(CommandBehavior behavior)
   at Microsoft.EntityFrameworkCore.Storage.RelationalCommand.ExecuteReader(RelationalCommandParameterObject parameterObject)
   at Microsoft.EntityFrameworkCore.Query.Internal.FromSqlQueryingEnumerable`1.Enumerator.InitializeReader(Enumerator enumerator)
   at Microsoft.EntityFrameworkCore.Query.Internal.FromSqlQueryingEnumerable`1.Enumerator.<>c.<MoveNext>b__21_0(DbContext _, Enumerator enumerator)
   at Microsoft.EntityFrameworkCore.SqlServer.Storage.Internal.SqlServerExecutionStrategy.Execute[TState,TResult](TState state, Func`3 operation, Func`3 verifySucceeded)
   at Microsoft.EntityFrameworkCore.Query.Internal.FromSqlQueryingEnumerable`1.Enumerator.MoveNext()
ClientConnectionId:d6a86982-8bb6-43b1-a857-114b1e804821
Error Number:15007,State:1,Class:16
2025-09-18 22:41:09.980 +06:00 [ERR] Failed to add User
Microsoft.Data.SqlClient.SqlException (0x80131904): 'string' is not a valid login or you do not have permission.
   at Microsoft.Data.SqlClient.SqlConnection.OnError(SqlException exception, Boolean breakConnection, Action`1 wrapCloseInAction)
   at Microsoft.Data.SqlClient.SqlInternalConnection.OnError(SqlException exception, Boolean breakConnection, Action`1 wrapCloseInAction)
   at Microsoft.Data.SqlClient.TdsParser.ThrowExceptionAndWarning(TdsParserStateObject stateObj, SqlCommand command, Boolean callerHasConnectionLock, Boolean asyncClose)
   at Microsoft.Data.SqlClient.TdsParser.TryRun(RunBehavior runBehavior, SqlCommand cmdHandler, SqlDataReader dataStream, BulkCopySimpleResultSet bulkCopyHandler, TdsParserStateObject stateObj, Boolean& dataReady)
   at Microsoft.Data.SqlClient.SqlDataReader.TryConsumeMetaData()
   at Microsoft.Data.SqlClient.SqlDataReader.get_MetaData()
   at Microsoft.Data.SqlClient.SqlCommand.FinishExecuteReader(SqlDataReader ds, RunBehavior runBehavior, String resetOptionsString, Boolean isInternal, Boolean forDescribeParameterEncryption, Boolean shouldCacheForAlwaysEncrypted)
   at Microsoft.Data.SqlClient.SqlCommand.RunExecuteReaderTds(CommandBehavior cmdBehavior, RunBehavior runBehavior, Boolean returnStream, Boolean isAsync, Int32 timeout, Task& task, Boolean asyncWrite, Boolean inRetry, SqlDataReader ds, Boolean describeParameterEncryptionRequest)
   at Microsoft.Data.SqlClient.SqlCommand.RunExecuteReader(CommandBehavior cmdBehavior, RunBehavior runBehavior, Boolean returnStream, TaskCompletionSource`1 completion, Int32 timeout, Task& task, Boolean& usedCache, Boolean asyncWrite, Boolean inRetry, String method)
   at Microsoft.Data.SqlClient.SqlCommand.RunExecuteReader(CommandBehavior cmdBehavior, RunBehavior runBehavior, Boolean returnStream, String method)
   at Microsoft.Data.SqlClient.SqlCommand.ExecuteReader(CommandBehavior behavior)
   at Microsoft.Data.SqlClient.SqlCommand.ExecuteDbDataReader(CommandBehavior behavior)
   at Microsoft.EntityFrameworkCore.Storage.RelationalCommand.ExecuteReader(RelationalCommandParameterObject parameterObject)
   at Microsoft.EntityFrameworkCore.Query.Internal.FromSqlQueryingEnumerable`1.Enumerator.InitializeReader(Enumerator enumerator)
   at Microsoft.EntityFrameworkCore.Query.Internal.FromSqlQueryingEnumerable`1.Enumerator.<>c.<MoveNext>b__21_0(DbContext _, Enumerator enumerator)
   at Microsoft.EntityFrameworkCore.SqlServer.Storage.Internal.SqlServerExecutionStrategy.Execute[TState,TResult](TState state, Func`3 operation, Func`3 verifySucceeded)
   at Microsoft.EntityFrameworkCore.Query.Internal.FromSqlQueryingEnumerable`1.Enumerator.MoveNext()
   at System.Linq.Enumerable.TryGetFirstNonIterator[TSource](IEnumerable`1 source, Boolean& found)
   at System.Linq.Enumerable.FirstOrDefault[TSource](IEnumerable`1 source)
   at UserManagementSystem.Infrastructure.Repositories.BaseRepository`1.CreateAsync(T entity) in D:\.Net Alamin\CRUD User\User-Management-System\src\UserManagementSystem\UserManagementSystem.Infrastructure\Repositories\BaseRepository.cs:line 53
   at UserManagementSystem.Application.Features.Users.Commands.UserAddCommandHandler.Handle(UserAddCommand request, CancellationToken cancellationToken) in D:\.Net Alamin\CRUD User\User-Management-System\src\UserManagementSystem\UserManagementSystem.Application\Features\Users\Commands\UserAddCommandHandler.cs:line 28
   at UserManagementSystem.Api.Controllers.UsersController.AddUser(UserAddCommand userAddCommand) in D:\.Net Alamin\CRUD User\User-Management-System\src\UserManagementSystem\UserManagementSystem.Api\Controllers\UsersController.cs:line 43
ClientConnectionId:d6a86982-8bb6-43b1-a857-114b1e804821
Error Number:15007,State:1,Class:16
2025-09-18 22:41:10.022 +06:00 [ERR] An unhandled exception has occurred while executing the request.
System.NotSupportedException: Serialization and deserialization of 'System.Reflection.MethodBase' instances is not supported. Path: $.TargetSite.
 ---> System.NotSupportedException: Serialization and deserialization of 'System.Reflection.MethodBase' instances is not supported.
   at System.Text.Json.Serialization.Converters.UnsupportedTypeConverter`1.Write(Utf8JsonWriter writer, T value, JsonSerializerOptions options)
   at System.Text.Json.Serialization.JsonConverter`1.TryWrite(Utf8JsonWriter writer, T& value, JsonSerializerOptions options, WriteStack& state)
   at System.Text.Json.Serialization.Metadata.JsonPropertyInfo`1.GetMemberAndWriteJson(Object obj, WriteStack& state, Utf8JsonWriter writer)
   at System.Text.Json.Serialization.Converters.ObjectDefaultConverter`1.OnTryWrite(Utf8JsonWriter writer, T value, JsonSerializerOptions options, WriteStack& state)
   at System.Text.Json.Serialization.JsonConverter`1.TryWrite(Utf8JsonWriter writer, T& value, JsonSerializerOptions options, WriteStack& state)
   at System.Text.Json.Serialization.JsonConverter`1.WriteCore(Utf8JsonWriter writer, T& value, JsonSerializerOptions options, WriteStack& state)
   --- End of inner exception stack trace ---
   at System.Text.Json.ThrowHelper.ThrowNotSupportedException(WriteStack& state, Exception innerException)
   at System.Text.Json.Serialization.JsonConverter`1.WriteCore(Utf8JsonWriter writer, T& value, JsonSerializerOptions options, WriteStack& state)
   at System.Text.Json.Serialization.Metadata.JsonTypeInfo`1.SerializeAsync(PipeWriter pipeWriter, T rootValue, Int32 flushThreshold, CancellationToken cancellationToken, Object rootValueBoxed)
   at System.Text.Json.Serialization.Metadata.JsonTypeInfo`1.SerializeAsync(PipeWriter pipeWriter, T rootValue, Int32 flushThreshold, CancellationToken cancellationToken, Object rootValueBoxed)
   at System.Text.Json.Serialization.Metadata.JsonTypeInfo`1.SerializeAsync(PipeWriter pipeWriter, T rootValue, Int32 flushThreshold, CancellationToken cancellationToken, Object rootValueBoxed)
   at Microsoft.AspNetCore.Mvc.Formatters.SystemTextJsonOutputFormatter.WriteResponseBodyAsync(OutputFormatterWriteContext context, Encoding selectedEncoding)
   at Microsoft.AspNetCore.Mvc.Infrastructure.ResourceInvoker.<InvokeNextResultFilterAsync>g__Awaited|30_0[TFilter,TFilterAsync](ResourceInvoker invoker, Task lastTask, State next, Scope scope, Object state, Boolean isCompleted)
   at Microsoft.AspNetCore.Mvc.Infrastructure.ResourceInvoker.Rethrow(ResultExecutedContextSealed context)
   at Microsoft.AspNetCore.Mvc.Infrastructure.ResourceInvoker.ResultNext[TFilter,TFilterAsync](State& next, Scope& scope, Object& state, Boolean& isCompleted)
   at Microsoft.AspNetCore.Mvc.Infrastructure.ResourceInvoker.InvokeResultFilters()
--- End of stack trace from previous location ---
   at Microsoft.AspNetCore.Mvc.Infrastructure.ResourceInvoker.<InvokeFilterPipelineAsync>g__Awaited|20_0(ResourceInvoker invoker, Task lastTask, State next, Scope scope, Object state, Boolean isCompleted)
   at Microsoft.AspNetCore.Mvc.Infrastructure.ResourceInvoker.<InvokeAsync>g__Awaited|17_0(ResourceInvoker invoker, Task task, IDisposable scope)
   at Microsoft.AspNetCore.Mvc.Infrastructure.ResourceInvoker.<InvokeAsync>g__Awaited|17_0(ResourceInvoker invoker, Task task, IDisposable scope)
   at Microsoft.AspNetCore.Authorization.AuthorizationMiddleware.Invoke(HttpContext context)
   at Microsoft.AspNetCore.Authentication.AuthenticationMiddleware.Invoke(HttpContext context)
   at Swashbuckle.AspNetCore.SwaggerUI.SwaggerUIMiddleware.Invoke(HttpContext httpContext)
   at Microsoft.AspNetCore.Diagnostics.DeveloperExceptionPageMiddlewareImpl.Invoke(HttpContext context)
2025-09-18 22:42:52.446 +06:00 [INF] Application Starting......
2025-09-18 22:42:53.580 +06:00 [INF] Start installing Hangfire SQL objects...
2025-09-18 22:42:53.937 +06:00 [INF] Hangfire SQL objects installed.
2025-09-18 22:42:54.302 +06:00 [INF] Starting Hangfire Server using job storage: 'SQL Server: DESKTOP-C1PAIKG\SQLEXPRESS01@UserManagementSystem'
2025-09-18 22:42:54.302 +06:00 [INF] Using the following options for SQL Server job storage: Queue poll interval: 00:00:00.
2025-09-18 22:42:54.302 +06:00 [INF] Using the following options for Hangfire Server:
    Worker count: 20
    Listening queues: 'default'
    Shutdown timeout: 00:00:15
    Schedule polling interval: 00:00:15
2025-09-18 22:42:54.322 +06:00 [DBG] Execution loop BackgroundServerProcess:90cd933b has started in 14.0006 ms
2025-09-18 22:42:54.602 +06:00 [INF] Server desktop-c1paikg:22924:0aba53e8 successfully announced in 277.8482 ms
2025-09-18 22:42:54.608 +06:00 [DBG] Execution loop ServerHeartbeatProcess:b9d44191 has started in 4.9504 ms
2025-09-18 22:42:54.608 +06:00 [INF] Server desktop-c1paikg:22924:0aba53e8 is starting the registered dispatchers: ServerWatchdog, ServerJobCancellationWatcher, SqlServerHeartbeatProcess, ExpirationManager, CountersAggregator, Worker, DelayedJobScheduler, RecurringJobScheduler...
2025-09-18 22:42:54.649 +06:00 [DBG] Execution loop ServerWatchdog:039e6cfc has started in 40.3475 ms
2025-09-18 22:42:54.653 +06:00 [DBG] Execution loop ServerJobCancellationWatcher:e0ed65c0 has started in 4.6721 ms
2025-09-18 22:42:54.657 +06:00 [DBG] Execution loop SqlServerHeartbeatProcess:8c5b5dad has started in 4.1907 ms
2025-09-18 22:42:54.696 +06:00 [DBG] Execution loop ExpirationManager:8d96ab55 has started in 41.9208 ms
2025-09-18 22:42:54.727 +06:00 [DBG] Execution loop CountersAggregator:574597a9 has started in 30.7864 ms
2025-09-18 22:42:54.727 +06:00 [DBG] Removing outdated records from the 'AggregatedCounter' table...
2025-09-18 22:42:54.727 +06:00 [DBG] Aggregating records in 'Counter' table...
2025-09-18 22:42:54.733 +06:00 [INF] 1 servers were removed due to timeout
2025-09-18 22:42:54.733 +06:00 [DBG] Execution loop Worker:688ae9ec has started in 34.5183 ms
2025-09-18 22:42:54.736 +06:00 [DBG] Execution loop Worker:d26ada67 has started in 38.1331 ms
2025-09-18 22:42:54.743 +06:00 [DBG] Execution loop Worker:59ff8371 has started in 42.3879 ms
2025-09-18 22:42:54.744 +06:00 [DBG] Execution loop Worker:23d9c576 has started in 45.5705 ms
2025-09-18 22:42:54.750 +06:00 [DBG] Execution loop Worker:f2cc8ae3 has started in 52.2067 ms
2025-09-18 22:42:54.789 +06:00 [DBG] Execution loop Worker:369928ba has started in 90.5427 ms
2025-09-18 22:42:54.789 +06:00 [DBG] Execution loop Worker:5a0dedb2 has started in 90.812 ms
2025-09-18 22:42:54.795 +06:00 [DBG] Execution loop Worker:a68b6f71 has started in 96.8757 ms
2025-09-18 22:42:54.800 +06:00 [DBG] Execution loop Worker:0a738bf7 has started in 102.3113 ms
2025-09-18 22:42:54.806 +06:00 [DBG] Execution loop Worker:011697f7 has started in 107.7369 ms
2025-09-18 22:42:54.806 +06:00 [DBG] Removing outdated records from the 'Job' table...
2025-09-18 22:42:54.811 +06:00 [DBG] Execution loop Worker:9210ecd2 has started in 113.4116 ms
2025-09-18 22:42:54.816 +06:00 [DBG] Execution loop Worker:632ae67d has started in 117.898 ms
2025-09-18 22:42:54.821 +06:00 [DBG] Execution loop Worker:0f1c5676 has started in 122.523 ms
2025-09-18 22:42:54.827 +06:00 [DBG] Execution loop Worker:3201ec7d has started in 126.5907 ms
2025-09-18 22:42:54.831 +06:00 [DBG] Execution loop Worker:62b3d514 has started in 132.8642 ms
2025-09-18 22:42:54.834 +06:00 [DBG] Execution loop Worker:5da8ce81 has started in 135.6363 ms
2025-09-18 22:42:54.839 +06:00 [DBG] Execution loop Worker:dfa74e62 has started in 140.5879 ms
2025-09-18 22:42:54.845 +06:00 [DBG] Execution loop Worker:090e1e13 has started in 147.343 ms
2025-09-18 22:42:54.851 +06:00 [DBG] Execution loop Worker:bdc43355 has started in 153.3107 ms
2025-09-18 22:42:54.852 +06:00 [DBG] Removing outdated records from the 'List' table...
2025-09-18 22:42:54.885 +06:00 [DBG] Execution loop Worker:955b9dde has started in 186.5268 ms
2025-09-18 22:42:54.915 +06:00 [DBG] Execution loop DelayedJobScheduler:98f0c644 has started in 62.7194 ms
2025-09-18 22:42:54.916 +06:00 [DBG] Removing outdated records from the 'Set' table...
2025-09-18 22:42:54.917 +06:00 [INF] Server desktop-c1paikg:22924:0aba53e8 all the dispatchers started
2025-09-18 22:42:54.921 +06:00 [DBG] Execution loop RecurringJobScheduler:b42c945c has started in 33.6749 ms
2025-09-18 22:42:54.980 +06:00 [DBG] Removing outdated records from the 'Hash' table...
2025-09-18 22:43:02.119 +06:00 [WRN] You do not have a valid license key for the Lucky Penny software MediatR. This is allowed for development and testing scenarios. If you are running in production you are required to have a licensed version. Please visit https://luckypennysoftware.com to obtain a valid license.
2025-09-18 22:43:02.801 +06:00 [INF] User added successfully
2025-09-18 22:43:24.809 +06:00 [DBG] Server desktop-c1paikg:22924:0aba53e8 heartbeat successfully sent
2025-09-18 22:43:54.822 +06:00 [DBG] Server desktop-c1paikg:22924:0aba53e8 heartbeat successfully sent
2025-09-18 22:44:24.840 +06:00 [DBG] Server desktop-c1paikg:22924:0aba53e8 heartbeat successfully sent
2025-09-18 22:44:54.852 +06:00 [DBG] Server desktop-c1paikg:22924:0aba53e8 heartbeat successfully sent
2025-09-18 22:45:17.562 +06:00 [INF] Application Starting......
2025-09-18 22:45:18.790 +06:00 [INF] Start installing Hangfire SQL objects...
2025-09-18 22:45:19.128 +06:00 [INF] Hangfire SQL objects installed.
2025-09-18 22:45:19.507 +06:00 [INF] Starting Hangfire Server using job storage: 'SQL Server: DESKTOP-C1PAIKG\SQLEXPRESS01@UserManagementSystem'
2025-09-18 22:45:19.507 +06:00 [INF] Using the following options for SQL Server job storage: Queue poll interval: 00:00:00.
2025-09-18 22:45:19.507 +06:00 [INF] Using the following options for Hangfire Server:
    Worker count: 20
    Listening queues: 'default'
    Shutdown timeout: 00:00:15
    Schedule polling interval: 00:00:15
2025-09-18 22:45:19.521 +06:00 [DBG] Execution loop BackgroundServerProcess:d12e1378 has started in 5.7865 ms
2025-09-18 22:45:19.623 +06:00 [INF] Server desktop-c1paikg:24760:7396234f successfully announced in 99.7412 ms
2025-09-18 22:45:19.627 +06:00 [DBG] Execution loop ServerHeartbeatProcess:b51e6254 has started in 3.5244 ms
2025-09-18 22:45:19.628 +06:00 [INF] Server desktop-c1paikg:24760:7396234f is starting the registered dispatchers: ServerWatchdog, ServerJobCancellationWatcher, SqlServerHeartbeatProcess, ExpirationManager, CountersAggregator, Worker, DelayedJobScheduler, RecurringJobScheduler...
2025-09-18 22:45:19.633 +06:00 [DBG] Execution loop ServerWatchdog:99f608a0 has started in 4.8244 ms
2025-09-18 22:45:19.636 +06:00 [DBG] Execution loop ServerJobCancellationWatcher:7d002d34 has started in 5.1398 ms
2025-09-18 22:45:19.641 +06:00 [DBG] Execution loop SqlServerHeartbeatProcess:058b56fd has started in 4.6474 ms
2025-09-18 22:45:19.674 +06:00 [DBG] Execution loop ExpirationManager:662731f4 has started in 36.5546 ms
2025-09-18 22:45:19.706 +06:00 [INF] 1 servers were removed due to timeout
2025-09-18 22:45:19.707 +06:00 [DBG] Execution loop CountersAggregator:d43d324b has started in 66.426 ms
2025-09-18 22:45:19.707 +06:00 [DBG] Removing outdated records from the 'AggregatedCounter' table...
2025-09-18 22:45:19.707 +06:00 [DBG] Aggregating records in 'Counter' table...
2025-09-18 22:45:19.714 +06:00 [DBG] Execution loop Worker:510d66b0 has started in 38.7841 ms
2025-09-18 22:45:19.718 +06:00 [DBG] Execution loop Worker:6e88b4a9 has started in 42.5128 ms
2025-09-18 22:45:19.723 +06:00 [DBG] Execution loop Worker:4c114516 has started in 47.636 ms
2025-09-18 22:45:19.755 +06:00 [DBG] Execution loop Worker:af04a38f has started in 80.1319 ms
2025-09-18 22:45:19.756 +06:00 [DBG] Execution loop Worker:4be88bdb has started in 80.358 ms
2025-09-18 22:45:19.760 +06:00 [DBG] Execution loop Worker:8ab895e3 has started in 84.8475 ms
2025-09-18 22:45:19.763 +06:00 [DBG] Execution loop Worker:7f9177cc has started in 87.8588 ms
2025-09-18 22:45:19.821 +06:00 [DBG] Execution loop Worker:486d7f73 has started in 145.873 ms
2025-09-18 22:45:19.832 +06:00 [DBG] Execution loop Worker:1a708d30 has started in 156.1841 ms
2025-09-18 22:45:19.845 +06:00 [DBG] Execution loop Worker:5345c07d has started in 169.5406 ms
2025-09-18 22:45:19.859 +06:00 [DBG] Removing outdated records from the 'Job' table...
2025-09-18 22:45:19.859 +06:00 [DBG] Execution loop Worker:6cddc98e has started in 183.7345 ms
2025-09-18 22:45:19.866 +06:00 [DBG] Execution loop Worker:c565589c has started in 190.9916 ms
2025-09-18 22:45:19.897 +06:00 [DBG] Execution loop Worker:253d9a07 has started in 222.1084 ms
2025-09-18 22:45:19.901 +06:00 [DBG] Removing outdated records from the 'List' table...
2025-09-18 22:45:19.917 +06:00 [DBG] Execution loop Worker:00c7aa09 has started in 242.0827 ms
2025-09-18 22:45:19.925 +06:00 [DBG] Execution loop Worker:4445e96c has started in 249.4739 ms
2025-09-18 22:45:19.931 +06:00 [DBG] Execution loop Worker:2a1a6edc has started in 255.3599 ms
2025-09-18 22:45:19.938 +06:00 [DBG] Removing outdated records from the 'Set' table...
2025-09-18 22:45:19.938 +06:00 [DBG] Execution loop Worker:587681ad has started in 262.3411 ms
2025-09-18 22:45:19.976 +06:00 [DBG] Execution loop Worker:e5a4df06 has started in 301.0862 ms
2025-09-18 22:45:19.982 +06:00 [DBG] Execution loop Worker:c1a3eba5 has started in 306.8444 ms
2025-09-18 22:45:19.984 +06:00 [DBG] Removing outdated records from the 'Hash' table...
2025-09-18 22:45:20.009 +06:00 [DBG] Execution loop Worker:ef0201da has started in 334.1585 ms
2025-09-18 22:45:20.040 +06:00 [DBG] Execution loop DelayedJobScheduler:59663377 has started in 30.6101 ms
2025-09-18 22:45:20.041 +06:00 [INF] Server desktop-c1paikg:24760:7396234f all the dispatchers started
2025-09-18 22:45:20.071 +06:00 [DBG] Execution loop RecurringJobScheduler:065e6c0a has started in 31.8567 ms
2025-09-18 22:46:10.783 +06:00 [INF] Application Starting......
2025-09-18 22:46:12.145 +06:00 [INF] Start installing Hangfire SQL objects...
2025-09-18 22:46:12.462 +06:00 [INF] Hangfire SQL objects installed.
2025-09-18 22:46:12.818 +06:00 [INF] Starting Hangfire Server using job storage: 'SQL Server: DESKTOP-C1PAIKG\SQLEXPRESS01@UserManagementSystem'
2025-09-18 22:46:12.818 +06:00 [INF] Using the following options for SQL Server job storage: Queue poll interval: 00:00:00.
2025-09-18 22:46:12.818 +06:00 [INF] Using the following options for Hangfire Server:
    Worker count: 20
    Listening queues: 'default'
    Shutdown timeout: 00:00:15
    Schedule polling interval: 00:00:15
2025-09-18 22:46:12.832 +06:00 [DBG] Execution loop BackgroundServerProcess:cd562f15 has started in 4.7734 ms
2025-09-18 22:46:12.930 +06:00 [INF] Server desktop-c1paikg:21796:f1d2e18c successfully announced in 95.9711 ms
2025-09-18 22:46:12.934 +06:00 [DBG] Execution loop ServerHeartbeatProcess:125bec34 has started in 3.3843 ms
2025-09-18 22:46:12.934 +06:00 [INF] Server desktop-c1paikg:21796:f1d2e18c is starting the registered dispatchers: ServerWatchdog, ServerJobCancellationWatcher, SqlServerHeartbeatProcess, ExpirationManager, CountersAggregator, Worker, DelayedJobScheduler, RecurringJobScheduler...
2025-09-18 22:46:12.940 +06:00 [DBG] Execution loop ServerJobCancellationWatcher:20281186 has started in 5.2914 ms
2025-09-18 22:46:12.940 +06:00 [DBG] Execution loop ServerWatchdog:a72db5b0 has started in 2.8871 ms
2025-09-18 22:46:12.943 +06:00 [DBG] Execution loop SqlServerHeartbeatProcess:f1244699 has started in 5.2872 ms
2025-09-18 22:46:12.945 +06:00 [DBG] Execution loop ExpirationManager:aa11d122 has started in 5.0279 ms
2025-09-18 22:46:12.947 +06:00 [DBG] Execution loop CountersAggregator:9cc85258 has started in 4.5513 ms
2025-09-18 22:46:12.984 +06:00 [DBG] Execution loop Worker:667c90c8 has started in 39.3341 ms
2025-09-18 22:46:12.984 +06:00 [DBG] Execution loop Worker:76d1af69 has started in 39.3267 ms
2025-09-18 22:46:12.984 +06:00 [DBG] Execution loop Worker:5c19c679 has started in 39.4032 ms
2025-09-18 22:46:12.985 +06:00 [DBG] Aggregating records in 'Counter' table...
2025-09-18 22:46:12.986 +06:00 [DBG] Removing outdated records from the 'AggregatedCounter' table...
2025-09-18 22:46:12.988 +06:00 [DBG] Execution loop Worker:f431ac56 has started in 43.4502 ms
2025-09-18 22:46:12.991 +06:00 [DBG] Execution loop Worker:9bf3609a has started in 46.1781 ms
2025-09-18 22:46:12.998 +06:00 [DBG] Execution loop Worker:c4553b0a has started in 50.066 ms
2025-09-18 22:46:12.998 +06:00 [DBG] Execution loop Worker:b8300281 has started in 52.6031 ms
2025-09-18 22:46:13.002 +06:00 [INF] 1 servers were removed due to timeout
2025-09-18 22:46:13.030 +06:00 [DBG] Execution loop Worker:888adc5e has started in 85.2927 ms
2025-09-18 22:46:13.031 +06:00 [DBG] Execution loop Worker:1579de5d has started in 85.6608 ms
2025-09-18 22:46:13.031 +06:00 [DBG] Execution loop Worker:54d31b1a has started in 85.6683 ms
2025-09-18 22:46:13.034 +06:00 [DBG] Execution loop Worker:449cb69e has started in 88.9209 ms
2025-09-18 22:46:13.038 +06:00 [DBG] Execution loop Worker:5a491573 has started in 93.0098 ms
2025-09-18 22:46:13.046 +06:00 [DBG] Execution loop Worker:a5ccc0f8 has started in 100.8561 ms
2025-09-18 22:46:13.049 +06:00 [DBG] Execution loop Worker:395f8d87 has started in 104.282 ms
2025-09-18 22:46:13.054 +06:00 [DBG] Execution loop Worker:e6a9c82c has started in 108.663 ms
2025-09-18 22:46:13.059 +06:00 [DBG] Removing outdated records from the 'Job' table...
2025-09-18 22:46:13.059 +06:00 [DBG] Execution loop Worker:35df7287 has started in 113.7671 ms
2025-09-18 22:46:13.062 +06:00 [DBG] Execution loop Worker:de94cf66 has started in 117.2125 ms
2025-09-18 22:46:13.066 +06:00 [DBG] Execution loop Worker:536c78b6 has started in 120.625 ms
2025-09-18 22:46:13.096 +06:00 [DBG] Execution loop Worker:f34618e8 has started in 151.3216 ms
2025-09-18 22:46:13.102 +06:00 [DBG] Removing outdated records from the 'List' table...
2025-09-18 22:46:13.103 +06:00 [DBG] Execution loop Worker:1eebe9fb has started in 157.8829 ms
2025-09-18 22:46:13.107 +06:00 [DBG] Execution loop DelayedJobScheduler:5ff6ef84 has started in 4.5347 ms
2025-09-18 22:46:13.107 +06:00 [INF] Server desktop-c1paikg:21796:f1d2e18c all the dispatchers started
2025-09-18 22:46:13.140 +06:00 [DBG] Execution loop RecurringJobScheduler:82146c03 has started in 33.3746 ms
2025-09-18 22:46:13.147 +06:00 [DBG] Removing outdated records from the 'Set' table...
2025-09-18 22:46:13.155 +06:00 [DBG] Removing outdated records from the 'Hash' table...
2025-09-18 22:46:22.871 +06:00 [WRN] You do not have a valid license key for the Lucky Penny software MediatR. This is allowed for development and testing scenarios. If you are running in production you are required to have a licensed version. Please visit https://luckypennysoftware.com to obtain a valid license.
2025-09-18 22:46:23.788 +06:00 [INF] User added successfully
2025-09-18 22:46:43.156 +06:00 [DBG] Server desktop-c1paikg:21796:f1d2e18c heartbeat successfully sent
2025-09-18 22:49:02.295 +06:00 [INF] Application Starting......
2025-09-18 22:49:03.518 +06:00 [INF] Start installing Hangfire SQL objects...
2025-09-18 22:49:03.847 +06:00 [INF] Hangfire SQL objects installed.
2025-09-18 22:49:04.212 +06:00 [INF] Starting Hangfire Server using job storage: 'SQL Server: DESKTOP-C1PAIKG\SQLEXPRESS01@UserManagementSystem'
2025-09-18 22:49:04.212 +06:00 [INF] Using the following options for SQL Server job storage: Queue poll interval: 00:00:00.
2025-09-18 22:49:04.212 +06:00 [INF] Using the following options for Hangfire Server:
    Worker count: 20
    Listening queues: 'default'
    Shutdown timeout: 00:00:15
    Schedule polling interval: 00:00:15
2025-09-18 22:49:04.225 +06:00 [DBG] Execution loop BackgroundServerProcess:868d0834 has started in 8.969 ms
2025-09-18 22:49:04.333 +06:00 [INF] Server desktop-c1paikg:21796:6544f1a6 successfully announced in 105.623 ms
2025-09-18 22:49:04.373 +06:00 [DBG] Execution loop ServerHeartbeatProcess:b8dfc68d has started in 39.0711 ms
2025-09-18 22:49:04.373 +06:00 [INF] Server desktop-c1paikg:21796:6544f1a6 is starting the registered dispatchers: ServerWatchdog, ServerJobCancellationWatcher, SqlServerHeartbeatProcess, ExpirationManager, CountersAggregator, Worker, DelayedJobScheduler, RecurringJobScheduler...
2025-09-18 22:49:04.376 +06:00 [DBG] Execution loop ServerWatchdog:f30032b3 has started in 2.6959 ms
2025-09-18 22:49:04.379 +06:00 [DBG] Execution loop ServerJobCancellationWatcher:c1feee15 has started in 6.0986 ms
2025-09-18 22:49:04.382 +06:00 [DBG] Execution loop SqlServerHeartbeatProcess:c1224d59 has started in 6.2622 ms
2025-09-18 22:49:04.386 +06:00 [DBG] Execution loop ExpirationManager:732defbb has started in 3.6802 ms
2025-09-18 22:49:04.390 +06:00 [DBG] Execution loop CountersAggregator:3c9bdc5f has started in 6.8564 ms
2025-09-18 22:49:04.391 +06:00 [DBG] Aggregating records in 'Counter' table...
2025-09-18 22:49:04.391 +06:00 [DBG] Removing outdated records from the 'AggregatedCounter' table...
2025-09-18 22:49:04.394 +06:00 [DBG] Execution loop Worker:0bdee392 has started in 3.8124 ms
2025-09-18 22:49:04.420 +06:00 [DBG] Execution loop Worker:36d591a8 has started in 29.719 ms
2025-09-18 22:49:04.424 +06:00 [DBG] Execution loop Worker:cf204aca has started in 33.6204 ms
2025-09-18 22:49:04.429 +06:00 [DBG] Execution loop Worker:42420759 has started in 39.3641 ms
2025-09-18 22:49:04.433 +06:00 [DBG] Execution loop Worker:fce001f2 has started in 42.6001 ms
2025-09-18 22:49:04.437 +06:00 [DBG] Execution loop Worker:110cd862 has started in 46.926 ms
2025-09-18 22:49:04.447 +06:00 [DBG] Execution loop Worker:1f636908 has started in 56.9649 ms
2025-09-18 22:49:04.447 +06:00 [DBG] Execution loop Worker:c9b1039d has started in 57.138 ms
2025-09-18 22:49:04.447 +06:00 [DBG] Removing outdated records from the 'Job' table...
2025-09-18 22:49:04.452 +06:00 [DBG] Execution loop Worker:a700836e has started in 62.2767 ms
2025-09-18 22:49:04.457 +06:00 [DBG] Execution loop Worker:d69036bd has started in 66.7549 ms
2025-09-18 22:49:04.464 +06:00 [DBG] Execution loop Worker:6e6efe00 has started in 73.6984 ms
2025-09-18 22:49:04.470 +06:00 [DBG] Execution loop Worker:34d92cf9 has started in 79.9591 ms
2025-09-18 22:49:04.476 +06:00 [DBG] Removing outdated records from the 'List' table...
2025-09-18 22:49:04.477 +06:00 [DBG] Execution loop Worker:8b18ed8e has started in 86.7137 ms
2025-09-18 22:49:04.482 +06:00 [DBG] Execution loop Worker:5112f5e6 has started in 92.4227 ms
2025-09-18 22:49:04.486 +06:00 [DBG] Removing outdated records from the 'Set' table...
2025-09-18 22:49:04.486 +06:00 [DBG] Execution loop Worker:6022866d has started in 96.3797 ms
2025-09-18 22:49:04.491 +06:00 [DBG] Execution loop Worker:ac4843b7 has started in 100.9275 ms
2025-09-18 22:49:04.495 +06:00 [DBG] Execution loop Worker:9f455d06 has started in 105.0344 ms
2025-09-18 22:49:04.496 +06:00 [DBG] Removing outdated records from the 'Hash' table...
2025-09-18 22:49:04.536 +06:00 [DBG] Execution loop Worker:883708a0 has started in 145.7883 ms
2025-09-18 22:49:04.536 +06:00 [DBG] Execution loop Worker:2d404813 has started in 146.2101 ms
2025-09-18 22:49:04.586 +06:00 [DBG] Execution loop Worker:c5163215 has started in 195.5451 ms
2025-09-18 22:49:04.632 +06:00 [DBG] Execution loop DelayedJobScheduler:66d38236 has started in 46.62 ms
2025-09-18 22:49:04.644 +06:00 [INF] Server desktop-c1paikg:21796:6544f1a6 all the dispatchers started
2025-09-18 22:49:04.644 +06:00 [DBG] Execution loop RecurringJobScheduler:b6958aa0 has started in 57.5758 ms
2025-09-18 22:49:34.539 +06:00 [DBG] Server desktop-c1paikg:21796:6544f1a6 heartbeat successfully sent
2025-09-18 22:49:34.907 +06:00 [WRN] You do not have a valid license key for the Lucky Penny software MediatR. This is allowed for development and testing scenarios. If you are running in production you are required to have a licensed version. Please visit https://luckypennysoftware.com to obtain a valid license.
2025-09-18 22:49:35.751 +06:00 [ERR] Failed to add User
System.InvalidOperationException: The current provider doesn't have a store type mapping for properties of type 'User'.
   at Microsoft.EntityFrameworkCore.Storage.RelationalTypeMappingSourceExtensions.GetMapping(IRelationalTypeMappingSource typeMappingSource, Type clrType, IModel model)
   at Microsoft.EntityFrameworkCore.Storage.Internal.RawSqlCommandBuilder.Build(String sql, IEnumerable`1 parameters, IModel model)
   at Microsoft.EntityFrameworkCore.RelationalDatabaseFacadeExtensions.ExecuteSqlRawAsync(DatabaseFacade databaseFacade, String sql, IEnumerable`1 parameters, CancellationToken cancellationToken)
   at UserManagementSystem.Infrastructure.Repositories.BaseRepository`1.CreateAsync(T entity) in D:\.Net Alamin\CRUD User\User-Management-System\src\UserManagementSystem\UserManagementSystem.Infrastructure\Repositories\BaseRepository.cs:line 48
   at UserManagementSystem.Application.Features.Users.Commands.UserAddCommandHandler.Handle(UserAddCommand request, CancellationToken cancellationToken) in D:\.Net Alamin\CRUD User\User-Management-System\src\UserManagementSystem\UserManagementSystem.Application\Features\Users\Commands\UserAddCommandHandler.cs:line 28
   at UserManagementSystem.Api.Controllers.UsersController.AddUser(UserAddCommand userAddCommand) in D:\.Net Alamin\CRUD User\User-Management-System\src\UserManagementSystem\UserManagementSystem.Api\Controllers\UsersController.cs:line 43
2025-09-18 22:49:35.770 +06:00 [ERR] An unhandled exception has occurred while executing the request.
System.NotSupportedException: Serialization and deserialization of 'System.Reflection.MethodBase' instances is not supported. Path: $.TargetSite.
 ---> System.NotSupportedException: Serialization and deserialization of 'System.Reflection.MethodBase' instances is not supported.
   at System.Text.Json.Serialization.Converters.UnsupportedTypeConverter`1.Write(Utf8JsonWriter writer, T value, JsonSerializerOptions options)
   at System.Text.Json.Serialization.JsonConverter`1.TryWrite(Utf8JsonWriter writer, T& value, JsonSerializerOptions options, WriteStack& state)
   at System.Text.Json.Serialization.Metadata.JsonPropertyInfo`1.GetMemberAndWriteJson(Object obj, WriteStack& state, Utf8JsonWriter writer)
   at System.Text.Json.Serialization.Converters.ObjectDefaultConverter`1.OnTryWrite(Utf8JsonWriter writer, T value, JsonSerializerOptions options, WriteStack& state)
   at System.Text.Json.Serialization.JsonConverter`1.TryWrite(Utf8JsonWriter writer, T& value, JsonSerializerOptions options, WriteStack& state)
   at System.Text.Json.Serialization.JsonConverter`1.WriteCore(Utf8JsonWriter writer, T& value, JsonSerializerOptions options, WriteStack& state)
   --- End of inner exception stack trace ---
   at System.Text.Json.ThrowHelper.ThrowNotSupportedException(WriteStack& state, Exception innerException)
   at System.Text.Json.Serialization.JsonConverter`1.WriteCore(Utf8JsonWriter writer, T& value, JsonSerializerOptions options, WriteStack& state)
   at System.Text.Json.Serialization.Metadata.JsonTypeInfo`1.SerializeAsync(PipeWriter pipeWriter, T rootValue, Int32 flushThreshold, CancellationToken cancellationToken, Object rootValueBoxed)
   at System.Text.Json.Serialization.Metadata.JsonTypeInfo`1.SerializeAsync(PipeWriter pipeWriter, T rootValue, Int32 flushThreshold, CancellationToken cancellationToken, Object rootValueBoxed)
   at System.Text.Json.Serialization.Metadata.JsonTypeInfo`1.SerializeAsync(PipeWriter pipeWriter, T rootValue, Int32 flushThreshold, CancellationToken cancellationToken, Object rootValueBoxed)
   at Microsoft.AspNetCore.Mvc.Formatters.SystemTextJsonOutputFormatter.WriteResponseBodyAsync(OutputFormatterWriteContext context, Encoding selectedEncoding)
   at Microsoft.AspNetCore.Mvc.Infrastructure.ResourceInvoker.<InvokeNextResultFilterAsync>g__Awaited|30_0[TFilter,TFilterAsync](ResourceInvoker invoker, Task lastTask, State next, Scope scope, Object state, Boolean isCompleted)
   at Microsoft.AspNetCore.Mvc.Infrastructure.ResourceInvoker.Rethrow(ResultExecutedContextSealed context)
   at Microsoft.AspNetCore.Mvc.Infrastructure.ResourceInvoker.ResultNext[TFilter,TFilterAsync](State& next, Scope& scope, Object& state, Boolean& isCompleted)
   at Microsoft.AspNetCore.Mvc.Infrastructure.ResourceInvoker.InvokeResultFilters()
--- End of stack trace from previous location ---
   at Microsoft.AspNetCore.Mvc.Infrastructure.ResourceInvoker.<InvokeFilterPipelineAsync>g__Awaited|20_0(ResourceInvoker invoker, Task lastTask, State next, Scope scope, Object state, Boolean isCompleted)
   at Microsoft.AspNetCore.Mvc.Infrastructure.ResourceInvoker.<InvokeAsync>g__Awaited|17_0(ResourceInvoker invoker, Task task, IDisposable scope)
   at Microsoft.AspNetCore.Mvc.Infrastructure.ResourceInvoker.<InvokeAsync>g__Awaited|17_0(ResourceInvoker invoker, Task task, IDisposable scope)
   at Microsoft.AspNetCore.Authorization.AuthorizationMiddleware.Invoke(HttpContext context)
   at Microsoft.AspNetCore.Authentication.AuthenticationMiddleware.Invoke(HttpContext context)
   at Swashbuckle.AspNetCore.SwaggerUI.SwaggerUIMiddleware.Invoke(HttpContext httpContext)
   at Microsoft.AspNetCore.Diagnostics.DeveloperExceptionPageMiddlewareImpl.Invoke(HttpContext context)
2025-09-18 22:54:48.437 +06:00 [INF] Application Starting......
2025-09-18 22:54:49.623 +06:00 [INF] Start installing Hangfire SQL objects...
2025-09-18 22:54:49.941 +06:00 [INF] Hangfire SQL objects installed.
2025-09-18 22:54:50.282 +06:00 [INF] Starting Hangfire Server using job storage: 'SQL Server: DESKTOP-C1PAIKG\SQLEXPRESS01@UserManagementSystem'
2025-09-18 22:54:50.282 +06:00 [INF] Using the following options for SQL Server job storage: Queue poll interval: 00:00:00.
2025-09-18 22:54:50.282 +06:00 [INF] Using the following options for Hangfire Server:
    Worker count: 20
    Listening queues: 'default'
    Shutdown timeout: 00:00:15
    Schedule polling interval: 00:00:15
2025-09-18 22:54:50.296 +06:00 [DBG] Execution loop BackgroundServerProcess:eb028ad6 has started in 4.925 ms
2025-09-18 22:54:50.412 +06:00 [INF] Server desktop-c1paikg:13668:f6011fb7 successfully announced in 113.6223 ms
2025-09-18 22:54:50.417 +06:00 [DBG] Execution loop ServerHeartbeatProcess:a8907eee has started in 4.7568 ms
2025-09-18 22:54:50.418 +06:00 [INF] Server desktop-c1paikg:13668:f6011fb7 is starting the registered dispatchers: ServerWatchdog, ServerJobCancellationWatcher, SqlServerHeartbeatProcess, ExpirationManager, CountersAggregator, Worker, DelayedJobScheduler, RecurringJobScheduler...
2025-09-18 22:54:50.422 +06:00 [DBG] Execution loop ServerWatchdog:bc92589f has started in 3.9273 ms
2025-09-18 22:54:50.458 +06:00 [DBG] Execution loop ServerJobCancellationWatcher:3707f9aa has started in 39.5179 ms
2025-09-18 22:54:50.508 +06:00 [DBG] Execution loop SqlServerHeartbeatProcess:a506130d has started in 85.8065 ms
2025-09-18 22:54:50.522 +06:00 [DBG] Execution loop ExpirationManager:31dcd6b1 has started in 63.339 ms
2025-09-18 22:54:50.523 +06:00 [DBG] Removing outdated records from the 'AggregatedCounter' table...
2025-09-18 22:54:50.544 +06:00 [DBG] Execution loop CountersAggregator:9269fce6 has started in 21.2511 ms
2025-09-18 22:54:50.545 +06:00 [DBG] Aggregating records in 'Counter' table...
2025-09-18 22:54:50.569 +06:00 [DBG] Execution loop Worker:4f6cb9af has started in 24.6062 ms
2025-09-18 22:54:50.661 +06:00 [INF] 4 servers were removed due to timeout
2025-09-18 22:54:50.661 +06:00 [DBG] Execution loop Worker:af4008b6 has started in 116.9939 ms
2025-09-18 22:54:50.671 +06:00 [DBG] Execution loop Worker:7877d97d has started in 126.611 ms
2025-09-18 22:54:50.678 +06:00 [DBG] Execution loop Worker:df601da0 has started in 133.7835 ms
2025-09-18 22:54:50.690 +06:00 [DBG] Execution loop Worker:7dc51eb6 has started in 146.3377 ms
2025-09-18 22:54:50.712 +06:00 [DBG] Execution loop Worker:a0522db8 has started in 167.4172 ms
2025-09-18 22:54:50.725 +06:00 [DBG] Removing outdated records from the 'Job' table...
2025-09-18 22:54:50.730 +06:00 [DBG] Execution loop Worker:bec31505 has started in 182.9738 ms
2025-09-18 22:54:50.771 +06:00 [DBG] Execution loop Worker:6b63e059 has started in 226.5136 ms
2025-09-18 22:54:50.771 +06:00 [DBG] Execution loop Worker:c57aa0b3 has started in 226.7719 ms
2025-09-18 22:54:50.776 +06:00 [DBG] Execution loop Worker:17ec3c53 has started in 232.2583 ms
2025-09-18 22:54:50.780 +06:00 [DBG] Execution loop Worker:3f293b98 has started in 236.1571 ms
2025-09-18 22:54:50.789 +06:00 [DBG] Execution loop Worker:5e0b2ee8 has started in 244.8935 ms
2025-09-18 22:54:50.795 +06:00 [DBG] Execution loop Worker:b01b9b9f has started in 250.4074 ms
2025-09-18 22:54:50.801 +06:00 [DBG] Execution loop Worker:8f2f5a2e has started in 256.5196 ms
2025-09-18 22:54:50.805 +06:00 [DBG] Execution loop Worker:90b3744d has started in 260.7621 ms
2025-09-18 22:54:50.809 +06:00 [DBG] Execution loop Worker:fd54d194 has started in 265.3131 ms
2025-09-18 22:54:50.816 +06:00 [DBG] Removing outdated records from the 'List' table...
2025-09-18 22:54:50.818 +06:00 [DBG] Execution loop Worker:ef48531c has started in 273.5922 ms
2025-09-18 22:54:50.831 +06:00 [DBG] Removing outdated records from the 'Set' table...
2025-09-18 22:54:50.834 +06:00 [DBG] Execution loop Worker:3fa1df75 has started in 289.8144 ms
2025-09-18 22:54:50.845 +06:00 [DBG] Execution loop Worker:e2ca6c75 has started in 300.727 ms
2025-09-18 22:54:50.877 +06:00 [DBG] Removing outdated records from the 'Hash' table...
2025-09-18 22:54:50.877 +06:00 [DBG] Execution loop Worker:31b9e0c4 has started in 333.1242 ms
2025-09-18 22:54:50.883 +06:00 [DBG] Execution loop DelayedJobScheduler:793497de has started in 38.5392 ms
2025-09-18 22:54:50.923 +06:00 [INF] Server desktop-c1paikg:13668:f6011fb7 all the dispatchers started
2025-09-18 22:54:50.923 +06:00 [DBG] Execution loop RecurringJobScheduler:cbddd50b has started in 39.902 ms
2025-09-18 22:54:57.605 +06:00 [WRN] You do not have a valid license key for the Lucky Penny software MediatR. This is allowed for development and testing scenarios. If you are running in production you are required to have a licensed version. Please visit https://luckypennysoftware.com to obtain a valid license.
2025-09-18 22:54:58.380 +06:00 [WRN] The query uses the 'First'/'FirstOrDefault' operator without 'OrderBy' and filter operators. This may lead to unpredictable results.
2025-09-18 22:54:58.492 +06:00 [ERR] An exception occurred while iterating over the results of a query for context type 'UserManagementSystem.Infrastructure.UserManagementSystemContext'.
System.InvalidOperationException: 'FromSql' or 'SqlQuery' was called with non-composable SQL and with a query composing over it. Consider calling 'AsEnumerable' after the method to perform the composition on the client side.
   at Microsoft.EntityFrameworkCore.Query.QuerySqlGenerator.CheckComposableSqlTrimmed(ReadOnlySpan`1 sql)
   at Microsoft.EntityFrameworkCore.SqlServer.Query.Internal.SqlServerQuerySqlGenerator.CheckComposableSqlTrimmed(ReadOnlySpan`1 sql)
   at Microsoft.EntityFrameworkCore.Query.QuerySqlGenerator.CheckComposableSql(String sql)
   at Microsoft.EntityFrameworkCore.Query.QuerySqlGenerator.VisitFromSql(FromSqlExpression fromSqlExpression)
   at Microsoft.EntityFrameworkCore.Query.SqlExpressionVisitor.VisitExtension(Expression extensionExpression)
   at Microsoft.EntityFrameworkCore.SqlServer.Query.Internal.SqlServerQuerySqlGenerator.VisitExtension(Expression extensionExpression)
   at Microsoft.EntityFrameworkCore.Query.QuerySqlGenerator.<GenerateFrom>b__51_0(TableExpressionBase e)
   at Microsoft.EntityFrameworkCore.Query.QuerySqlGenerator.GenerateList[T](IReadOnlyList`1 items, Action`1 generationAction, Action`1 joinAction)
   at Microsoft.EntityFrameworkCore.Query.QuerySqlGenerator.GenerateFrom(SelectExpression selectExpression)
   at Microsoft.EntityFrameworkCore.SqlServer.Query.Internal.SqlServerQuerySqlGenerator.GenerateFrom(SelectExpression selectExpression)
   at Microsoft.EntityFrameworkCore.Query.QuerySqlGenerator.VisitSelect(SelectExpression selectExpression)
   at Microsoft.EntityFrameworkCore.SqlServer.Query.Internal.SqlServerQuerySqlGenerator.VisitSelect(SelectExpression selectExpression)
   at Microsoft.EntityFrameworkCore.Query.QuerySqlGenerator.GenerateRootCommand(Expression queryExpression)
   at Microsoft.EntityFrameworkCore.Query.QuerySqlGenerator.GetCommand(Expression queryExpression)
   at Microsoft.EntityFrameworkCore.Query.Internal.RelationalCommandCache.GetRelationalCommandTemplate(IReadOnlyDictionary`2 parameters)
   at Microsoft.EntityFrameworkCore.Internal.RelationalCommandResolverExtensions.RentAndPopulateRelationalCommand(RelationalCommandResolver relationalCommandResolver, RelationalQueryContext queryContext)
   at Microsoft.EntityFrameworkCore.Query.Internal.SingleQueryingEnumerable`1.AsyncEnumerator.InitializeReaderAsync(AsyncEnumerator enumerator, CancellationToken cancellationToken)
   at Microsoft.EntityFrameworkCore.SqlServer.Storage.Internal.SqlServerExecutionStrategy.ExecuteAsync[TState,TResult](TState state, Func`4 operation, Func`4 verifySucceeded, CancellationToken cancellationToken)
   at Microsoft.EntityFrameworkCore.Query.Internal.SingleQueryingEnumerable`1.AsyncEnumerator.MoveNextAsync()
System.InvalidOperationException: 'FromSql' or 'SqlQuery' was called with non-composable SQL and with a query composing over it. Consider calling 'AsEnumerable' after the method to perform the composition on the client side.
   at Microsoft.EntityFrameworkCore.Query.QuerySqlGenerator.CheckComposableSqlTrimmed(ReadOnlySpan`1 sql)
   at Microsoft.EntityFrameworkCore.SqlServer.Query.Internal.SqlServerQuerySqlGenerator.CheckComposableSqlTrimmed(ReadOnlySpan`1 sql)
   at Microsoft.EntityFrameworkCore.Query.QuerySqlGenerator.CheckComposableSql(String sql)
   at Microsoft.EntityFrameworkCore.Query.QuerySqlGenerator.VisitFromSql(FromSqlExpression fromSqlExpression)
   at Microsoft.EntityFrameworkCore.Query.SqlExpressionVisitor.VisitExtension(Expression extensionExpression)
   at Microsoft.EntityFrameworkCore.SqlServer.Query.Internal.SqlServerQuerySqlGenerator.VisitExtension(Expression extensionExpression)
   at Microsoft.EntityFrameworkCore.Query.QuerySqlGenerator.<GenerateFrom>b__51_0(TableExpressionBase e)
   at Microsoft.EntityFrameworkCore.Query.QuerySqlGenerator.GenerateList[T](IReadOnlyList`1 items, Action`1 generationAction, Action`1 joinAction)
   at Microsoft.EntityFrameworkCore.Query.QuerySqlGenerator.GenerateFrom(SelectExpression selectExpression)
   at Microsoft.EntityFrameworkCore.SqlServer.Query.Internal.SqlServerQuerySqlGenerator.GenerateFrom(SelectExpression selectExpression)
   at Microsoft.EntityFrameworkCore.Query.QuerySqlGenerator.VisitSelect(SelectExpression selectExpression)
   at Microsoft.EntityFrameworkCore.SqlServer.Query.Internal.SqlServerQuerySqlGenerator.VisitSelect(SelectExpression selectExpression)
   at Microsoft.EntityFrameworkCore.Query.QuerySqlGenerator.GenerateRootCommand(Expression queryExpression)
   at Microsoft.EntityFrameworkCore.Query.QuerySqlGenerator.GetCommand(Expression queryExpression)
   at Microsoft.EntityFrameworkCore.Query.Internal.RelationalCommandCache.GetRelationalCommandTemplate(IReadOnlyDictionary`2 parameters)
   at Microsoft.EntityFrameworkCore.Internal.RelationalCommandResolverExtensions.RentAndPopulateRelationalCommand(RelationalCommandResolver relationalCommandResolver, RelationalQueryContext queryContext)
   at Microsoft.EntityFrameworkCore.Query.Internal.SingleQueryingEnumerable`1.AsyncEnumerator.InitializeReaderAsync(AsyncEnumerator enumerator, CancellationToken cancellationToken)
   at Microsoft.EntityFrameworkCore.SqlServer.Storage.Internal.SqlServerExecutionStrategy.ExecuteAsync[TState,TResult](TState state, Func`4 operation, Func`4 verifySucceeded, CancellationToken cancellationToken)
   at Microsoft.EntityFrameworkCore.Query.Internal.SingleQueryingEnumerable`1.AsyncEnumerator.MoveNextAsync()
2025-09-18 22:54:58.665 +06:00 [ERR] Failed to add User
System.InvalidOperationException: 'FromSql' or 'SqlQuery' was called with non-composable SQL and with a query composing over it. Consider calling 'AsEnumerable' after the method to perform the composition on the client side.
   at Microsoft.EntityFrameworkCore.Query.QuerySqlGenerator.CheckComposableSqlTrimmed(ReadOnlySpan`1 sql)
   at Microsoft.EntityFrameworkCore.SqlServer.Query.Internal.SqlServerQuerySqlGenerator.CheckComposableSqlTrimmed(ReadOnlySpan`1 sql)
   at Microsoft.EntityFrameworkCore.Query.QuerySqlGenerator.CheckComposableSql(String sql)
   at Microsoft.EntityFrameworkCore.Query.QuerySqlGenerator.VisitFromSql(FromSqlExpression fromSqlExpression)
   at Microsoft.EntityFrameworkCore.Query.SqlExpressionVisitor.VisitExtension(Expression extensionExpression)
   at Microsoft.EntityFrameworkCore.SqlServer.Query.Internal.SqlServerQuerySqlGenerator.VisitExtension(Expression extensionExpression)
   at Microsoft.EntityFrameworkCore.Query.QuerySqlGenerator.<GenerateFrom>b__51_0(TableExpressionBase e)
   at Microsoft.EntityFrameworkCore.Query.QuerySqlGenerator.GenerateList[T](IReadOnlyList`1 items, Action`1 generationAction, Action`1 joinAction)
   at Microsoft.EntityFrameworkCore.Query.QuerySqlGenerator.GenerateFrom(SelectExpression selectExpression)
   at Microsoft.EntityFrameworkCore.SqlServer.Query.Internal.SqlServerQuerySqlGenerator.GenerateFrom(SelectExpression selectExpression)
   at Microsoft.EntityFrameworkCore.Query.QuerySqlGenerator.VisitSelect(SelectExpression selectExpression)
   at Microsoft.EntityFrameworkCore.SqlServer.Query.Internal.SqlServerQuerySqlGenerator.VisitSelect(SelectExpression selectExpression)
   at Microsoft.EntityFrameworkCore.Query.QuerySqlGenerator.GenerateRootCommand(Expression queryExpression)
   at Microsoft.EntityFrameworkCore.Query.QuerySqlGenerator.GetCommand(Expression queryExpression)
   at Microsoft.EntityFrameworkCore.Query.Internal.RelationalCommandCache.GetRelationalCommandTemplate(IReadOnlyDictionary`2 parameters)
   at Microsoft.EntityFrameworkCore.Internal.RelationalCommandResolverExtensions.RentAndPopulateRelationalCommand(RelationalCommandResolver relationalCommandResolver, RelationalQueryContext queryContext)
   at Microsoft.EntityFrameworkCore.Query.Internal.SingleQueryingEnumerable`1.AsyncEnumerator.InitializeReaderAsync(AsyncEnumerator enumerator, CancellationToken cancellationToken)
   at Microsoft.EntityFrameworkCore.SqlServer.Storage.Internal.SqlServerExecutionStrategy.ExecuteAsync[TState,TResult](TState state, Func`4 operation, Func`4 verifySucceeded, CancellationToken cancellationToken)
   at Microsoft.EntityFrameworkCore.Query.Internal.SingleQueryingEnumerable`1.AsyncEnumerator.MoveNextAsync()
   at Microsoft.EntityFrameworkCore.Query.ShapedQueryCompilingExpressionVisitor.SingleOrDefaultAsync[TSource](IAsyncEnumerable`1 asyncEnumerable, CancellationToken cancellationToken)
   at Microsoft.EntityFrameworkCore.Query.ShapedQueryCompilingExpressionVisitor.SingleOrDefaultAsync[TSource](IAsyncEnumerable`1 asyncEnumerable, CancellationToken cancellationToken)
   at UserManagementSystem.Infrastructure.Repositories.BaseRepository`1.CreateAsync(T entity) in D:\.Net Alamin\CRUD User\User-Management-System\src\UserManagementSystem\UserManagementSystem.Infrastructure\Repositories\BaseRepository.cs:line 52
   at UserManagementSystem.Application.Features.Users.Commands.UserAddCommandHandler.Handle(UserAddCommand request, CancellationToken cancellationToken) in D:\.Net Alamin\CRUD User\User-Management-System\src\UserManagementSystem\UserManagementSystem.Application\Features\Users\Commands\UserAddCommandHandler.cs:line 28
   at UserManagementSystem.Api.Controllers.UsersController.AddUser(UserAddCommand userAddCommand) in D:\.Net Alamin\CRUD User\User-Management-System\src\UserManagementSystem\UserManagementSystem.Api\Controllers\UsersController.cs:line 43
2025-09-18 22:54:58.679 +06:00 [ERR] An unhandled exception has occurred while executing the request.
System.NotSupportedException: Serialization and deserialization of 'System.Reflection.MethodBase' instances is not supported. Path: $.TargetSite.
 ---> System.NotSupportedException: Serialization and deserialization of 'System.Reflection.MethodBase' instances is not supported.
   at System.Text.Json.Serialization.Converters.UnsupportedTypeConverter`1.Write(Utf8JsonWriter writer, T value, JsonSerializerOptions options)
   at System.Text.Json.Serialization.JsonConverter`1.TryWrite(Utf8JsonWriter writer, T& value, JsonSerializerOptions options, WriteStack& state)
   at System.Text.Json.Serialization.Metadata.JsonPropertyInfo`1.GetMemberAndWriteJson(Object obj, WriteStack& state, Utf8JsonWriter writer)
   at System.Text.Json.Serialization.Converters.ObjectDefaultConverter`1.OnTryWrite(Utf8JsonWriter writer, T value, JsonSerializerOptions options, WriteStack& state)
   at System.Text.Json.Serialization.JsonConverter`1.TryWrite(Utf8JsonWriter writer, T& value, JsonSerializerOptions options, WriteStack& state)
   at System.Text.Json.Serialization.JsonConverter`1.WriteCore(Utf8JsonWriter writer, T& value, JsonSerializerOptions options, WriteStack& state)
   --- End of inner exception stack trace ---
   at System.Text.Json.ThrowHelper.ThrowNotSupportedException(WriteStack& state, Exception innerException)
   at System.Text.Json.Serialization.JsonConverter`1.WriteCore(Utf8JsonWriter writer, T& value, JsonSerializerOptions options, WriteStack& state)
   at System.Text.Json.Serialization.Metadata.JsonTypeInfo`1.SerializeAsync(PipeWriter pipeWriter, T rootValue, Int32 flushThreshold, CancellationToken cancellationToken, Object rootValueBoxed)
   at System.Text.Json.Serialization.Metadata.JsonTypeInfo`1.SerializeAsync(PipeWriter pipeWriter, T rootValue, Int32 flushThreshold, CancellationToken cancellationToken, Object rootValueBoxed)
   at System.Text.Json.Serialization.Metadata.JsonTypeInfo`1.SerializeAsync(PipeWriter pipeWriter, T rootValue, Int32 flushThreshold, CancellationToken cancellationToken, Object rootValueBoxed)
   at Microsoft.AspNetCore.Mvc.Formatters.SystemTextJsonOutputFormatter.WriteResponseBodyAsync(OutputFormatterWriteContext context, Encoding selectedEncoding)
   at Microsoft.AspNetCore.Mvc.Infrastructure.ResourceInvoker.<InvokeNextResultFilterAsync>g__Awaited|30_0[TFilter,TFilterAsync](ResourceInvoker invoker, Task lastTask, State next, Scope scope, Object state, Boolean isCompleted)
   at Microsoft.AspNetCore.Mvc.Infrastructure.ResourceInvoker.Rethrow(ResultExecutedContextSealed context)
   at Microsoft.AspNetCore.Mvc.Infrastructure.ResourceInvoker.ResultNext[TFilter,TFilterAsync](State& next, Scope& scope, Object& state, Boolean& isCompleted)
   at Microsoft.AspNetCore.Mvc.Infrastructure.ResourceInvoker.InvokeResultFilters()
--- End of stack trace from previous location ---
   at Microsoft.AspNetCore.Mvc.Infrastructure.ResourceInvoker.<InvokeFilterPipelineAsync>g__Awaited|20_0(ResourceInvoker invoker, Task lastTask, State next, Scope scope, Object state, Boolean isCompleted)
   at Microsoft.AspNetCore.Mvc.Infrastructure.ResourceInvoker.<InvokeAsync>g__Awaited|17_0(ResourceInvoker invoker, Task task, IDisposable scope)
   at Microsoft.AspNetCore.Mvc.Infrastructure.ResourceInvoker.<InvokeAsync>g__Awaited|17_0(ResourceInvoker invoker, Task task, IDisposable scope)
   at Microsoft.AspNetCore.Authorization.AuthorizationMiddleware.Invoke(HttpContext context)
   at Microsoft.AspNetCore.Authentication.AuthenticationMiddleware.Invoke(HttpContext context)
   at Swashbuckle.AspNetCore.SwaggerUI.SwaggerUIMiddleware.Invoke(HttpContext httpContext)
   at Microsoft.AspNetCore.Diagnostics.DeveloperExceptionPageMiddlewareImpl.Invoke(HttpContext context)
2025-09-18 22:55:20.698 +06:00 [DBG] Server desktop-c1paikg:13668:f6011fb7 heartbeat successfully sent
2025-09-18 22:55:50.700 +06:00 [DBG] Server desktop-c1paikg:13668:f6011fb7 heartbeat successfully sent
2025-09-18 22:56:20.713 +06:00 [DBG] Server desktop-c1paikg:13668:f6011fb7 heartbeat successfully sent
2025-09-18 22:56:50.722 +06:00 [DBG] Server desktop-c1paikg:13668:f6011fb7 heartbeat successfully sent
2025-09-18 22:57:20.732 +06:00 [DBG] Server desktop-c1paikg:13668:f6011fb7 heartbeat successfully sent
2025-09-18 22:57:37.009 +06:00 [INF] Application Starting......
2025-09-18 22:57:38.186 +06:00 [INF] Start installing Hangfire SQL objects...
2025-09-18 22:57:38.562 +06:00 [INF] Hangfire SQL objects installed.
2025-09-18 22:57:38.891 +06:00 [INF] Starting Hangfire Server using job storage: 'SQL Server: DESKTOP-C1PAIKG\SQLEXPRESS01@UserManagementSystem'
2025-09-18 22:57:38.891 +06:00 [INF] Using the following options for SQL Server job storage: Queue poll interval: 00:00:00.
2025-09-18 22:57:38.891 +06:00 [INF] Using the following options for Hangfire Server:
    Worker count: 20
    Listening queues: 'default'
    Shutdown timeout: 00:00:15
    Schedule polling interval: 00:00:15
2025-09-18 22:57:38.940 +06:00 [DBG] Execution loop BackgroundServerProcess:f72fc82f has started in 5.7732 ms
2025-09-18 22:57:39.044 +06:00 [INF] Server desktop-c1paikg:18984:8af5bb4b successfully announced in 102.1977 ms
2025-09-18 22:57:39.048 +06:00 [DBG] Execution loop ServerHeartbeatProcess:614439ea has started in 3.3853 ms
2025-09-18 22:57:39.048 +06:00 [INF] Server desktop-c1paikg:18984:8af5bb4b is starting the registered dispatchers: ServerWatchdog, ServerJobCancellationWatcher, SqlServerHeartbeatProcess, ExpirationManager, CountersAggregator, Worker, DelayedJobScheduler, RecurringJobScheduler...
2025-09-18 22:57:39.051 +06:00 [DBG] Execution loop ServerWatchdog:33bdc91b has started in 2.8801 ms
2025-09-18 22:57:39.054 +06:00 [DBG] Execution loop ServerJobCancellationWatcher:acbb1229 has started in 4.694 ms
2025-09-18 22:57:39.056 +06:00 [DBG] Execution loop SqlServerHeartbeatProcess:69f8fa90 has started in 4.854 ms
2025-09-18 22:57:39.059 +06:00 [DBG] Execution loop ExpirationManager:03a8f260 has started in 4.7658 ms
2025-09-18 22:57:39.061 +06:00 [DBG] Execution loop CountersAggregator:6c7a91cd has started in 4.5746 ms
2025-09-18 22:57:39.061 +06:00 [DBG] Aggregating records in 'Counter' table...
2025-09-18 22:57:39.065 +06:00 [DBG] Execution loop Worker:5ccabff6 has started in 6.0086 ms
2025-09-18 22:57:39.094 +06:00 [DBG] Execution loop Worker:b823cfc1 has started in 8.7259 ms
2025-09-18 22:57:39.094 +06:00 [DBG] Execution loop Worker:786def3c has started in 35.8887 ms
2025-09-18 22:57:39.095 +06:00 [DBG] Removing outdated records from the 'AggregatedCounter' table...
2025-09-18 22:57:39.098 +06:00 [DBG] Execution loop Worker:eb2810f3 has started in 38.875 ms
2025-09-18 22:57:39.125 +06:00 [DBG] Execution loop Worker:8105cc25 has started in 66.1582 ms
2025-09-18 22:57:39.156 +06:00 [DBG] Execution loop Worker:a2930372 has started in 97.5141 ms
2025-09-18 22:57:39.156 +06:00 [DBG] Execution loop Worker:2f927079 has started in 97.5141 ms
2025-09-18 22:57:39.188 +06:00 [DBG] Execution loop Worker:de57cd49 has started in 128.9862 ms
2025-09-18 22:57:39.188 +06:00 [DBG] Execution loop Worker:a01611af has started in 129.0202 ms
2025-09-18 22:57:39.192 +06:00 [DBG] Execution loop Worker:a0a53d7f has started in 133.5115 ms
2025-09-18 22:57:39.196 +06:00 [DBG] Execution loop Worker:13d2cc91 has started in 137.1726 ms
2025-09-18 22:57:39.200 +06:00 [DBG] Execution loop Worker:fdc5c3be has started in 140.9447 ms
2025-09-18 22:57:39.204 +06:00 [DBG] Execution loop Worker:4898f262 has started in 145.3291 ms
2025-09-18 22:57:39.210 +06:00 [DBG] Execution loop Worker:cb19b8ac has started in 151.2065 ms
2025-09-18 22:57:39.215 +06:00 [DBG] Execution loop Worker:5819a487 has started in 156.6358 ms
2025-09-18 22:57:39.219 +06:00 [DBG] Execution loop Worker:11942fce has started in 160.9094 ms
2025-09-18 22:57:39.223 +06:00 [DBG] Execution loop Worker:02726a01 has started in 164.8873 ms
2025-09-18 22:57:39.227 +06:00 [DBG] Execution loop Worker:a56c20c8 has started in 168.0703 ms
2025-09-18 22:57:39.271 +06:00 [DBG] Execution loop Worker:82f028b0 has started in 212.4688 ms
2025-09-18 22:57:39.271 +06:00 [DBG] Execution loop Worker:ecfea8db has started in 212.381 ms
2025-09-18 22:57:39.282 +06:00 [DBG] Execution loop DelayedJobScheduler:d22f97a5 has started in 12.1459 ms
2025-09-18 22:57:39.285 +06:00 [INF] Server desktop-c1paikg:18984:8af5bb4b all the dispatchers started
2025-09-18 22:57:39.312 +06:00 [DBG] Execution loop RecurringJobScheduler:29a079d9 has started in 30.1172 ms
2025-09-18 22:57:39.321 +06:00 [DBG] Removing outdated records from the 'Job' table...
2025-09-18 22:57:39.335 +06:00 [DBG] Removing outdated records from the 'List' table...
2025-09-18 22:57:39.337 +06:00 [DBG] Removing outdated records from the 'Set' table...
2025-09-18 22:57:39.339 +06:00 [DBG] Removing outdated records from the 'Hash' table...
2025-09-18 22:57:45.963 +06:00 [WRN] You do not have a valid license key for the Lucky Penny software MediatR. This is allowed for development and testing scenarios. If you are running in production you are required to have a licensed version. Please visit https://luckypennysoftware.com to obtain a valid license.
2025-09-18 22:57:46.642 +06:00 [INF] User added successfully
2025-09-18 22:58:09.177 +06:00 [DBG] Server desktop-c1paikg:18984:8af5bb4b heartbeat successfully sent
2025-09-18 23:00:48.641 +06:00 [INF] Application Starting......
2025-09-18 23:00:49.798 +06:00 [INF] Start installing Hangfire SQL objects...
2025-09-18 23:00:50.184 +06:00 [INF] Hangfire SQL objects installed.
2025-09-18 23:00:50.528 +06:00 [INF] Starting Hangfire Server using job storage: 'SQL Server: DESKTOP-C1PAIKG\SQLEXPRESS01@UserManagementSystem'
2025-09-18 23:00:50.528 +06:00 [INF] Using the following options for SQL Server job storage: Queue poll interval: 00:00:00.
2025-09-18 23:00:50.528 +06:00 [INF] Using the following options for Hangfire Server:
    Worker count: 20
    Listening queues: 'default'
    Shutdown timeout: 00:00:15
    Schedule polling interval: 00:00:15
2025-09-18 23:00:50.542 +06:00 [DBG] Execution loop BackgroundServerProcess:71cfa556 has started in 8.8982 ms
2025-09-18 23:00:50.643 +06:00 [INF] Server desktop-c1paikg:16612:164f14cd successfully announced in 99.4526 ms
2025-09-18 23:00:50.647 +06:00 [DBG] Execution loop ServerHeartbeatProcess:6e3ab769 has started in 3.3361 ms
2025-09-18 23:00:50.648 +06:00 [INF] Server desktop-c1paikg:16612:164f14cd is starting the registered dispatchers: ServerWatchdog, ServerJobCancellationWatcher, SqlServerHeartbeatProcess, ExpirationManager, CountersAggregator, Worker, DelayedJobScheduler, RecurringJobScheduler...
2025-09-18 23:00:50.651 +06:00 [DBG] Execution loop ServerWatchdog:d5edddea has started in 2.9074 ms
2025-09-18 23:00:50.653 +06:00 [DBG] Execution loop ServerJobCancellationWatcher:1b6d6c34 has started in 5.0018 ms
2025-09-18 23:00:50.657 +06:00 [DBG] Execution loop SqlServerHeartbeatProcess:8794b873 has started in 5.5015 ms
2025-09-18 23:00:50.689 +06:00 [DBG] Execution loop ExpirationManager:3e5a1bfc has started in 35.9082 ms
2025-09-18 23:00:50.692 +06:00 [DBG] Execution loop CountersAggregator:ab63074c has started in 35.6769 ms
2025-09-18 23:00:50.693 +06:00 [DBG] Aggregating records in 'Counter' table...
2025-09-18 23:00:50.696 +06:00 [DBG] Execution loop Worker:39e896a0 has started in 6.8572 ms
2025-09-18 23:00:50.721 +06:00 [DBG] Execution loop Worker:1c6954ab has started in 31.808 ms
2025-09-18 23:00:50.721 +06:00 [DBG] Execution loop Worker:41e48ab9 has started in 31.9196 ms
2025-09-18 23:00:50.721 +06:00 [DBG] Removing outdated records from the 'AggregatedCounter' table...
2025-09-18 23:00:50.724 +06:00 [DBG] Execution loop Worker:c655aa1e has started in 34.7418 ms
2025-09-18 23:00:50.752 +06:00 [DBG] Execution loop Worker:01ac0760 has started in 62.9071 ms
2025-09-18 23:00:50.752 +06:00 [DBG] Execution loop Worker:b39fbf4a has started in 63.0503 ms
2025-09-18 23:00:50.756 +06:00 [DBG] Execution loop Worker:470ecf27 has started in 66.8609 ms
2025-09-18 23:00:50.784 +06:00 [DBG] Execution loop Worker:780b6b9b has started in 94.0527 ms
2025-09-18 23:00:50.784 +06:00 [DBG] Execution loop Worker:693befe7 has started in 94.2162 ms
2025-09-18 23:00:50.786 +06:00 [DBG] Execution loop Worker:60d9f45a has started in 96.9057 ms
2025-09-18 23:00:50.815 +06:00 [DBG] Execution loop Worker:4387750a has started in 125.7246 ms
2025-09-18 23:00:50.815 +06:00 [DBG] Execution loop Worker:0542bca4 has started in 126.0896 ms
2025-09-18 23:00:50.820 +06:00 [DBG] Execution loop Worker:2d5ce8c9 has started in 130.2591 ms
2025-09-18 23:00:50.824 +06:00 [DBG] Execution loop Worker:e41015e1 has started in 134.8485 ms
2025-09-18 23:00:50.829 +06:00 [DBG] Execution loop Worker:b83e1794 has started in 139.1241 ms
2025-09-18 23:00:50.833 +06:00 [DBG] Execution loop Worker:49282d6f has started in 143.783 ms
2025-09-18 23:00:50.841 +06:00 [DBG] Execution loop Worker:0e869dd8 has started in 151.7602 ms
2025-09-18 23:00:50.851 +06:00 [DBG] Execution loop Worker:152bacf7 has started in 162.1023 ms
2025-09-18 23:00:50.852 +06:00 [DBG] Removing outdated records from the 'Job' table...
2025-09-18 23:00:50.880 +06:00 [DBG] Execution loop Worker:661b54ef has started in 190.5059 ms
2025-09-18 23:00:50.880 +06:00 [DBG] Execution loop Worker:94bd71b0 has started in 190.5287 ms
2025-09-18 23:00:50.886 +06:00 [DBG] Removing outdated records from the 'List' table...
2025-09-18 23:00:50.886 +06:00 [DBG] Execution loop DelayedJobScheduler:94ac6bf7 has started in 6.8216 ms
2025-09-18 23:00:50.912 +06:00 [INF] Server desktop-c1paikg:16612:164f14cd all the dispatchers started
2025-09-18 23:00:50.913 +06:00 [DBG] Execution loop RecurringJobScheduler:da80ca36 has started in 31.2772 ms
2025-09-18 23:00:50.945 +06:00 [DBG] Removing outdated records from the 'Set' table...
2025-09-18 23:00:50.965 +06:00 [DBG] Removing outdated records from the 'Hash' table...
2025-09-18 23:01:01.086 +06:00 [WRN] You do not have a valid license key for the Lucky Penny software MediatR. This is allowed for development and testing scenarios. If you are running in production you are required to have a licensed version. Please visit https://luckypennysoftware.com to obtain a valid license.
2025-09-18 23:01:01.797 +06:00 [WRN] The query uses the 'First'/'FirstOrDefault' operator without 'OrderBy' and filter operators. This may lead to unpredictable results.
2025-09-18 23:01:01.907 +06:00 [ERR] An exception occurred while iterating over the results of a query for context type 'UserManagementSystem.Infrastructure.UserManagementSystemContext'.
System.InvalidOperationException: 'FromSql' or 'SqlQuery' was called with non-composable SQL and with a query composing over it. Consider calling 'AsEnumerable' after the method to perform the composition on the client side.
   at Microsoft.EntityFrameworkCore.Query.QuerySqlGenerator.CheckComposableSqlTrimmed(ReadOnlySpan`1 sql)
   at Microsoft.EntityFrameworkCore.SqlServer.Query.Internal.SqlServerQuerySqlGenerator.CheckComposableSqlTrimmed(ReadOnlySpan`1 sql)
   at Microsoft.EntityFrameworkCore.Query.QuerySqlGenerator.CheckComposableSql(String sql)
   at Microsoft.EntityFrameworkCore.Query.QuerySqlGenerator.VisitFromSql(FromSqlExpression fromSqlExpression)
   at Microsoft.EntityFrameworkCore.Query.SqlExpressionVisitor.VisitExtension(Expression extensionExpression)
   at Microsoft.EntityFrameworkCore.SqlServer.Query.Internal.SqlServerQuerySqlGenerator.VisitExtension(Expression extensionExpression)
   at Microsoft.EntityFrameworkCore.Query.QuerySqlGenerator.<GenerateFrom>b__51_0(TableExpressionBase e)
   at Microsoft.EntityFrameworkCore.Query.QuerySqlGenerator.GenerateList[T](IReadOnlyList`1 items, Action`1 generationAction, Action`1 joinAction)
   at Microsoft.EntityFrameworkCore.Query.QuerySqlGenerator.GenerateFrom(SelectExpression selectExpression)
   at Microsoft.EntityFrameworkCore.SqlServer.Query.Internal.SqlServerQuerySqlGenerator.GenerateFrom(SelectExpression selectExpression)
   at Microsoft.EntityFrameworkCore.Query.QuerySqlGenerator.VisitSelect(SelectExpression selectExpression)
   at Microsoft.EntityFrameworkCore.SqlServer.Query.Internal.SqlServerQuerySqlGenerator.VisitSelect(SelectExpression selectExpression)
   at Microsoft.EntityFrameworkCore.Query.QuerySqlGenerator.GenerateRootCommand(Expression queryExpression)
   at Microsoft.EntityFrameworkCore.Query.QuerySqlGenerator.GetCommand(Expression queryExpression)
   at Microsoft.EntityFrameworkCore.Query.Internal.RelationalCommandCache.GetRelationalCommandTemplate(IReadOnlyDictionary`2 parameters)
   at Microsoft.EntityFrameworkCore.Internal.RelationalCommandResolverExtensions.RentAndPopulateRelationalCommand(RelationalCommandResolver relationalCommandResolver, RelationalQueryContext queryContext)
   at Microsoft.EntityFrameworkCore.Query.Internal.SingleQueryingEnumerable`1.AsyncEnumerator.InitializeReaderAsync(AsyncEnumerator enumerator, CancellationToken cancellationToken)
   at Microsoft.EntityFrameworkCore.SqlServer.Storage.Internal.SqlServerExecutionStrategy.ExecuteAsync[TState,TResult](TState state, Func`4 operation, Func`4 verifySucceeded, CancellationToken cancellationToken)
   at Microsoft.EntityFrameworkCore.Query.Internal.SingleQueryingEnumerable`1.AsyncEnumerator.MoveNextAsync()
System.InvalidOperationException: 'FromSql' or 'SqlQuery' was called with non-composable SQL and with a query composing over it. Consider calling 'AsEnumerable' after the method to perform the composition on the client side.
   at Microsoft.EntityFrameworkCore.Query.QuerySqlGenerator.CheckComposableSqlTrimmed(ReadOnlySpan`1 sql)
   at Microsoft.EntityFrameworkCore.SqlServer.Query.Internal.SqlServerQuerySqlGenerator.CheckComposableSqlTrimmed(ReadOnlySpan`1 sql)
   at Microsoft.EntityFrameworkCore.Query.QuerySqlGenerator.CheckComposableSql(String sql)
   at Microsoft.EntityFrameworkCore.Query.QuerySqlGenerator.VisitFromSql(FromSqlExpression fromSqlExpression)
   at Microsoft.EntityFrameworkCore.Query.SqlExpressionVisitor.VisitExtension(Expression extensionExpression)
   at Microsoft.EntityFrameworkCore.SqlServer.Query.Internal.SqlServerQuerySqlGenerator.VisitExtension(Expression extensionExpression)
   at Microsoft.EntityFrameworkCore.Query.QuerySqlGenerator.<GenerateFrom>b__51_0(TableExpressionBase e)
   at Microsoft.EntityFrameworkCore.Query.QuerySqlGenerator.GenerateList[T](IReadOnlyList`1 items, Action`1 generationAction, Action`1 joinAction)
   at Microsoft.EntityFrameworkCore.Query.QuerySqlGenerator.GenerateFrom(SelectExpression selectExpression)
   at Microsoft.EntityFrameworkCore.SqlServer.Query.Internal.SqlServerQuerySqlGenerator.GenerateFrom(SelectExpression selectExpression)
   at Microsoft.EntityFrameworkCore.Query.QuerySqlGenerator.VisitSelect(SelectExpression selectExpression)
   at Microsoft.EntityFrameworkCore.SqlServer.Query.Internal.SqlServerQuerySqlGenerator.VisitSelect(SelectExpression selectExpression)
   at Microsoft.EntityFrameworkCore.Query.QuerySqlGenerator.GenerateRootCommand(Expression queryExpression)
   at Microsoft.EntityFrameworkCore.Query.QuerySqlGenerator.GetCommand(Expression queryExpression)
   at Microsoft.EntityFrameworkCore.Query.Internal.RelationalCommandCache.GetRelationalCommandTemplate(IReadOnlyDictionary`2 parameters)
   at Microsoft.EntityFrameworkCore.Internal.RelationalCommandResolverExtensions.RentAndPopulateRelationalCommand(RelationalCommandResolver relationalCommandResolver, RelationalQueryContext queryContext)
   at Microsoft.EntityFrameworkCore.Query.Internal.SingleQueryingEnumerable`1.AsyncEnumerator.InitializeReaderAsync(AsyncEnumerator enumerator, CancellationToken cancellationToken)
   at Microsoft.EntityFrameworkCore.SqlServer.Storage.Internal.SqlServerExecutionStrategy.ExecuteAsync[TState,TResult](TState state, Func`4 operation, Func`4 verifySucceeded, CancellationToken cancellationToken)
   at Microsoft.EntityFrameworkCore.Query.Internal.SingleQueryingEnumerable`1.AsyncEnumerator.MoveNextAsync()
2025-09-18 23:04:47.318 +06:00 [INF] Application Starting......
2025-09-18 23:04:48.582 +06:00 [INF] Start installing Hangfire SQL objects...
2025-09-18 23:04:48.929 +06:00 [INF] Hangfire SQL objects installed.
2025-09-18 23:04:49.306 +06:00 [INF] Starting Hangfire Server using job storage: 'SQL Server: DESKTOP-C1PAIKG\SQLEXPRESS01@UserManagementSystem'
2025-09-18 23:04:49.306 +06:00 [INF] Using the following options for SQL Server job storage: Queue poll interval: 00:00:00.
2025-09-18 23:04:49.306 +06:00 [INF] Using the following options for Hangfire Server:
    Worker count: 20
    Listening queues: 'default'
    Shutdown timeout: 00:00:15
    Schedule polling interval: 00:00:15
2025-09-18 23:04:49.350 +06:00 [DBG] Execution loop BackgroundServerProcess:5692b059 has started in 4.76 ms
2025-09-18 23:04:49.486 +06:00 [INF] Server desktop-c1paikg:20332:1c2b0150 successfully announced in 130.9277 ms
2025-09-18 23:04:49.490 +06:00 [DBG] Execution loop ServerHeartbeatProcess:0ef5ee2b has started in 3.5881 ms
2025-09-18 23:04:49.490 +06:00 [INF] Server desktop-c1paikg:20332:1c2b0150 is starting the registered dispatchers: ServerWatchdog, ServerJobCancellationWatcher, SqlServerHeartbeatProcess, ExpirationManager, CountersAggregator, Worker, DelayedJobScheduler, RecurringJobScheduler...
2025-09-18 23:04:49.493 +06:00 [DBG] Execution loop ServerWatchdog:525404d0 has started in 3.0011 ms
2025-09-18 23:04:49.496 +06:00 [DBG] Execution loop ServerJobCancellationWatcher:6e59a3fa has started in 5.5117 ms
2025-09-18 23:04:49.499 +06:00 [DBG] Execution loop SqlServerHeartbeatProcess:c9f66947 has started in 5.5197 ms
2025-09-18 23:04:49.503 +06:00 [DBG] Execution loop ExpirationManager:668a7000 has started in 6.0498 ms
2025-09-18 23:04:49.504 +06:00 [DBG] Removing outdated records from the 'AggregatedCounter' table...
2025-09-18 23:04:49.508 +06:00 [DBG] Execution loop CountersAggregator:f6daa973 has started in 7.8863 ms
2025-09-18 23:04:49.508 +06:00 [DBG] Aggregating records in 'Counter' table...
2025-09-18 23:04:49.514 +06:00 [DBG] Execution loop Worker:8fa2dff5 has started in 6.7447 ms
2025-09-18 23:04:49.520 +06:00 [DBG] Execution loop Worker:287422b2 has started in 13.4432 ms
2025-09-18 23:04:49.523 +06:00 [INF] 2 servers were removed due to timeout
2025-09-18 23:04:49.523 +06:00 [DBG] Execution loop Worker:d2124123 has started in 16.144 ms
2025-09-18 23:04:49.526 +06:00 [DBG] Execution loop Worker:03dc85da has started in 19.2275 ms
2025-09-18 23:04:49.567 +06:00 [DBG] Execution loop Worker:bed9b1be has started in 60.5042 ms
2025-09-18 23:04:49.567 +06:00 [DBG] Execution loop Worker:37d79fad has started in 60.7848 ms
2025-09-18 23:04:49.577 +06:00 [DBG] Execution loop Worker:19952be9 has started in 70.4234 ms
2025-09-18 23:04:49.581 +06:00 [DBG] Execution loop Worker:c51a26e8 has started in 74.6395 ms
2025-09-18 23:04:49.585 +06:00 [DBG] Removing outdated records from the 'Job' table...
2025-09-18 23:04:49.585 +06:00 [DBG] Execution loop Worker:e8051192 has started in 78.3682 ms
2025-09-18 23:04:49.588 +06:00 [DBG] Execution loop Worker:28a72813 has started in 81.5456 ms
2025-09-18 23:04:49.593 +06:00 [DBG] Execution loop Worker:066aa884 has started in 86.0096 ms
2025-09-18 23:04:49.598 +06:00 [DBG] Execution loop Worker:535fa608 has started in 91.8569 ms
2025-09-18 23:04:49.605 +06:00 [DBG] Execution loop Worker:060b28b5 has started in 97.9556 ms
2025-09-18 23:04:49.611 +06:00 [DBG] Execution loop Worker:1cb2de19 has started in 104.3952 ms
2025-09-18 23:04:49.698 +06:00 [DBG] Execution loop Worker:d1cb5167 has started in 191.0303 ms
2025-09-18 23:04:49.711 +06:00 [DBG] Execution loop Worker:23a1f0ce has started in 204.535 ms
2025-09-18 23:04:49.712 +06:00 [DBG] Removing outdated records from the 'List' table...
2025-09-18 23:04:49.750 +06:00 [DBG] Execution loop Worker:1d46f206 has started in 243.0629 ms
2025-09-18 23:04:49.753 +06:00 [DBG] Removing outdated records from the 'Set' table...
2025-09-18 23:04:49.813 +06:00 [DBG] Execution loop Worker:a4b3117e has started in 306.1923 ms
2025-09-18 23:04:49.818 +06:00 [DBG] Execution loop Worker:80e860c2 has started in 311.6086 ms
2025-09-18 23:04:49.818 +06:00 [DBG] Execution loop Worker:38446185 has started in 311.9055 ms
2025-09-18 23:04:49.823 +06:00 [DBG] Execution loop DelayedJobScheduler:e4b961ae has started in 5.26 ms
2025-09-18 23:04:49.824 +06:00 [INF] Server desktop-c1paikg:20332:1c2b0150 all the dispatchers started
2025-09-18 23:04:49.863 +06:00 [DBG] Removing outdated records from the 'Hash' table...
2025-09-18 23:04:49.863 +06:00 [DBG] Execution loop RecurringJobScheduler:7376c78c has started in 39.9913 ms
2025-09-18 23:05:00.150 +06:00 [WRN] You do not have a valid license key for the Lucky Penny software MediatR. This is allowed for development and testing scenarios. If you are running in production you are required to have a licensed version. Please visit https://luckypennysoftware.com to obtain a valid license.
2025-09-18 23:05:00.994 +06:00 [ERR] Failed executing DbCommand (9ms) [Parameters=[p0='?' (DbType = Int32)], CommandType='"Text"', CommandTimeout='30']
EXEC sp_GetUsersById @Id = @p0
2025-09-18 23:05:01.004 +06:00 [ERR] An exception occurred while iterating over the results of a query for context type 'UserManagementSystem.Infrastructure.UserManagementSystemContext'.
Microsoft.Data.SqlClient.SqlException (0x80131904): Could not find stored procedure 'sp_GetUsersById'.
   at Microsoft.Data.SqlClient.SqlConnection.OnError(SqlException exception, Boolean breakConnection, Action`1 wrapCloseInAction)
   at Microsoft.Data.SqlClient.SqlInternalConnection.OnError(SqlException exception, Boolean breakConnection, Action`1 wrapCloseInAction)
   at Microsoft.Data.SqlClient.TdsParser.ThrowExceptionAndWarning(TdsParserStateObject stateObj, SqlCommand command, Boolean callerHasConnectionLock, Boolean asyncClose)
   at Microsoft.Data.SqlClient.TdsParser.TryRun(RunBehavior runBehavior, SqlCommand cmdHandler, SqlDataReader dataStream, BulkCopySimpleResultSet bulkCopyHandler, TdsParserStateObject stateObj, Boolean& dataReady)
   at Microsoft.Data.SqlClient.SqlDataReader.TryConsumeMetaData()
   at Microsoft.Data.SqlClient.SqlDataReader.get_MetaData()
   at Microsoft.Data.SqlClient.SqlCommand.FinishExecuteReader(SqlDataReader ds, RunBehavior runBehavior, String resetOptionsString, Boolean isInternal, Boolean forDescribeParameterEncryption, Boolean shouldCacheForAlwaysEncrypted)
   at Microsoft.Data.SqlClient.SqlCommand.RunExecuteReaderTds(CommandBehavior cmdBehavior, RunBehavior runBehavior, Boolean returnStream, Boolean isAsync, Int32 timeout, Task& task, Boolean asyncWrite, Boolean inRetry, SqlDataReader ds, Boolean describeParameterEncryptionRequest)
   at Microsoft.Data.SqlClient.SqlCommand.RunExecuteReader(CommandBehavior cmdBehavior, RunBehavior runBehavior, Boolean returnStream, TaskCompletionSource`1 completion, Int32 timeout, Task& task, Boolean& usedCache, Boolean asyncWrite, Boolean inRetry, String method)
   at Microsoft.Data.SqlClient.SqlCommand.RunExecuteReader(CommandBehavior cmdBehavior, RunBehavior runBehavior, Boolean returnStream, String method)
   at Microsoft.Data.SqlClient.SqlCommand.ExecuteReader(CommandBehavior behavior)
   at Microsoft.Data.SqlClient.SqlCommand.ExecuteDbDataReader(CommandBehavior behavior)
   at Microsoft.EntityFrameworkCore.Storage.RelationalCommand.ExecuteReader(RelationalCommandParameterObject parameterObject)
   at Microsoft.EntityFrameworkCore.Query.Internal.FromSqlQueryingEnumerable`1.Enumerator.InitializeReader(Enumerator enumerator)
   at Microsoft.EntityFrameworkCore.Query.Internal.FromSqlQueryingEnumerable`1.Enumerator.<>c.<MoveNext>b__21_0(DbContext _, Enumerator enumerator)
   at Microsoft.EntityFrameworkCore.SqlServer.Storage.Internal.SqlServerExecutionStrategy.Execute[TState,TResult](TState state, Func`3 operation, Func`3 verifySucceeded)
   at Microsoft.EntityFrameworkCore.Query.Internal.FromSqlQueryingEnumerable`1.Enumerator.MoveNext()
ClientConnectionId:057e1a1c-1aa0-43ee-ba45-221ac049045e
Error Number:2812,State:62,Class:16
Microsoft.Data.SqlClient.SqlException (0x80131904): Could not find stored procedure 'sp_GetUsersById'.
   at Microsoft.Data.SqlClient.SqlConnection.OnError(SqlException exception, Boolean breakConnection, Action`1 wrapCloseInAction)
   at Microsoft.Data.SqlClient.SqlInternalConnection.OnError(SqlException exception, Boolean breakConnection, Action`1 wrapCloseInAction)
   at Microsoft.Data.SqlClient.TdsParser.ThrowExceptionAndWarning(TdsParserStateObject stateObj, SqlCommand command, Boolean callerHasConnectionLock, Boolean asyncClose)
   at Microsoft.Data.SqlClient.TdsParser.TryRun(RunBehavior runBehavior, SqlCommand cmdHandler, SqlDataReader dataStream, BulkCopySimpleResultSet bulkCopyHandler, TdsParserStateObject stateObj, Boolean& dataReady)
   at Microsoft.Data.SqlClient.SqlDataReader.TryConsumeMetaData()
   at Microsoft.Data.SqlClient.SqlDataReader.get_MetaData()
   at Microsoft.Data.SqlClient.SqlCommand.FinishExecuteReader(SqlDataReader ds, RunBehavior runBehavior, String resetOptionsString, Boolean isInternal, Boolean forDescribeParameterEncryption, Boolean shouldCacheForAlwaysEncrypted)
   at Microsoft.Data.SqlClient.SqlCommand.RunExecuteReaderTds(CommandBehavior cmdBehavior, RunBehavior runBehavior, Boolean returnStream, Boolean isAsync, Int32 timeout, Task& task, Boolean asyncWrite, Boolean inRetry, SqlDataReader ds, Boolean describeParameterEncryptionRequest)
   at Microsoft.Data.SqlClient.SqlCommand.RunExecuteReader(CommandBehavior cmdBehavior, RunBehavior runBehavior, Boolean returnStream, TaskCompletionSource`1 completion, Int32 timeout, Task& task, Boolean& usedCache, Boolean asyncWrite, Boolean inRetry, String method)
   at Microsoft.Data.SqlClient.SqlCommand.RunExecuteReader(CommandBehavior cmdBehavior, RunBehavior runBehavior, Boolean returnStream, String method)
   at Microsoft.Data.SqlClient.SqlCommand.ExecuteReader(CommandBehavior behavior)
   at Microsoft.Data.SqlClient.SqlCommand.ExecuteDbDataReader(CommandBehavior behavior)
   at Microsoft.EntityFrameworkCore.Storage.RelationalCommand.ExecuteReader(RelationalCommandParameterObject parameterObject)
   at Microsoft.EntityFrameworkCore.Query.Internal.FromSqlQueryingEnumerable`1.Enumerator.InitializeReader(Enumerator enumerator)
   at Microsoft.EntityFrameworkCore.Query.Internal.FromSqlQueryingEnumerable`1.Enumerator.<>c.<MoveNext>b__21_0(DbContext _, Enumerator enumerator)
   at Microsoft.EntityFrameworkCore.SqlServer.Storage.Internal.SqlServerExecutionStrategy.Execute[TState,TResult](TState state, Func`3 operation, Func`3 verifySucceeded)
   at Microsoft.EntityFrameworkCore.Query.Internal.FromSqlQueryingEnumerable`1.Enumerator.MoveNext()
ClientConnectionId:057e1a1c-1aa0-43ee-ba45-221ac049045e
Error Number:2812,State:62,Class:16
2025-09-18 23:05:21.153 +06:00 [INF] Application Starting......
2025-09-18 23:05:22.466 +06:00 [INF] Start installing Hangfire SQL objects...
2025-09-18 23:05:22.829 +06:00 [INF] Hangfire SQL objects installed.
2025-09-18 23:05:23.210 +06:00 [INF] Starting Hangfire Server using job storage: 'SQL Server: DESKTOP-C1PAIKG\SQLEXPRESS01@UserManagementSystem'
2025-09-18 23:05:23.210 +06:00 [INF] Using the following options for SQL Server job storage: Queue poll interval: 00:00:00.
2025-09-18 23:05:23.211 +06:00 [INF] Using the following options for Hangfire Server:
    Worker count: 20
    Listening queues: 'default'
    Shutdown timeout: 00:00:15
    Schedule polling interval: 00:00:15
2025-09-18 23:05:23.252 +06:00 [DBG] Execution loop BackgroundServerProcess:d3d798a5 has started in 36.3794 ms
2025-09-18 23:05:23.442 +06:00 [INF] Server desktop-c1paikg:3652:0b3f8c64 successfully announced in 188.0064 ms
2025-09-18 23:05:23.466 +06:00 [DBG] Execution loop ServerHeartbeatProcess:ebc68e01 has started in 17.6857 ms
2025-09-18 23:05:23.480 +06:00 [INF] Server desktop-c1paikg:3652:0b3f8c64 is starting the registered dispatchers: ServerWatchdog, ServerJobCancellationWatcher, SqlServerHeartbeatProcess, ExpirationManager, CountersAggregator, Worker, DelayedJobScheduler, RecurringJobScheduler...
2025-09-18 23:05:23.491 +06:00 [DBG] Execution loop ServerJobCancellationWatcher:5a3a14fd has started in 9.5933 ms
2025-09-18 23:05:23.491 +06:00 [DBG] Execution loop ServerWatchdog:0061eb4f has started in 10.6291 ms
2025-09-18 23:05:23.497 +06:00 [DBG] Execution loop SqlServerHeartbeatProcess:6e68608e has started in 6.2211 ms
2025-09-18 23:05:23.506 +06:00 [DBG] Execution loop ExpirationManager:c85d8c76 has started in 8.8679 ms
2025-09-18 23:05:23.532 +06:00 [DBG] Execution loop CountersAggregator:beabb1b0 has started in 30.4656 ms
2025-09-18 23:05:23.532 +06:00 [DBG] Aggregating records in 'Counter' table...
2025-09-18 23:05:23.537 +06:00 [DBG] Execution loop Worker:98610ea4 has started in 5.7933 ms
2025-09-18 23:05:23.538 +06:00 [DBG] Removing outdated records from the 'AggregatedCounter' table...
2025-09-18 23:05:23.552 +06:00 [DBG] Execution loop Worker:63c00eac has started in 20.2759 ms
2025-09-18 23:05:23.552 +06:00 [DBG] Execution loop Worker:1ae447c4 has started in 20.2795 ms
2025-09-18 23:05:23.558 +06:00 [DBG] Execution loop Worker:d0367149 has started in 26.6311 ms
2025-09-18 23:05:23.564 +06:00 [DBG] Execution loop Worker:571efedc has started in 32.5673 ms
2025-09-18 23:05:23.579 +06:00 [DBG] Execution loop Worker:fe234ce9 has started in 47.6094 ms
2025-09-18 23:05:23.604 +06:00 [DBG] Execution loop Worker:11087fec has started in 72.5188 ms
2025-09-18 23:05:23.613 +06:00 [DBG] Execution loop Worker:ea27fddf has started in 81.5552 ms
2025-09-18 23:05:23.643 +06:00 [DBG] Removing outdated records from the 'Job' table...
2025-09-18 23:05:23.643 +06:00 [DBG] Execution loop Worker:a3fcf2be has started in 111.4569 ms
2025-09-18 23:05:23.650 +06:00 [DBG] Execution loop Worker:5d048ec1 has started in 118.0635 ms
2025-09-18 23:05:23.689 +06:00 [DBG] Execution loop Worker:80675b90 has started in 157.4753 ms
2025-09-18 23:05:23.690 +06:00 [DBG] Removing outdated records from the 'List' table...
2025-09-18 23:05:23.696 +06:00 [DBG] Execution loop Worker:2bbed2d4 has started in 164.9244 ms
2025-09-18 23:05:23.735 +06:00 [DBG] Execution loop Worker:16d99a8c has started in 203.9614 ms
2025-09-18 23:05:23.736 +06:00 [DBG] Removing outdated records from the 'Set' table...
2025-09-18 23:05:23.741 +06:00 [DBG] Execution loop Worker:57a5e8ba has started in 209.4428 ms
2025-09-18 23:05:23.767 +06:00 [DBG] Execution loop Worker:b9a02b31 has started in 235.8227 ms
2025-09-18 23:05:23.798 +06:00 [DBG] Removing outdated records from the 'Hash' table...
2025-09-18 23:05:23.798 +06:00 [DBG] Execution loop Worker:394be5a4 has started in 266.9476 ms
2025-09-18 23:05:23.798 +06:00 [DBG] Execution loop Worker:91a03e14 has started in 266.9684 ms
2025-09-18 23:05:23.831 +06:00 [DBG] Execution loop Worker:7d13fe1a has started in 299.3414 ms
2025-09-18 23:05:23.831 +06:00 [DBG] Execution loop Worker:618cb3c8 has started in 299.5321 ms
2025-09-18 23:05:23.835 +06:00 [DBG] Execution loop Worker:3ca593d0 has started in 303.5307 ms
2025-09-18 23:05:23.863 +06:00 [DBG] Execution loop DelayedJobScheduler:b71bc93d has started in 31.7651 ms
2025-09-18 23:05:23.864 +06:00 [INF] Server desktop-c1paikg:3652:0b3f8c64 all the dispatchers started
2025-09-18 23:05:23.867 +06:00 [DBG] Execution loop RecurringJobScheduler:453cabb5 has started in 3.3861 ms
2025-09-18 23:05:31.935 +06:00 [WRN] You do not have a valid license key for the Lucky Penny software MediatR. This is allowed for development and testing scenarios. If you are running in production you are required to have a licensed version. Please visit https://luckypennysoftware.com to obtain a valid license.
2025-09-18 23:05:32.753 +06:00 [INF] User fetched successfully
2025-09-18 23:09:09.952 +06:00 [INF] Application Starting......
2025-09-18 23:09:11.278 +06:00 [INF] Start installing Hangfire SQL objects...
2025-09-18 23:09:11.662 +06:00 [INF] Hangfire SQL objects installed.
2025-09-18 23:09:11.994 +06:00 [INF] Starting Hangfire Server using job storage: 'SQL Server: DESKTOP-C1PAIKG\SQLEXPRESS01@UserManagementSystem'
2025-09-18 23:09:11.995 +06:00 [INF] Using the following options for SQL Server job storage: Queue poll interval: 00:00:00.
2025-09-18 23:09:11.995 +06:00 [INF] Using the following options for Hangfire Server:
    Worker count: 20
    Listening queues: 'default'
    Shutdown timeout: 00:00:15
    Schedule polling interval: 00:00:15
2025-09-18 23:09:12.010 +06:00 [DBG] Execution loop BackgroundServerProcess:389aebc7 has started in 4.8205 ms
2025-09-18 23:09:12.296 +06:00 [INF] Server desktop-c1paikg:4752:903ba17c successfully announced in 283.2862 ms
2025-09-18 23:09:12.302 +06:00 [DBG] Execution loop ServerHeartbeatProcess:17030362 has started in 4.5777 ms
2025-09-18 23:09:12.302 +06:00 [INF] Server desktop-c1paikg:4752:903ba17c is starting the registered dispatchers: ServerWatchdog, ServerJobCancellationWatcher, SqlServerHeartbeatProcess, ExpirationManager, CountersAggregator, Worker, DelayedJobScheduler, RecurringJobScheduler...
2025-09-18 23:09:12.310 +06:00 [DBG] Execution loop ServerWatchdog:7231d47c has started in 7.7319 ms
2025-09-18 23:09:12.340 +06:00 [DBG] Execution loop ServerJobCancellationWatcher:f969a9aa has started in 37.1199 ms
2025-09-18 23:09:12.373 +06:00 [DBG] Execution loop SqlServerHeartbeatProcess:a871c772 has started in 33.8125 ms
2025-09-18 23:09:12.418 +06:00 [DBG] Execution loop ExpirationManager:a3a13ea2 has started in 46.0927 ms
2025-09-18 23:09:12.418 +06:00 [INF] 1 servers were removed due to timeout
2025-09-18 23:09:12.449 +06:00 [DBG] Execution loop CountersAggregator:d240c8d1 has started in 30.6578 ms
2025-09-18 23:09:12.449 +06:00 [DBG] Aggregating records in 'Counter' table...
2025-09-18 23:09:12.452 +06:00 [DBG] Execution loop Worker:caf4bf14 has started in 33.3538 ms
2025-09-18 23:09:12.455 +06:00 [DBG] Execution loop Worker:a678bcb2 has started in 36.6279 ms
2025-09-18 23:09:12.457 +06:00 [DBG] Removing outdated records from the 'AggregatedCounter' table...
2025-09-18 23:09:12.497 +06:00 [DBG] Execution loop Worker:72a41e33 has started in 77.9494 ms
2025-09-18 23:09:12.497 +06:00 [DBG] Execution loop Worker:f51e5210 has started in 78.1255 ms
2025-09-18 23:09:12.505 +06:00 [DBG] Execution loop Worker:05a285fa has started in 84.4381 ms
2025-09-18 23:09:12.508 +06:00 [DBG] Execution loop Worker:f3d03b11 has started in 89.4342 ms
2025-09-18 23:09:12.512 +06:00 [DBG] Execution loop Worker:f643599f has started in 93.3727 ms
2025-09-18 23:09:12.544 +06:00 [DBG] Execution loop Worker:84ce3dc2 has started in 125.5856 ms
2025-09-18 23:09:12.557 +06:00 [DBG] Execution loop Worker:b7f2339a has started in 138.456 ms
2025-09-18 23:09:12.564 +06:00 [DBG] Execution loop Worker:79abeaaf has started in 145.7448 ms
2025-09-18 23:09:12.606 +06:00 [DBG] Execution loop Worker:b552ffe4 has started in 187.1517 ms
2025-09-18 23:09:12.606 +06:00 [DBG] Removing outdated records from the 'Job' table...
2025-09-18 23:09:12.606 +06:00 [DBG] Execution loop Worker:f2ca0868 has started in 187.7553 ms
2025-09-18 23:09:12.612 +06:00 [DBG] Execution loop Worker:eb2fd447 has started in 193.2654 ms
2025-09-18 23:09:12.618 +06:00 [DBG] Execution loop Worker:eeb0bf3b has started in 198.9924 ms
2025-09-18 23:09:12.621 +06:00 [DBG] Removing outdated records from the 'List' table...
2025-09-18 23:09:12.628 +06:00 [DBG] Execution loop Worker:0ffaf476 has started in 209.5374 ms
2025-09-18 23:09:12.632 +06:00 [DBG] Execution loop Worker:939f03cd has started in 213.16 ms
2025-09-18 23:09:12.632 +06:00 [DBG] Removing outdated records from the 'Set' table...
2025-09-18 23:09:12.643 +06:00 [DBG] Execution loop Worker:ae8d1b65 has started in 224.8662 ms
2025-09-18 23:09:12.651 +06:00 [DBG] Execution loop Worker:d756e5a1 has started in 231.9264 ms
2025-09-18 23:09:12.652 +06:00 [DBG] Removing outdated records from the 'Hash' table...
2025-09-18 23:09:12.685 +06:00 [DBG] Execution loop Worker:35648556 has started in 266.3748 ms
2025-09-18 23:09:12.685 +06:00 [DBG] Execution loop Worker:b77f5273 has started in 266.7498 ms
2025-09-18 23:09:12.691 +06:00 [DBG] Execution loop DelayedJobScheduler:d217e55b has started in 6.4963 ms
2025-09-18 23:09:12.701 +06:00 [INF] Server desktop-c1paikg:4752:903ba17c all the dispatchers started
2025-09-18 23:09:12.701 +06:00 [DBG] Execution loop RecurringJobScheduler:efe0e5b2 has started in 10.1622 ms
2025-09-18 23:09:42.459 +06:00 [DBG] Server desktop-c1paikg:4752:903ba17c heartbeat successfully sent
2025-09-18 23:10:12.470 +06:00 [DBG] Server desktop-c1paikg:4752:903ba17c heartbeat successfully sent
2025-09-18 23:10:12.616 +06:00 [WRN] You do not have a valid license key for the Lucky Penny software MediatR. This is allowed for development and testing scenarios. If you are running in production you are required to have a licensed version. Please visit https://luckypennysoftware.com to obtain a valid license.
2025-09-18 23:10:13.377 +06:00 [INF] User updated successfully
2025-09-18 23:12:16.247 +06:00 [INF] Application Starting......
2025-09-18 23:12:17.444 +06:00 [INF] Start installing Hangfire SQL objects...
2025-09-18 23:12:17.812 +06:00 [INF] Hangfire SQL objects installed.
2025-09-18 23:12:18.125 +06:00 [INF] Starting Hangfire Server using job storage: 'SQL Server: DESKTOP-C1PAIKG\SQLEXPRESS01@UserManagementSystem'
2025-09-18 23:12:18.125 +06:00 [INF] Using the following options for SQL Server job storage: Queue poll interval: 00:00:00.
2025-09-18 23:12:18.125 +06:00 [INF] Using the following options for Hangfire Server:
    Worker count: 20
    Listening queues: 'default'
    Shutdown timeout: 00:00:15
    Schedule polling interval: 00:00:15
2025-09-18 23:12:18.140 +06:00 [DBG] Execution loop BackgroundServerProcess:7516e241 has started in 9.4852 ms
2025-09-18 23:12:18.237 +06:00 [INF] Server desktop-c1paikg:24832:6aaa4862 successfully announced in 95.4679 ms
2025-09-18 23:12:18.241 +06:00 [DBG] Execution loop ServerHeartbeatProcess:e06f35fe has started in 3.4354 ms
2025-09-18 23:12:18.241 +06:00 [INF] Server desktop-c1paikg:24832:6aaa4862 is starting the registered dispatchers: ServerWatchdog, ServerJobCancellationWatcher, SqlServerHeartbeatProcess, ExpirationManager, CountersAggregator, Worker, DelayedJobScheduler, RecurringJobScheduler...
2025-09-18 23:12:18.244 +06:00 [DBG] Execution loop ServerWatchdog:64b59109 has started in 2.602 ms
2025-09-18 23:12:18.282 +06:00 [DBG] Execution loop ServerJobCancellationWatcher:216427eb has started in 40.1375 ms
2025-09-18 23:12:18.282 +06:00 [DBG] Execution loop ExpirationManager:522c894b has started in 35.3783 ms
2025-09-18 23:12:18.282 +06:00 [DBG] Execution loop SqlServerHeartbeatProcess:946fbd0b has started in 37.6583 ms
2025-09-18 23:12:18.313 +06:00 [DBG] Execution loop CountersAggregator:0caf79be has started in 30.8813 ms
2025-09-18 23:12:18.344 +06:00 [DBG] Execution loop Worker:5de5f3e0 has started in 62.1779 ms
2025-09-18 23:12:18.344 +06:00 [DBG] Execution loop Worker:95725c00 has started in 62.1761 ms
2025-09-18 23:12:18.347 +06:00 [DBG] Execution loop Worker:b970ffed has started in 65.1778 ms
2025-09-18 23:12:18.350 +06:00 [DBG] Aggregating records in 'Counter' table...
2025-09-18 23:12:18.350 +06:00 [DBG] Execution loop Worker:2f36132c has started in 68.1764 ms
2025-09-18 23:12:18.391 +06:00 [DBG] Removing outdated records from the 'AggregatedCounter' table...
2025-09-18 23:12:18.391 +06:00 [DBG] Execution loop Worker:2bb3b769 has started in 109.1632 ms
2025-09-18 23:12:18.391 +06:00 [DBG] Execution loop Worker:dcbdf076 has started in 109.1772 ms
2025-09-18 23:12:18.391 +06:00 [DBG] Execution loop Worker:7ba33c1c has started in 109.3791 ms
2025-09-18 23:12:18.394 +06:00 [DBG] Execution loop Worker:cb5a7ce0 has started in 112.2718 ms
2025-09-18 23:12:18.398 +06:00 [DBG] Execution loop Worker:7da3e9fc has started in 114.8433 ms
2025-09-18 23:12:18.422 +06:00 [DBG] Execution loop Worker:c0c3b35a has started in 140.321 ms
2025-09-18 23:12:18.425 +06:00 [DBG] Execution loop Worker:6a4d2f30 has started in 143.3124 ms
2025-09-18 23:12:18.454 +06:00 [DBG] Execution loop Worker:6075ac21 has started in 171.7124 ms
2025-09-18 23:12:18.454 +06:00 [DBG] Execution loop Worker:c95e7163 has started in 171.8045 ms
2025-09-18 23:12:18.457 +06:00 [INF] 2 servers were removed due to timeout
2025-09-18 23:12:18.528 +06:00 [DBG] Execution loop Worker:623a4949 has started in 246.0175 ms
2025-09-18 23:12:18.528 +06:00 [DBG] Execution loop Worker:ddde4674 has started in 246.0173 ms
2025-09-18 23:12:18.538 +06:00 [DBG] Execution loop Worker:9a6badfd has started in 255.6246 ms
2025-09-18 23:12:18.545 +06:00 [DBG] Execution loop Worker:7baa01a4 has started in 263.054 ms
2025-09-18 23:12:18.551 +06:00 [DBG] Execution loop Worker:65f2416d has started in 269.3922 ms
2025-09-18 23:12:18.552 +06:00 [DBG] Removing outdated records from the 'Job' table...
2025-09-18 23:12:18.583 +06:00 [DBG] Execution loop Worker:3292ff33 has started in 300.9162 ms
2025-09-18 23:12:18.583 +06:00 [DBG] Execution loop Worker:0f00d1ff has started in 301.3646 ms
2025-09-18 23:12:18.590 +06:00 [DBG] Execution loop DelayedJobScheduler:b68f76e4 has started in 7.6209 ms
2025-09-18 23:12:18.593 +06:00 [INF] Server desktop-c1paikg:24832:6aaa4862 all the dispatchers started
2025-09-18 23:12:18.628 +06:00 [DBG] Execution loop RecurringJobScheduler:cedca802 has started in 38.514 ms
2025-09-18 23:12:18.629 +06:00 [DBG] Removing outdated records from the 'List' table...
2025-09-18 23:12:18.661 +06:00 [DBG] Removing outdated records from the 'Set' table...
2025-09-18 23:12:18.692 +06:00 [DBG] Removing outdated records from the 'Hash' table...
2025-09-18 23:12:48.456 +06:00 [DBG] Server desktop-c1paikg:24832:6aaa4862 heartbeat successfully sent
2025-09-18 23:12:54.112 +06:00 [WRN] You do not have a valid license key for the Lucky Penny software MediatR. This is allowed for development and testing scenarios. If you are running in production you are required to have a licensed version. Please visit https://luckypennysoftware.com to obtain a valid license.
2025-09-18 23:12:54.975 +06:00 [INF] User deleted successfully
